season_id,match_id,date,city,venue,floodlit,match_title,team1,team2,toss_winner,toss_decision,team1_score,team1_wickets,team1_overs,team2_score,team2_wickets,team2_overs,team1_captain,team2_captain,team1_players,team2_players,winner,result_type,win_margin,player_of_match,umpire1,umpire2,tv_umpire,reserve_umpire,match_referee
1,0,2012-02-10T00:00:00.000Z,Dhaka,"Shere Bangla National Stadium, Mirpur",day,1st Match,Sylhet Royals,Barisal Burners,Barisal Burners,Bowl,165.0,4.0,20.0,167.0,0.0,13.1,Peter Trego,Shahriar Nafees,"['Kamran Akmal', 'Imrul Kayes', 'Peter Trego', 'Alok Kapali', 'Scott Styris', 'Sohail Tanvir', 'Naeem Islam', 'Brad Hogg', 'Noor Hossain', 'Rubel Hossain', 'Shuvagata Hom']","['Ahmed Shehzad', 'Chris Gayle', 'Sohrawordi Shuvo', 'Mohammad Mithun', 'Nazmul Islam', 'Brad Hodge', 'Shane Harwood', 'Shahriar Nafees', 'Mominul Haque', 'Yasir Arafat', 'Farhad Hossain']",Barisal Burners,Wickets,10.0,Chris Gayle,Anisur Rahman,David Orchard,Sharfuddoula,Masudur Rahman,Raqibul Hasan
1,1,2012-02-10T00:00:00.000Z,Dhaka,"Shere Bangla National Stadium, Mirpur",night,2nd Match,Chittagong Kings,Duronto Rajshahi,Chittagong Kings,Bat,206.0,4.0,20.0,153.0,10.0,19.5,Mahmudullah,,"['Tamim Iqbal', 'Jahurul Islam', 'Nasir Jamshed', 'Jason Roy', 'Mahmudullah', 'Dwayne Bravo', 'Ziaur Rahman', 'Kyle Coetzer', 'Enamul Haque jnr', 'Muthiah Muralidaran', 'Arafat Sunny']","['Sean Ervine', 'Zunaed Siddique', 'Marlon Samuels', 'Abdul Razzaq', 'Mushfiqur Rahim', 'Qaiser Abbas', 'Sabbir Rahman', 'Asif Ahmed', 'Mohammad Sami', 'Syed Rasel', 'Saqlain Sajib']",Chittagong Kings,Runs,53.0,Dwayne Bravo,Jeremy Lloyds,Sharfuddoula,Anisur Rahman,Masudur Rahman,Mike Procter
1,2,2012-02-11T00:00:00.000Z,Dhaka,"Shere Bangla National Stadium, Mirpur",day,3rd Match,Khulna Royal Bengals,Dhaka Gladiators,Khulna Royal Bengals,Bat,175.0,5.0,20.0,156.0,7.0,20.0,Shakib Al Hasan,Mashrafe Mortaza,"['Shivnarine Chanderpaul', 'Herschelle Gibbs', 'Dwayne Smith', 'Shakib Al Hasan', 'Nazmul Hossain Milon', 'Andre Russell', 'Nasir Hossain', 'Abdur Razzak', 'Andre Adams', 'Shafiul Islam', 'Saghir Hossain']","['Imran Nazir', 'Nazimuddin', 'Azhar Mahmood', 'Mohammad Ashraful', 'Darren Stevens', 'Kieron Pollard', 'Naved-ul-Hasan', 'Mashrafe Mortaza', 'Anamul Haque', 'Mosharraf Hossain', 'Elias Sunny']",Khulna Royal Bengals,Runs,19.0,Andre Russell,Jeremy Lloyds,Sharfuddoula,Gazi Sohel,Tanvir Ahmed,Raqibul Hasan
1,3,2012-02-11T00:00:00.000Z,Dhaka,"Shere Bangla National Stadium, Mirpur",night,4th Match,Barisal Burners,Duronto Rajshahi,Barisal Burners,Bat,180.0,2.0,20.0,158.0,9.0,20.0,Shahriar Nafees,,"['Ahmed Shehzad', 'Chris Gayle', 'Shahriar Nafees', 'Brad Hodge', 'Nazmul Islam', 'Mohammad Mithun', 'Shane Harwood', 'Sohrawordi Shuvo', 'Mominul Haque', 'Yasir Arafat', 'Farhad Hossain']","['Mizanur Rahman', 'Zunaed Siddique', 'Marlon Samuels', 'Mushfiqur Rahim', 'Abdul Razzaq', 'Fawad Alam', 'Sabbir Rahman', 'Sean Ervine', 'Mohammad Sami', 'Syed Rasel', 'Saqlain Sajib']",Barisal Burners,Runs,22.0,Ahmed Shehzad,David Orchard,Gazi Sohel,Sharfuddoula,Tanvir Ahmed,Mike Procter
1,4,2012-02-12T00:00:00.000Z,Dhaka,"Shere Bangla National Stadium, Mirpur",day,5th Match,Khulna Royal Bengals,Chittagong Kings,Khulna Royal Bengals,Bat,171.0,3.0,20.0,174.0,4.0,19.1,Shakib Al Hasan,Mahmudullah,"['Shivnarine Chanderpaul', 'Herschelle Gibbs', 'Dwayne Smith', 'Andre Russell', 'Shakib Al Hasan', 'Nasir Hossain', 'Shafiul Islam', 'Abdur Razzak', 'Saghir Hossain', 'Nazmul Hossain Milon', 'Andre Adams']","['Nasir Jamshed', 'Jahurul Islam', 'Jason Roy', 'Mahmudullah', 'Dwayne Bravo', 'Faisal Hossain', 'Kevon Cooper', 'Ziaur Rahman', 'Arafat Sunny', 'Enamul Haque jnr', 'Muthiah Muralidaran']",Chittagong Kings,Wickets,6.0,Nasir Jamshed,David Orchard,Enamul Haque,Sharfuddoula,Masudur Rahman,Raqibul Hasan
1,5,2012-02-12T00:00:00.000Z,Dhaka,"Shere Bangla National Stadium, Mirpur",night,6th Match,Sylhet Royals,Dhaka Gladiators,Sylhet Royals,Bat,124.0,10.0,19.5,126.0,3.0,18.2,Peter Trego,Mashrafe Mortaza,"['Imrul Kayes', 'Kamran Akmal', 'Peter Trego', 'Alok Kapali', 'Shuvagata Hom', 'Naeem Islam', 'Nadif Chowdhury', 'Brad Hogg', 'Sohail Tanvir', 'Gary Keedy', 'Nabil Samad']","['Imran Nazir', 'Azhar Mahmood', 'Anamul Haque', 'Mohammad Ashraful', 'Darren Stevens', 'Kieron Pollard', 'Naved-ul-Hasan', 'Aftab Ahmed', 'Elias Sunny', 'Mashrafe Mortaza', 'Mosharraf Hossain']",Dhaka Gladiators,Wickets,7.0,Anamul Haque,Jeremy Lloyds,Sharfuddoula,Enamul Haque,Masudur Rahman,Raqibul Hasan
1,6,2012-02-13T00:00:00.000Z,Dhaka,"Shere Bangla National Stadium, Mirpur",day,7th Match,Barisal Burners,Khulna Royal Bengals,Khulna Royal Bengals,Bowl,125.0,10.0,20.0,131.0,3.0,17.2,Shahriar Nafees,Shakib Al Hasan,"['Ahmed Shehzad', 'Chris Gayle', 'Brad Hodge', 'Phil Mustard', 'Shahriar Nafees', 'Mohammad Mithun', 'Yasir Arafat', 'Mominul Haque', 'Sohrawordi Shuvo', 'Nazmul Islam', 'Al-Amin Hossain']","['Shivnarine Chanderpaul', 'Herschelle Gibbs', 'Dwayne Smith', 'Sanath Jayasuriya', 'Shakib Al Hasan', 'Andre Russell', 'Nasir Hossain', 'Saghir Hossain', 'Abdur Razzak', 'Shafiul Islam', 'Shahadat Hossain']",Khulna Royal Bengals,Wickets,7.0,Dwayne Smith,Enamul Haque,Jeremy Lloyds,Sharfuddoula,Tanvir Ahmed,Mike Procter
1,7,2012-02-13T00:00:00.000Z,Dhaka,"Shere Bangla National Stadium, Mirpur",night,8th Match,Chittagong Kings,Dhaka Gladiators,Chittagong Kings,Bat,153.0,6.0,20.0,156.0,4.0,19.0,Mahmudullah,Mashrafe Mortaza,"['Nasir Jamshed', 'Jahurul Islam', 'Jason Roy', 'Mahmudullah', 'Faisal Hossain', 'Dwayne Bravo', 'Ziaur Rahman', 'Kevon Cooper', 'Arafat Sunny', 'Enamul Haque jnr', 'Muthiah Muralidaran']","['Imran Nazir', 'Azhar Mahmood', 'Anamul Haque', 'Mohammad Ashraful', 'Darren Stevens', 'Kieron Pollard', 'Naved-ul-Hasan', 'Aftab Ahmed', 'Elias Sunny', 'Mashrafe Mortaza', 'Mosharraf Hossain']",Dhaka Gladiators,Wickets,6.0,Kieron Pollard,David Orchard,Sharfuddoula,Enamul Haque,Tanvir Ahmed,Mike Procter
1,8,2012-02-14T00:00:00.000Z,Dhaka,"Shere Bangla National Stadium, Mirpur",day,9th Match,Duronto Rajshahi,Sylhet Royals,Duronto Rajshahi,Bat,171.0,8.0,20.0,155.0,4.0,20.0,,Peter Trego,"['Mizanur Rahman', 'Zunaed Siddique', 'Marlon Samuels', 'Mushfiqur Rahim', 'Abdul Razzaq', 'Sabbir Rahman', 'Qaiser Abbas', 'Mohammad Sami', 'Fawad Alam', 'Syed Rasel', 'Saqlain Sajib']","['Kamran Akmal', 'Imrul Kayes', 'Peter Trego', 'Alok Kapali', 'Sohail Tanvir', 'Naeem Islam', 'Nabil Samad', 'Shuvagata Hom', 'Faisal Iqbal', 'Nadif Chowdhury', 'Brad Hogg']",Duronto Rajshahi,Runs,16.0,Marlon Samuels,David Orchard,Enamul Haque,Sharfuddoula,Mahfuzur Rahman,Raqibul Hasan
1,9,2012-02-14T00:00:00.000Z,Dhaka,"Shere Bangla National Stadium, Mirpur",night,10th Match,Dhaka Gladiators,Barisal Burners,Barisal Burners,Bowl,208.0,5.0,20.0,187.0,5.0,20.0,Mashrafe Mortaza,Shahriar Nafees,"['Imran Nazir', 'Anamul Haque', 'Mohammad Ashraful', 'Azhar Mahmood', 'Kieron Pollard', 'Darren Stevens', 'Aftab Ahmed', 'Naved-ul-Hasan', 'Mosharraf Hossain', 'Elias Sunny', 'Mashrafe Mortaza']","['Ahmed Shehzad', 'Chris Gayle', 'Mominul Haque', 'Brad Hodge', 'Mohammad Mithun', 'Kabir Ali', 'Shahriar Nafees', 'Sohrawordi Shuvo', 'Nazmul Islam', 'Yasir Arafat', 'Alauddin Babu']",Dhaka Gladiators,Runs,21.0,Azhar Mahmood,Jeremy Lloyds,Sharfuddoula,Enamul Haque,Mahfuzur Rahman,Raqibul Hasan
1,10,2012-02-15T00:00:00.000Z,Dhaka,"Shere Bangla National Stadium, Mirpur",day,11th Match,Sylhet Royals,Chittagong Kings,Sylhet Royals,Bat,152.0,4.0,20.0,154.0,3.0,17.3,Peter Trego,Mahmudullah,"['Kamran Akmal', 'Imrul Kayes', 'Peter Trego', 'Alok Kapali', 'Scott Styris', 'Shuvagata Hom', 'Sohail Tanvir', 'Brad Hogg', 'Abul Hasan', 'Nabil Samad', 'Naeem Islam']","['Nasir Jamshed', 'Jahurul Islam', 'Jason Roy', 'Ziaur Rahman', 'Mahmudullah', 'Kevon Cooper', 'Farhad Reza', 'Dwayne Bravo', 'Arafat Sunny', 'Enamul Haque jnr', 'Muthiah Muralidaran']",Chittagong Kings,Wickets,7.0,Mahmudullah,Enamul Haque,Jeremy Lloyds,Masudur Rahman,Anisur Rahman,Mike Procter
1,11,2012-02-15T00:00:00.000Z,Dhaka,"Shere Bangla National Stadium, Mirpur",night,12th Match,Khulna Royal Bengals,Duronto Rajshahi,Khulna Royal Bengals,Bat,145.0,7.0,20.0,146.0,4.0,19.1,Shakib Al Hasan,,"['Shivnarine Chanderpaul', 'Herschelle Gibbs', 'Sanath Jayasuriya', 'Dwayne Smith', 'Shakib Al Hasan', 'Nasir Hossain', 'Andre Russell', 'Nazmul Hossain Milon', 'Abdur Razzak', 'Saghir Hossain', 'Shafiul Islam']","['Shahzaib Hasan', 'Zunaed Siddique', 'Marlon Samuels', 'Fawad Alam', 'Mushfiqur Rahim', 'Abdul Razzaq', 'Sabbir Rahman', 'Ariful Haque', 'Mohammad Sami', 'Muktar Ali', 'Saqlain Sajib']",Duronto Rajshahi,Wickets,6.0,Mushfiqur Rahim,David Orchard,Masudur Rahman,Enamul Haque,Anisur Rahman,Mike Procter
1,12,2012-02-16T00:00:00.000Z,Dhaka,"Shere Bangla National Stadium, Mirpur",day,13th Match,Barisal Burners,Chittagong Kings,Chittagong Kings,Bowl,125.0,6.0,20.0,126.0,2.0,12.4,Shahriar Nafees,Mahmudullah,"['Ahmed Shehzad', 'Chris Gayle', 'Mohammad Mithun', 'Brad Hodge', 'Mominul Haque', 'Alauddin Babu', 'Shahriar Nafees', 'Yasir Arafat', 'Kabir Ali', 'Sohag Gazi', 'Nazmul Islam']","['Nasir Jamshed', 'Jahurul Islam', 'Kevon Cooper', 'Arafat Sunny', 'Mahmudullah', 'Jason Roy', 'Farhad Reza', 'Dwayne Bravo', 'Ziaur Rahman', 'Enamul Haque jnr', 'Muthiah Muralidaran']",Chittagong Kings,Wickets,8.0,Nasir Jamshed,David Orchard,Enamul Haque,Sharfuddoula,Mahfuzur Rahman,Raqibul Hasan
1,13,2012-02-16T00:00:00.000Z,Dhaka,"Shere Bangla National Stadium, Mirpur",night,14th Match,Duronto Rajshahi,Dhaka Gladiators,Dhaka Gladiators,Bowl,144.0,9.0,20.0,130.0,7.0,20.0,,Mohammad Ashraful,"['Shahzaib Hasan', 'Zunaed Siddique', 'Marlon Samuels', 'Khalid Latif', 'Mushfiqur Rahim', 'Abdul Razzaq', 'Sabbir Rahman', 'Muktar Ali', 'Mohammad Sami', 'Monir Hossain', 'Saqlain Sajib']","['Imran Nazir', 'Anamul Haque', 'Mohammad Ashraful', 'Alexei Kervezee', 'Kieron Pollard', 'Darren Stevens', 'Aftab Ahmed', 'Naved-ul-Hasan', 'Elias Sunny', 'Nazmul Hossain', 'Mosharraf Hossain']",Duronto Rajshahi,Runs,14.0,Marlon Samuels,Jeremy Lloyds,Sharfuddoula,Enamul Haque,Mahfuzur Rahman,Raqibul Hasan
1,14,2012-02-18T00:00:00.000Z,Chattogram,"Zahur Ahmed Chowdhury Stadium, Chittagong",day,15th Match,Khulna Royal Bengals,Sylhet Royals,Sylhet Royals,Bowl,171.0,6.0,20.0,169.0,8.0,20.0,Shakib Al Hasan,Peter Trego,"['Shivnarine Chanderpaul', 'Herschelle Gibbs', 'Dwayne Smith', 'Sanath Jayasuriya', 'Shakib Al Hasan', 'Nasir Hossain', 'Nazmul Hossain Milon', 'Andre Russell', 'Saghir Hossain', 'Abdur Razzak', 'Shafiul Islam']","['Kamran Akmal', 'Imrul Kayes', 'Alok Kapali', 'Scott Styris', 'Peter Trego', 'Shuvagata Hom', 'Sohail Tanvir', 'Naeem Islam', 'Brad Hogg', 'Talha Jubair', 'Nabil Samad']",Khulna Royal Bengals,Runs,2.0,Andre Russell,Enamul Haque,Jeremy Lloyds,Sharfuddoula,Anisur Rahman,Mike Procter
1,15,2012-02-18T00:00:00.000Z,Chattogram,"Zahur Ahmed Chowdhury Stadium, Chittagong",night,16th Match,Duronto Rajshahi,Chittagong Kings,Duronto Rajshahi,Bat,126.0,6.0,20.0,117.0,9.0,20.0,,Mahmudullah,"['Shahzaib Hasan', 'Zunaed Siddique', 'Khalid Latif', 'Marlon Samuels', 'Mushfiqur Rahim', 'Abdul Razzaq', 'Sabbir Rahman', 'Muktar Ali', 'Mohammad Sami', 'Monir Hossain', 'Saqlain Sajib']","['Nasir Jamshed', 'Jahurul Islam', 'Jason Roy', 'Ziaur Rahman', 'Mahmudullah', 'Shamsur Rahman', 'Dwayne Bravo', 'Farhad Reza', 'Kevon Cooper', 'Sunzamul Islam', 'Arafat Sunny']",Duronto Rajshahi,Runs,9.0,Saqlain Sajib,David Orchard,Sharfuddoula,Enamul Haque,Anisur Rahman,Mike Procter
1,16,2012-02-19T00:00:00.000Z,Chattogram,"Zahur Ahmed Chowdhury Stadium, Chittagong",day,17th Match,Dhaka Gladiators,Khulna Royal Bengals,Dhaka Gladiators,Bat,140.0,8.0,20.0,141.0,3.0,16.4,Mashrafe Mortaza,Shakib Al Hasan,"['Imran Nazir', 'Mohammad Ashraful', 'Azhar Mahmood', 'Darren Stevens', 'Kieron Pollard', 'Anamul Haque', 'Naved-ul-Hasan', 'Mashrafe Mortaza', 'Mehrab Hossain jnr', 'Elias Sunny', 'Mosharraf Hossain']","['Shivnarine Chanderpaul', 'Sanath Jayasuriya', 'Dwayne Smith', 'Shakib Al Hasan', 'Nazmul Hossain Milon', ""Niall O'Brien"", 'Andre Russell', 'Nasir Hossain', 'Abdur Razzak', 'Marshall Ayub', 'Shafiul Islam']",Khulna Royal Bengals,Wickets,7.0,Shivnarine Chanderpaul,David Orchard,Sharfuddoula,Enamul Haque,Gazi Sohel,Raqibul Hasan
1,17,2012-02-19T00:00:00.000Z,Chattogram,"Zahur Ahmed Chowdhury Stadium, Chittagong",night,18th Match,Sylhet Royals,Barisal Burners,Sylhet Royals,Bat,120.0,7.0,20.0,121.0,1.0,13.2,Alok Kapali,Brad Hodge,"['Kamran Akmal', 'Imrul Kayes', 'Tom Maynard', 'Alok Kapali', 'Raza Ali Dar', 'Shuvagata Hom', 'Sohail Tanvir', 'Naeem Islam', 'Brad Hogg', 'Abul Hasan', 'Nabil Samad']","['Ahmed Shehzad', 'Brad Hodge', 'Phil Mustard', 'Farhad Hossain', 'Mominul Haque', 'Sohrawordi Shuvo', 'Mohammad Mithun', 'Rameez Raja', 'Nazmul Islam', 'Yasir Arafat', 'Al-Amin Hossain']",Barisal Burners,Wickets,9.0,Brad Hodge,Enamul Haque,Jeremy Lloyds,Sharfuddoula,Gazi Sohel,Raqibul Hasan
1,18,2012-02-20T00:00:00.000Z,Chattogram,"Zahur Ahmed Chowdhury Stadium, Chittagong",day,19th Match,Barisal Burners,Duronto Rajshahi,Barisal Burners,Bat,192.0,3.0,20.0,193.0,1.0,17.1,Brad Hodge,,"['Ahmed Shehzad', 'Brad Hodge', 'Phil Mustard', 'Mohammad Mithun', 'Rameez Raja', 'Mominul Haque', 'Farhad Hossain', 'Nazmul Islam', 'Al-Amin Hossain', 'Sohrawordi Shuvo', 'Yasir Arafat']","['Shahzaib Hasan', 'Zunaed Siddique', 'Marlon Samuels', 'Mushfiqur Rahim', 'Sabbir Rahman', 'Saqlain Sajib', 'Muktar Ali', 'Abdul Razzaq', 'Mohammad Sami', 'Monir Hossain', 'Khalid Latif']",Duronto Rajshahi,Wickets,9.0,Zunaed Siddique,Enamul Haque,Jeremy Lloyds,Sharfuddoula,Anisur Rahman,Mike Procter
1,19,2012-02-20T00:00:00.000Z,Chattogram,"Zahur Ahmed Chowdhury Stadium, Chittagong",night,20th Match,Khulna Royal Bengals,Chittagong Kings,Chittagong Kings,Bowl,137.0,6.0,20.0,93.0,10.0,18.1,Shakib Al Hasan,Mahmudullah,"['Shivnarine Chanderpaul', 'Herschelle Gibbs', 'Dwayne Smith', 'Shakib Al Hasan', ""Niall O'Brien"", 'Nasir Hossain', 'Marshall Ayub', 'Andre Russell', 'Nazmul Hossain Milon', 'Abdur Razzak', 'Dolar Mahmud']","['Nasir Jamshed', 'Tamim Iqbal', 'Jason Roy', 'Jahurul Islam', 'Mahmudullah', 'Dwayne Bravo', 'Ziaur Rahman', 'Arafat Sunny', 'Kevon Cooper', 'Muthiah Muralidaran', 'Enamul Haque jnr']",Khulna Royal Bengals,Runs,44.0,Nasir Hossain,David Orchard,Sharfuddoula,Enamul Haque,Anisur Rahman,Mike Procter
1,20,2012-02-22T00:00:00.000Z,Chattogram,"Zahur Ahmed Chowdhury Stadium, Chittagong",day,21st Match,Sylhet Royals,Dhaka Gladiators,Dhaka Gladiators,Bowl,128.0,7.0,20.0,132.0,2.0,12.5,Imrul Kayes,Mashrafe Mortaza,"['Kamran Akmal', 'Imrul Kayes', 'Sohail Tanvir', 'Peter Trego', 'Scott Styris', 'Naeem Islam', 'Shuvagata Hom', 'Noor Hossain', 'Brad Hogg', 'Nadif Chowdhury', 'Nabil Samad']","['Imran Nazir', 'Mohammad Ashraful', 'Azhar Mahmood', 'Darren Stevens', 'Kieron Pollard', 'Mehrab Hossain jnr', 'Anamul Haque', 'Elias Sunny', 'Mashrafe Mortaza', 'Naved-ul-Hasan', 'Mosharraf Hossain']",Dhaka Gladiators,Wickets,8.0,Azhar Mahmood,David Orchard,Sharfuddoula,Enamul Haque,Gazi Sohel,Raqibul Hasan
1,21,2012-02-22T00:00:00.000Z,Chattogram,"Zahur Ahmed Chowdhury Stadium, Chittagong",night,22nd Match,Khulna Royal Bengals,Barisal Burners,Khulna Royal Bengals,Bat,161.0,7.0,20.0,162.0,6.0,19.3,Shakib Al Hasan,Brad Hodge,"['Shivnarine Chanderpaul', 'Herschelle Gibbs', 'Dwayne Smith', 'Shakib Al Hasan', 'Nasir Hossain', 'Andre Russell', ""Niall O'Brien"", 'Marshall Ayub', 'Nazmul Hossain Milon', 'Dolar Mahmud', 'Abdur Razzak']","['Ahmed Shehzad', 'Brad Hodge', 'Phil Mustard', 'Mohammad Mithun', 'Mominul Haque', 'Rameez Raja', 'Farhad Hossain', 'Kabir Ali', 'Sohrawordi Shuvo', 'Al-Amin Hossain', 'Nazmul Islam']",Barisal Burners,Wickets,4.0,Mominul Haque,Enamul Haque,Jeremy Lloyds,Sharfuddoula,Gazi Sohel,Mike Procter
1,22,2012-02-24T00:00:00.000Z,Dhaka,"Shere Bangla National Stadium, Mirpur",day,23rd Match,Chittagong Kings,Dhaka Gladiators,Dhaka Gladiators,Bowl,120.0,6.0,20.0,107.0,9.0,20.0,Mahmudullah,Mashrafe Mortaza,"['Nasir Jamshed', 'Jahurul Islam', 'Jason Roy', 'Dwayne Bravo', 'Mahmudullah', 'Shamsur Rahman', 'Ziaur Rahman', 'Kevon Cooper', 'Arafat Sunny', 'Sunzamul Islam', 'Enamul Haque jnr']","['Alexei Kervezee', 'Mohammad Ashraful', 'Azhar Mahmood', 'Darren Stevens', 'Mehrab Hossain jnr', 'Kieron Pollard', 'Anamul Haque', 'Dhiman Ghosh', 'Naved-ul-Hasan', 'Mashrafe Mortaza', 'Elias Sunny']",Chittagong Kings,Runs,13.0,Dwayne Bravo,David Orchard,Nadir Shah,Anisur Rahman,Mahfuzur Rahman,Raqibul Hasan
1,23,2012-02-24T00:00:00.000Z,Dhaka,"Shere Bangla National Stadium, Mirpur",night,24th Match,Duronto Rajshahi,Sylhet Royals,Sylhet Royals,Bowl,124.0,9.0,20.0,125.0,1.0,16.3,,Alok Kapali,"['Shahzaib Hasan', 'Zunaed Siddique', 'Marlon Samuels', 'Mushfiqur Rahim', 'Khalid Latif', 'Abdul Razzaq', 'Sabbir Rahman', 'Muktar Ali', 'Mohammad Sami', 'Monir Hossain', 'Saqlain Sajib']","['Kamran Akmal', 'Peter Trego', 'Tom Maynard', 'Scott Styris', 'Shuvagata Hom', 'Sohail Tanvir', 'Nadif Chowdhury', 'Nabil Samad', 'Noor Hossain', 'Alok Kapali', 'Abul Hasan']",Sylhet Royals,Wickets,9.0,Sohail Tanvir,Anisur Rahman,Jeremy Lloyds,Nadir Shah,Mahfuzur Rahman,Raqibul Hasan
1,24,2012-02-25T00:00:00.000Z,Dhaka,"Shere Bangla National Stadium, Mirpur",day,25th Match,Barisal Burners,Dhaka Gladiators,Dhaka Gladiators,Bowl,156.0,6.0,20.0,160.0,5.0,18.2,Brad Hodge,Mashrafe Mortaza,"['Brad Hodge', 'Ahmed Shehzad', 'Phil Mustard', 'Mohammad Mithun', 'Rameez Raja', 'Kabir Ali', 'Mominul Haque', 'Farhad Hossain', 'Nazmul Islam', 'Sohrawordi Shuvo', 'Al-Amin Hossain']","['Imran Nazir', 'Mohammad Ashraful', 'Aftab Ahmed', 'Azhar Mahmood', 'Darren Stevens', 'Kieron Pollard', 'Anamul Haque', 'Naved-ul-Hasan', 'Nazmul Hossain', 'Mashrafe Mortaza', 'Elias Sunny']",Dhaka Gladiators,Wickets,5.0,Imran Nazir,Jeremy Lloyds,Nadir Shah,Masudur Rahman,Tanvir Ahmed,Mike Procter
1,25,2012-02-25T00:00:00.000Z,Dhaka,"Shere Bangla National Stadium, Mirpur",night,26th Match,Sylhet Royals,Chittagong Kings,Chittagong Kings,Bowl,165.0,3.0,20.0,130.0,8.0,20.0,Alok Kapali,Mahmudullah,"['Kamran Akmal', 'Peter Trego', 'Tom Maynard', 'Scott Styris', 'Alok Kapali', 'Shuvagata Hom', 'Naeem Islam', 'Sohail Tanvir', 'Nabil Samad', 'Abul Hasan', 'Noor Hossain']","['Nasir Jamshed', 'Jahurul Islam', 'Jason Roy', 'Brendan Taylor', 'Dwayne Bravo', 'Mahmudullah', 'Ziaur Rahman', 'Farhad Reza', 'Kevon Cooper', 'Arafat Sunny', 'Enamul Haque jnr']",Sylhet Royals,Runs,35.0,Peter Trego,David Orchard,Masudur Rahman,Nadir Shah,Tanvir Ahmed,Mike Procter
1,26,2012-02-26T00:00:00.000Z,Dhaka,"Shere Bangla National Stadium, Mirpur",day,27th Match,Khulna Royal Bengals,Duronto Rajshahi,Khulna Royal Bengals,Bat,106.0,10.0,18.5,110.0,2.0,14.1,Shakib Al Hasan,,"['Herschelle Gibbs', 'Sanath Jayasuriya', ""Niall O'Brien"", 'Dwayne Smith', 'Shakib Al Hasan', 'Nasir Hossain', 'Nazmul Hossain Milon', 'Andre Adams', 'Saghir Hossain', 'Abdur Razzak', 'Shafiul Islam']","['Shahzaib Hasan', 'Zunaed Siddique', 'Marlon Samuels', 'Sean Ervine', 'Abdul Razzaq', 'Mushfiqur Rahim', 'Sabbir Rahman', 'Mohammad Sami', 'Saqlain Sajib', 'Monir Hossain', 'Taijul Islam']",Duronto Rajshahi,Wickets,8.0,Sean Ervine,David Orchard,Nadir Shah,Gazi Sohel,Mahfuzur Rahman,Raqibul Hasan
1,27,2012-02-26T00:00:00.000Z,Dhaka,"Shere Bangla National Stadium, Mirpur",night,28th Match,Chittagong Kings,Barisal Burners,Barisal Burners,Bowl,150.0,9.0,20.0,151.0,5.0,15.0,Mahmudullah,Brad Hodge,"['Jason Roy', 'Ziaur Rahman', 'Brendan Taylor', 'Nasir Jamshed', 'Dwayne Bravo', 'Mahmudullah', 'Jahurul Islam', 'Farhad Reza', 'Kevon Cooper', 'Arafat Sunny', 'Enamul Haque jnr']","['Ahmed Shehzad', 'Brad Hodge', 'Phil Mustard', 'Mohammad Mithun', 'Mominul Haque', 'Farhad Hossain', 'Yasir Arafat', 'Sohrawordi Shuvo', 'Nazmul Islam', 'Al-Amin Hossain', 'Kabir Ali']",Barisal Burners,Wickets,5.0,Brad Hodge,Gazi Sohel,Jeremy Lloyds,Nadir Shah,Mahfuzur Rahman,Raqibul Hasan
1,28,2012-02-27T00:00:00.000Z,Dhaka,"Shere Bangla National Stadium, Mirpur",day,29th Match,Dhaka Gladiators,Duronto Rajshahi,Dhaka Gladiators,Bat,116.0,10.0,18.2,120.0,7.0,19.3,Mashrafe Mortaza,,"['Imran Nazir', 'Nazimuddin', 'Azhar Mahmood', 'Darren Stevens', 'Kieron Pollard', 'Mohammad Ashraful', 'Anamul Haque', 'Mehrab Hossain jnr', 'Mashrafe Mortaza', 'Naved-ul-Hasan', 'Elias Sunny']","['Shahzaib Hasan', 'Zunaed Siddique', 'Marlon Samuels', 'Sean Ervine', 'Mushfiqur Rahim', 'Sabbir Rahman', 'Rizwan Cheema', 'Soumya Sarkar', 'Mohammad Sami', 'Taijul Islam', 'Saqlain Sajib']",Duronto Rajshahi,Wickets,3.0,Mohammad Sami,Mahfuzur Rahman,Nadir Shah,Anisur Rahman,Masudur Rahman,Mike Procter
1,29,2012-02-27T00:00:00.000Z,Dhaka,"Shere Bangla National Stadium, Mirpur",night,30th Match,Khulna Royal Bengals,Sylhet Royals,Sylhet Royals,Bowl,186.0,2.0,20.0,117.0,10.0,16.0,Shakib Al Hasan,Alok Kapali,"['Shivnarine Chanderpaul', 'Herschelle Gibbs', 'Dwayne Smith', 'Shakib Al Hasan', 'Sanath Jayasuriya', ""Niall O'Brien"", 'Nasir Hossain', 'Nazmul Hossain Milon', 'Shahadat Hossain', 'Shafiul Islam', 'Abdur Razzak']","['Kamran Akmal', 'Peter Trego', 'Tom Maynard', 'Alok Kapali', 'Scott Styris', 'Shuvagata Hom', 'Naeem Islam', 'Sohail Tanvir', 'Noor Hossain', 'Abul Hasan', 'Nabil Samad']",Khulna Royal Bengals,Runs,69.0,,David Orchard,Tanvir Ahmed,Masudur Rahman,Anisur Rahman,Mike Procter
1,30,2012-02-28T00:00:00.000Z,Dhaka,"Shere Bangla National Stadium, Mirpur",day,1st semi-final,Duronto Rajshahi,Barisal Burners,Barisal Burners,Bowl,184.0,6.0,20.0,189.0,2.0,16.0,,Brad Hodge,"['Shahzaib Hasan', 'Zunaed Siddique', 'Marlon Samuels', 'Sean Ervine', 'Mushfiqur Rahim', 'Abdul Razzaq', 'Sabbir Rahman', 'Mohammad Sami', 'Monir Hossain', 'Taijul Islam', 'Saqlain Sajib']","['Ahmed Shehzad', 'Brad Hodge', 'Phil Mustard', 'Nazmul Islam', 'Mominul Haque', 'Alauddin Babu', 'Sohrawordi Shuvo', 'Mohammad Mithun', 'Farhad Hossain', 'Yasir Arafat', 'Kabir Ali']",Barisal Burners,Wickets,8.0,Ahmed Shehzad,David Orchard,Sharfuddoula,Enamul Haque,Gazi Sohel,Mike Procter
1,31,2012-02-28T00:00:00.000Z,Dhaka,"Shere Bangla National Stadium, Mirpur",night,2nd semi-final,Dhaka Gladiators,Khulna Royal Bengals,Dhaka Gladiators,Bat,191.0,4.0,20.0,182.0,7.0,20.0,Mashrafe Mortaza,Shakib Al Hasan,"['Imran Nazir', 'Awais Zia', 'Nazimuddin', 'Azhar Mahmood', 'Mohammad Ashraful', 'Shahid Afridi', 'Mashrafe Mortaza', 'Dhiman Ghosh', 'Anamul Haque', 'Elias Sunny', 'Saeed Ajmal']","['Shivnarine Chanderpaul', 'Herschelle Gibbs', 'Mohammad Hafeez', 'Dwayne Smith', 'Shakib Al Hasan', 'Nasir Hossain', 'Hammad Azam', 'Nazmul Hossain Milon', 'Abdur Razzak', 'Shahadat Hossain', 'Saghir Hossain']",Dhaka Gladiators,Runs,9.0,Azhar Mahmood,Enamul Haque,Nadir Shah,Sharfuddoula,Gazi Sohel,Raqibul Hasan
1,32,2012-02-29T00:00:00.000Z,Dhaka,"Shere Bangla National Stadium, Mirpur",night,Final,Barisal Burners,Dhaka Gladiators,Dhaka Gladiators,Bowl,140.0,7.0,20.0,144.0,2.0,15.4,Brad Hodge,Mashrafe Mortaza,"['Ahmed Shehzad', 'Brad Hodge', 'Phil Mustard', 'Mohammad Mithun', 'Mominul Haque', 'Farhad Hossain', 'Yasir Arafat', 'Kabir Ali', 'Alauddin Babu', 'Sohrawordi Shuvo', 'Nazmul Islam']","['Imran Nazir', 'Nazimuddin', 'Anamul Haque', 'Azhar Mahmood', 'Elias Sunny', 'Mashrafe Mortaza', 'Mohammad Ashraful', 'Naved-ul-Hasan', 'Dhiman Ghosh', 'Saeed Ajmal', 'Shahid Afridi']",Dhaka Gladiators,Wickets,8.0,Imran Nazir,David Orchard,Enamul Haque,Sharfuddoula,Masudur Rahman,Mike Procter
2,33,2013-01-18T00:00:00.000Z,Dhaka,"Shere Bangla National Stadium, Mirpur",day,1st Match,Dhaka Gladiators,Khulna Royal Bengals,Dhaka Gladiators,Bat,204.0,4.0,20.0,142.0,8.0,20.0,Mashrafe Mortaza,Shahriar Nafees,"['Josh Cobb', 'Mohammad Ashraful', 'Anamul Haque', 'Owais Shah', 'Shakib Al Hasan', 'Kaushal Lokuarachchi', 'Darren Stevens', 'Chris Liddle', 'Soumya Sarkar', 'Mashrafe Mortaza', 'Mosharraf Hossain']","['Nazimuddin', 'Riki Wessels', 'Shahriar Nafees', 'Mohammad Mithun', 'Mizanur Rahman', 'Farhad Reza', 'Asif Ahmed', 'Dolar Mahmud', 'Sunzamul Islam', 'Shahadat Hossain', 'Nabil Samad']",Dhaka Gladiators,Runs,62.0,Owais Shah,Masudur Rahman,Richard Illingworth,Anisur Rahman,Mahfuzur Rahman,Raqibul Hasan
2,34,2013-01-18T00:00:00.000Z,Dhaka,"Shere Bangla National Stadium, Mirpur",night,2nd Match,Sylhet Royals,Barisal Burners,Barisal Burners,Bowl,175.0,7.0,20.0,142.0,9.0,20.0,,Alok Kapali,"['Hamilton Masakadza', 'Paul Stirling', 'Mominul Haque', 'Mushfiqur Rahim', 'Mohammad Nabi', 'Elton Chigumbura', 'Nazmul Hossain Milon', 'Sohag Gazi', 'Sohrawordi Shuvo', 'Nazmul Hossain', 'Bishawnath Halder']","['Alok Kapali', 'Phil Mustard', 'Shuvagata Hom', 'Azhar Mahmood', 'Sabbir Rahman', 'Mahmudul Hasan', 'Jubair Ahmed', 'Kabir Ali', 'Elias Sunny', 'Shafiul Islam', 'Nazmul Islam']",Sylhet Royals,Runs,33.0,Paul Stirling,Anisur Rahman,Jeremy Lloyds,Masudur Rahman,Mahfuzur Rahman,Mike Procter
2,35,2013-01-19T00:00:00.000Z,Dhaka,"Shere Bangla National Stadium, Mirpur",day,3rd Match,Duronto Rajshahi,Chittagong Kings,Duronto Rajshahi,Bat,99.0,9.0,20.0,97.0,10.0,19.3,Tamim Iqbal,Mahmudullah,"['Tamim Iqbal', 'Jahurul Islam', 'Moeen Ali', 'Sean Ervine', 'Ziaur Rahman', 'Farhad Hossain', 'Abul Hasan', 'Muktar Ali', 'Naeem Islam jnr', 'Taijul Islam', 'Monir Hossain']","['Brendan Taylor', 'Jason Roy', 'Ravi Bopara', 'Mahmudullah', 'Mehrab Hossain jnr', 'Naeem Islam', 'Jacob Oram', 'Marshall Ayub', 'Arafat Sunny', 'Enamul Haque jnr', 'Shaun Tait']",Duronto Rajshahi,Runs,2.0,Sean Ervine,Jeremy Lloyds,Mahfuzur Rahman,Tanvir Ahmed,Akteruzzaman,Mike Procter
2,36,2013-01-19T00:00:00.000Z,Dhaka,"Shere Bangla National Stadium, Mirpur",night,4th Match,Dhaka Gladiators,Rangpur Riders,Dhaka Gladiators,Bat,202.0,5.0,20.0,167.0,4.0,20.0,Mashrafe Mortaza,Abdur Razzak,"['Luke Wright', 'Mohammad Ashraful', 'Anamul Haque', 'Shakib Al Hasan', 'Owais Shah', 'Josh Cobb', 'Soumya Sarkar', 'Mosharraf Hossain', 'Mashrafe Mortaza', 'Chris Liddle', 'Kaushal Lokuarachchi']","['Imrul Kayes', 'Mehedi Maruf', ""Niall O'Brien"", ""Kevin O'Brien"", 'Nasir Hossain', 'Shamsur Rahman', 'Mohammad Sharif', 'Amit Kumar', 'Tapash Baisya', 'Abdur Razzak', 'Dhiman Ghosh']",Dhaka Gladiators,Runs,35.0,Mohammad Ashraful,Masudur Rahman,Tanvir Ahmed,Gazi Sohel,Mahfuzur Rahman,Mike Procter
2,37,2013-01-20T00:00:00.000Z,Dhaka,"Shere Bangla National Stadium, Mirpur",day,5th Match,Khulna Royal Bengals,Barisal Burners,Khulna Royal Bengals,Bat,142.0,8.0,20.0,146.0,2.0,18.3,Shahriar Nafees,Brad Hodge,"['Nazimuddin', 'Shahriar Nafees', 'Daniel Harris', 'Riki Wessels', 'Lou Vincent', 'Samiullah Shinwari', 'Farhad Reza', 'Dolar Mahmud', 'Sunzamul Islam', 'Shapoor Zadran', 'Nabil Samad']","['Phil Mustard', 'Brad Hodge', 'Joe Denly', 'Azhar Mahmood', 'Shuvagata Hom', 'Elias Sunny', 'Shafiul Islam', 'Alok Kapali', 'Kabir Ali', 'Sabbir Rahman', 'Nazmul Islam']",Barisal Burners,Wickets,8.0,Brad Hodge,Anisur Rahman,Richard Illingworth,Masudur Rahman,Mahfuzur Rahman,Raqibul Hasan
2,38,2013-01-20T00:00:00.000Z,Dhaka,"Shere Bangla National Stadium, Mirpur",night,6th Match,Duronto Rajshahi,Sylhet Royals,Duronto Rajshahi,Bat,147.0,8.0,20.0,150.0,6.0,19.1,Tamim Iqbal,,"['Tamim Iqbal', 'Muktar Ali', 'Moeen Ali', 'Jahurul Islam', 'Ziaur Rahman', 'Sean Ervine', 'Farhad Hossain', 'Abul Hasan', 'Naeem Islam jnr', 'Taijul Islam', 'Monir Hossain']","['Mominul Haque', 'Paul Stirling', 'Mushfiqur Rahim', 'Hamilton Masakadza', 'Mohammad Nabi', 'Sohrawordi Shuvo', 'Nazmul Hossain Milon', 'Elton Chigumbura', 'Sohag Gazi', 'Nadif Chowdhury', 'Dirk Nannes']",Sylhet Royals,Wickets,4.0,Elton Chigumbura,Jeremy Lloyds,Tanvir Ahmed,Gazi Sohel,Akteruzzaman,Raqibul Hasan
2,39,2013-01-22T00:00:00.000Z,Khulna,"Sheikh Abu Naser Stadium, Khulna",day,7th Match,Chittagong Kings,Rangpur Riders,Chittagong Kings,Bat,132.0,5.0,20.0,135.0,4.0,19.3,Mahmudullah,Abdur Razzak,"['Jason Roy', 'Naeem Islam', 'Mehrab Hossain jnr', 'Mahmudullah', 'Brendan Taylor', 'Jacob Oram', 'Ravi Bopara', 'Nurul Hasan', 'Shaun Tait', 'Arafat Sunny', 'Enamul Haque jnr']","['Shamsur Rahman', 'Imrul Kayes', ""Niall O'Brien"", ""Kevin O'Brien"", 'Nasir Hossain', 'Dimitri Mascarenhas', 'Fidel Edwards', 'Amit Kumar', 'Abdur Razzak', 'Taposh Ghosh', 'Dhiman Ghosh']",Rangpur Riders,Wickets,6.0,Nasir Hossain,Anisur Rahman,Richard Illingworth,Gazi Sohel,Mahfuzur Rahman,Mike Procter
2,40,2013-01-22T00:00:00.000Z,Khulna,"Sheikh Abu Naser Stadium, Khulna",night,8th Match,Dhaka Gladiators,Duronto Rajshahi,Dhaka Gladiators,Bat,156.0,8.0,20.0,143.0,3.0,20.0,Mashrafe Mortaza,,"['Luke Wright', 'Mohammad Ashraful', 'Shakib Al Hasan', 'Owais Shah', 'Anamul Haque', 'Josh Cobb', 'Soumya Sarkar', 'Mashrafe Mortaza', 'Kaushal Lokuarachchi', 'Alfonso Thomas', 'Mosharraf Hossain']","['Tamim Iqbal', 'Charles Coventry', 'Jahurul Islam', 'Simon Katich', 'Ziaur Rahman', 'Naeem Islam jnr', 'Taijul Islam', 'Monir Hossain', 'Ben Edmondson', 'Moeen Ali', 'Sean Ervine']",Dhaka Gladiators,Runs,13.0,Shakib Al Hasan,Gazi Sohel,Masudur Rahman,Tanvir Ahmed,Anisur Rahman,Mike Procter
2,41,2013-01-23T00:00:00.000Z,Khulna,"Sheikh Abu Naser Stadium, Khulna",day,9th Match,Rangpur Riders,Barisal Burners,Rangpur Riders,Bat,174.0,4.0,20.0,167.0,8.0,20.0,Abdur Razzak,Brad Hodge,"['Imrul Kayes', 'Shamsur Rahman', 'Nasir Hossain', ""Niall O'Brien"", 'Cameron Borgas', ""Kevin O'Brien"", 'Amit Kumar', 'Fidel Edwards', 'Taposh Ghosh', 'Abdur Razzak', 'Dimitri Mascarenhas']","['Phil Mustard', 'Brad Hodge', 'Joe Denly', 'Alok Kapali', 'Azhar Mahmood', 'Sabbir Rahman', 'Kabir Ali', 'Shuvagata Hom', 'Elias Sunny', 'Nazmul Islam', 'Shafiul Islam']",Rangpur Riders,Runs,7.0,Shamsur Rahman,Mahfuzur Rahman,Richard Illingworth,Anisur Rahman,Masudur Rahman,Akhtar Ahmad
2,42,2013-01-23T00:00:00.000Z,Khulna,"Sheikh Abu Naser Stadium, Khulna",night,10th Match,Khulna Royal Bengals,Sylhet Royals,Khulna Royal Bengals,Bat,145.0,7.0,20.0,146.0,4.0,16.2,Shahriar Nafees,,"['Lou Vincent', 'Shahriar Nafees', 'Travis Birt', 'Daniel Harris', 'Riki Wessels', 'Mohammad Mithun', 'Asif Ahmed', 'Farhad Reza', 'Sunzamul Islam', 'Nabil Samad', 'Shapoor Zadran']","['Hamilton Masakadza', 'Paul Stirling', 'Mominul Haque', 'Mushfiqur Rahim', 'Mohammad Nabi', 'Elton Chigumbura', 'Nazmul Hossain Milon', 'Sohrawordi Shuvo', 'Sohag Gazi', 'Bishawnath Halder', 'Dirk Nannes']",Sylhet Royals,Wickets,6.0,Hamilton Masakadza,Anisur Rahman,Mahfuzur Rahman,Tanvir Ahmed,Gazi Sohel,Akhtar Ahmad
2,43,2013-01-24T00:00:00.000Z,Khulna,"Sheikh Abu Naser Stadium, Khulna",day,11th Match,Chittagong Kings,Barisal Burners,Barisal Burners,Bowl,129.0,7.0,20.0,108.0,9.0,20.0,Mahmudullah,Brad Hodge,"['Naeem Islam', 'Ravi Bopara', 'Brendan Taylor', 'Mahmudullah', 'Ryan ten Doeschate', 'Jacob Oram', 'Kevon Cooper', 'Nurul Hasan', 'Mehrab Hossain jnr', 'Arafat Sunny', 'Enamul Haque jnr']","['Phil Mustard', 'Brad Hodge', 'Joe Denly', 'Azhar Mahmood', 'Alok Kapali', 'Sabbir Rahman', 'Kabir Ali', 'Shuvagata Hom', 'Elias Sunny', 'Shafiul Islam', 'Nazmul Islam']",Chittagong Kings,Runs,21.0,Ravi Bopara,Gazi Sohel,Richard Illingworth,Anisur Rahman,Mahfuzur Rahman,Mike Procter
2,44,2013-01-24T00:00:00.000Z,Khulna,"Sheikh Abu Naser Stadium, Khulna",night,12th Match,Khulna Royal Bengals,Duronto Rajshahi,Duronto Rajshahi,Bowl,197.0,0.0,20.0,129.0,10.0,18.3,Shahriar Nafees,,"['Lou Vincent', 'Shahriar Nafees', 'Travis Birt', 'Daniel Harris', 'Riki Wessels', 'Nazimuddin', 'Farhad Reza', 'Sunzamul Islam', 'Nabil Samad', 'Shapoor Zadran', 'Asif Ahmed']","['Tamim Iqbal', 'Charles Coventry', 'Jahurul Islam', 'Simon Katich', 'Ziaur Rahman', 'Sean Ervine', 'Moeen Ali', 'Taijul Islam', 'Naeem Islam jnr', 'Ben Edmondson', 'Monir Hossain']",Khulna Royal Bengals,Runs,68.0,Shahriar Nafees,Anisur Rahman,Tanvir Ahmed,Gazi Sohel,Masudur Rahman,Mike Procter
2,45,2013-01-25T00:00:00.000Z,Khulna,"Sheikh Abu Naser Stadium, Khulna",day,13th Match,Dhaka Gladiators,Sylhet Royals,Dhaka Gladiators,Bat,152.0,8.0,20.0,157.0,3.0,18.4,Mashrafe Mortaza,,"['Luke Wright', 'Mohammad Ashraful', 'Anamul Haque', 'Owais Shah', 'Shakib Al Hasan', 'Josh Cobb', 'Darren Stevens', 'Mashrafe Mortaza', 'Alfonso Thomas', 'Mosharraf Hossain', 'Saqlain Sajib']","['Hamilton Masakadza', 'Paul Stirling', 'Mominul Haque', 'Mushfiqur Rahim', 'Nazmul Hossain Milon', 'Elton Chigumbura', 'Mohammad Nabi', 'Nadif Chowdhury', 'Sohag Gazi', 'Bishawnath Halder', 'Dirk Nannes']",Sylhet Royals,Wickets,7.0,Mushfiqur Rahim,Mahfuzur Rahman,Richard Illingworth,Gazi Sohel,Tanvir Ahmed,Akhtar Ahmad
2,46,2013-01-25T00:00:00.000Z,Khulna,"Sheikh Abu Naser Stadium, Khulna",night,14th Match,Khulna Royal Bengals,Rangpur Riders,Khulna Royal Bengals,Bat,150.0,7.0,20.0,141.0,7.0,20.0,Shahriar Nafees,Abdur Razzak,"['Lou Vincent', 'Shahriar Nafees', 'Riki Wessels', 'Travis Birt', 'Nazimuddin', 'Daniel Harris', 'Farhad Reza', 'Asif Ahmed', 'Shapoor Zadran', 'Nabil Samad', 'Sunzamul Islam']","['Imrul Kayes', 'Shamsur Rahman', 'Danza Hyatt', ""Niall O'Brien"", 'Nasir Hossain', 'Cameron Borgas', 'Dimitri Mascarenhas', 'Abdur Razzak', 'Mohammad Sharif', 'Fidel Edwards', 'Amit Kumar']",Khulna Royal Bengals,Runs,9.0,Daniel Harris,Mahfuzur Rahman,Masudur Rahman,Tanvir Ahmed,Anisur Rahman,Akhtar Ahmad
2,47,2013-01-28T00:00:00.000Z,Chattogram,"MA Aziz Stadium, Chittagong",day,15th Match,Chittagong Kings,Sylhet Royals,Sylhet Royals,Bowl,172.0,6.0,20.0,176.0,7.0,19.3,Mahmudullah,,"['Ravi Bopara', 'Naeem Islam', 'Brendan Taylor', 'Mahmudullah', 'Ryan ten Doeschate', 'Jacob Oram', 'Kevon Cooper', 'Nurul Hasan', 'Enamul Haque jnr', 'Rubel Hossain', 'Arafat Sunny']","['Hamilton Masakadza', 'Paul Stirling', 'Mominul Haque', 'Mushfiqur Rahim', 'Mohammad Nabi', 'Nazmul Hossain Milon', 'Elton Chigumbura', 'Sohag Gazi', 'Sohrawordi Shuvo', 'Bishawnath Halder', 'Dirk Nannes']",Sylhet Royals,Wickets,3.0,Mohammad Nabi,Jeremy Lloyds,Tanvir Ahmed,Masudur Rahman,Gazi Sohel,Mike Procter
2,48,2013-01-28T00:00:00.000Z,Chattogram,"MA Aziz Stadium, Chittagong",night,16th Match,Duronto Rajshahi,Barisal Burners,Duronto Rajshahi,Bat,213.0,6.0,20.0,209.0,7.0,20.0,,Brad Hodge,"['Tamim Iqbal', 'Charles Coventry', 'Simon Katich', 'Jahurul Islam', 'Sean Ervine', 'Moeen Ali', 'Abul Hasan', 'Farhad Hossain', 'Monir Hossain', 'Taijul Islam', 'Naeem Islam jnr']","['Phil Mustard', 'Brad Hodge', 'Sabbir Rahman', 'Joe Denly', 'Azhar Mahmood', 'Alok Kapali', 'Kabir Ali', 'Shafiul Islam', 'Elias Sunny', 'Mahmudul Hasan', 'Nazmul Islam']",Duronto Rajshahi,Runs,4.0,Charles Coventry,Anisur Rahman,Gazi Sohel,Masudur Rahman,Mahfuzur Rahman,Mike Procter
2,49,2013-01-29T00:00:00.000Z,Chattogram,"MA Aziz Stadium, Chittagong",day,17th Match,Dhaka Gladiators,Sylhet Royals,Sylhet Royals,Bowl,158.0,5.0,20.0,127.0,8.0,20.0,Mashrafe Mortaza,,"['Josh Cobb', 'Mohammad Ashraful', 'Shakib Al Hasan', 'Owais Shah', 'Darren Stevens', 'Anamul Haque', 'Soumya Sarkar', 'Alfonso Thomas', 'Mashrafe Mortaza', 'Saqlain Sajib', 'Chris Liddle']","['Dwayne Smith', 'Paul Stirling', 'Mominul Haque', 'Mushfiqur Rahim', 'Mohammad Nabi', 'Nazmul Hossain Milon', 'Elton Chigumbura', 'Sohag Gazi', 'Sohrawordi Shuvo', 'Sulieman Benn', 'Nazmul Hossain']",Dhaka Gladiators,Runs,31.0,Darren Stevens,Jeremy Lloyds,Masudur Rahman,Anisur Rahman,Mahfuzur Rahman,Neeyamur Rashid
2,50,2013-01-29T00:00:00.000Z,Chattogram,"MA Aziz Stadium, Chittagong",night,18th Match,Rangpur Riders,Khulna Royal Bengals,Rangpur Riders,Bat,122.0,10.0,20.0,89.0,10.0,18.4,Abdur Razzak,Shahriar Nafees,"['Shamsur Rahman', 'Danza Hyatt', 'Imrul Kayes', 'Cameron Borgas', 'Nasir Hossain', ""Niall O'Brien"", ""Kevin O'Brien"", 'Abdur Razzak', 'Mohammad Sharif', 'Fidel Edwards', 'Amit Kumar']","['Lou Vincent', 'Shahriar Nafees', 'Mizanur Rahman', 'Riki Wessels', 'Daniel Harris', 'Asif Ahmed', 'Farhad Reza', 'Samuel Badree', 'Shapoor Zadran', 'Sunzamul Islam', 'Nabil Samad']",Rangpur Riders,Runs,33.0,Fidel Edwards,Anisur Rahman,Mahfuzur Rahman,Tanvir Ahmed,Masudur Rahman,Neeyamur Rashid
2,51,2013-01-31T00:00:00.000Z,Chattogram,"MA Aziz Stadium, Chittagong",day,19th Match,Rangpur Riders,Sylhet Royals,Sylhet Royals,Bowl,122.0,10.0,19.3,126.0,5.0,19.3,Abdur Razzak,,"['Shamsur Rahman', 'Danza Hyatt', 'Cameron Borgas', 'Nasir Hossain', ""Kevin O'Brien"", 'Shykat Ali', ""Niall O'Brien"", 'Abdur Razzak', 'Mohammad Sharif', 'Fidel Edwards', 'Taposh Ghosh']","['Dwayne Smith', 'Shivnarine Chanderpaul', 'Mominul Haque', 'Mushfiqur Rahim', 'Mohammad Nabi', 'Nazmul Hossain Milon', 'Elton Chigumbura', 'Sohrawordi Shuvo', 'Sohag Gazi', 'Dirk Nannes', 'Bishawnath Halder']",Sylhet Royals,Wickets,5.0,Nazmul Hossain Milon,Jeremy Lloyds,Tanvir Ahmed,Masudur Rahman,Gazi Sohel,Mike Procter
2,52,2013-01-31T00:00:00.000Z,Chattogram,"MA Aziz Stadium, Chittagong",night,20th Match,Barisal Burners,Chittagong Kings,Barisal Burners,Bat,182.0,5.0,20.0,176.0,6.0,20.0,Brad Hodge,Mahmudullah,"['Joe Denly', 'Brad Hodge', 'Sabbir Rahman', 'Azhar Mahmood', 'Phil Mustard', 'Alok Kapali', 'Kabir Ali', 'Shafiul Islam', 'Al-Amin Hossain', 'Elias Sunny', 'Nazmul Islam']","['Naeem Islam', 'Ravi Bopara', 'Brendan Taylor', 'Ryan ten Doeschate', 'Mahmudullah', 'Aftab Ahmed', 'Kevon Cooper', 'Shaun Tait', 'Rubel Hossain', 'Arafat Sunny', 'Enamul Haque jnr']",Barisal Burners,Runs,6.0,Azhar Mahmood,Anisur Rahman,Tanvir Ahmed,Gazi Sohel,Mahfuzur Rahman,Mike Procter
2,53,2013-02-01T00:00:00.000Z,Chattogram,"MA Aziz Stadium, Chittagong",day,21st Match,Dhaka Gladiators,Duronto Rajshahi,Dhaka Gladiators,Bat,137.0,5.0,20.0,124.0,9.0,20.0,Mashrafe Mortaza,,"['Soumya Sarkar', 'Mohammad Ashraful', 'Anamul Haque', 'Owais Shah', 'Darren Stevens', 'Josh Cobb', 'Mashrafe Mortaza', 'Alfonso Thomas', 'Mosharraf Hossain', 'Saqlain Sajib', 'Chris Liddle']","['Tamim Iqbal', 'Charles Coventry', 'Simon Katich', 'Dilshan Munaweera', 'Chamara Kapugedera', 'Sean Ervine', 'Jahurul Islam', 'Abul Hasan', 'Naeem Islam jnr', 'Taijul Islam', 'Monir Hossain']",Dhaka Gladiators,Runs,13.0,Alfonso Thomas,Gazi Sohel,Jeremy Lloyds,Tanvir Ahmed,Mahfuzur Rahman,Neeyamur Rashid
2,54,2013-02-01T00:00:00.000Z,Chattogram,"MA Aziz Stadium, Chittagong",night,22nd Match,Khulna Royal Bengals,Chittagong Kings,Chittagong Kings,Bowl,136.0,5.0,20.0,137.0,2.0,18.0,Shahriar Nafees,,"['Lou Vincent', 'Shahriar Nafees', 'Mizanur Rahman', 'Travis Birt', 'Riki Wessels', 'Daniel Harris', 'Farhad Reza', 'Samuel Badree', 'Asif Ahmed', 'Sunzamul Islam', 'Nabil Samad']","['Ravi Bopara', 'Naeem Islam', 'Brendan Taylor', 'Ryan ten Doeschate', 'Arafat Sunny', 'Enamul Haque jnr', 'Rubel Hossain', 'Mahmudullah', 'Kevon Cooper', 'Shaun Tait', 'Mehrab Hossain jnr']",Chittagong Kings,Wickets,8.0,Brendan Taylor,Mahfuzur Rahman,Masudur Rahman,Gazi Sohel,Anisur Rahman,Neeyamur Rashid
2,55,2013-02-02T00:00:00.000Z,Chattogram,"MA Aziz Stadium, Chittagong",day,23rd Match,Barisal Burners,Duronto Rajshahi,Barisal Burners,Bat,152.0,6.0,20.0,153.0,6.0,19.4,Brad Hodge,Chamara Kapugedera,"['Joe Denly', 'Brad Hodge', 'Sabbir Rahman', 'Azhar Mahmood', 'Phil Mustard', 'Alok Kapali', 'Kabir Ali', 'Shafiul Islam', 'Shuvagata Hom', 'Elias Sunny', 'Nazmul Islam']","['Tamim Iqbal', 'Charles Coventry', 'Dilshan Munaweera', 'Jahurul Islam', 'Sean Ervine', 'Chamara Kapugedera', 'Ziaur Rahman', 'Muktar Ali', 'Ben Edmondson', 'Taijul Islam', 'Monir Hossain']",Duronto Rajshahi,Wickets,4.0,Jahurul Islam,Gazi Sohel,Jeremy Lloyds,Masudur Rahman,Tanvir Ahmed,Mike Procter
2,56,2013-02-02T00:00:00.000Z,Chattogram,"MA Aziz Stadium, Chittagong",night,24th Match,Chittagong Kings,Dhaka Gladiators,Dhaka Gladiators,Bowl,142.0,10.0,20.0,88.0,8.0,20.0,,Mohammad Ashraful,"['Naeem Islam', 'Ravi Bopara', 'Brendan Taylor', 'Ryan ten Doeschate', 'Mahmudullah', 'Jacob Oram', 'Kevon Cooper', 'Mehrab Hossain jnr', 'Arafat Sunny', 'Rubel Hossain', 'Enamul Haque jnr']","['Josh Cobb', 'Mohammad Ashraful', 'Anamul Haque', 'Owais Shah', 'Darren Stevens', 'Soumya Sarkar', 'Kaushal Lokuarachchi', 'Alfonso Thomas', 'Mosharraf Hossain', 'Mahbubul Alam', 'Saqlain Sajib']",Chittagong Kings,Runs,54.0,Naeem Islam,Mahfuzur Rahman,Masudur Rahman,Anisur Rahman,Tanvir Ahmed,Neeyamur Rashid
2,57,2013-02-04T00:00:00.000Z,Dhaka,"Shere Bangla National Stadium, Mirpur",day,25th Match,Rangpur Riders,Duronto Rajshahi,Rangpur Riders,Bat,163.0,3.0,20.0,168.0,3.0,19.0,Abdur Razzak,Chamara Kapugedera,"['Shamsur Rahman', 'Zunaed Siddique', 'Nasir Hossain', 'Cameron Borgas', 'Danza Hyatt', ""Kevin O'Brien"", ""Niall O'Brien"", 'Abdur Razzak', 'Tapash Baisya', 'Fidel Edwards', 'Taposh Ghosh']","['Tamim Iqbal', 'Charles Coventry', 'Dilshan Munaweera', 'Jahurul Islam', 'Sean Ervine', 'Chamara Kapugedera', 'Ziaur Rahman', 'Muktar Ali', 'Ben Edmondson', 'Naeem Islam jnr', 'Monir Hossain']",Duronto Rajshahi,Wickets,7.0,Tamim Iqbal,Enamul Haque,Richard Illingworth,Masudur Rahman,Morshed Ali Khan,Mike Procter
2,58,2013-02-04T00:00:00.000Z,Dhaka,"Shere Bangla National Stadium, Mirpur",night,26th Match,Khulna Royal Bengals,Barisal Burners,Barisal Burners,Bowl,145.0,7.0,20.0,148.0,3.0,17.5,Shahriar Nafees,Brad Hodge,"['Nazimuddin', 'Shahriar Nafees', 'Travis Birt', 'Riki Wessels', 'Daniel Harris', 'Farhad Reza', 'Mizanur Rahman', 'Asif Ahmed', 'Samuel Badree', 'Sunzamul Islam', 'Shapoor Zadran']","['Joe Denly', 'Brad Hodge', 'Sabbir Rahman', 'Azhar Mahmood', 'Alok Kapali', 'Phil Mustard', 'Farveez Maharoof', 'Shafiul Islam', 'Shuvagata Hom', 'Elias Sunny', 'Nazmul Islam']",Barisal Burners,Wickets,7.0,Azhar Mahmood,Gazi Sohel,Jeremy Lloyds,Enamul Haque,Morshed Ali Khan,Neeyamur Rashid
2,59,2013-02-05T00:00:00.000Z,Dhaka,"Shere Bangla National Stadium, Mirpur",day,27th Match,Sylhet Royals,Duronto Rajshahi,Duronto Rajshahi,Bowl,147.0,8.0,20.0,152.0,5.0,19.4,,Chamara Kapugedera,"['Dwayne Smith', 'Paul Stirling', 'Mushfiqur Rahim', 'Mominul Haque', 'Nazmul Hossain Milon', 'Elton Chigumbura', 'Mohammad Nabi', 'Sohag Gazi', 'Sohrawordi Shuvo', 'Bishawnath Halder', 'Dirk Nannes']","['Dilshan Munaweera', 'Charles Coventry', 'Chamara Kapugedera', 'Jahurul Islam', 'Sean Ervine', 'Ziaur Rahman', 'Muktar Ali', 'Tamim Iqbal', 'Ben Edmondson', 'Naeem Islam jnr', 'Monir Hossain']",Duronto Rajshahi,Wickets,5.0,Jahurul Islam,Enamul Haque,Masudur Rahman,Tanvir Ahmed,Akteruzzaman,Raqibul Hasan
2,60,2013-02-05T00:00:00.000Z,Dhaka,"Shere Bangla National Stadium, Mirpur",night,28th Match,Dhaka Gladiators,Rangpur Riders,Rangpur Riders,Bowl,217.0,4.0,20.0,129.0,9.0,19.5,Mashrafe Mortaza,Nasir Hossain,"['Tillakaratne Dilshan', 'Mohammad Ashraful', 'Anamul Haque', 'Shakib Al Hasan', 'Darren Stevens', 'Josh Cobb', 'Mashrafe Mortaza', 'Alfonso Thomas', 'Raqibul Hasan', 'Chris Liddle', 'Saqlain Sajib']","['Zunaed Siddique', ""Kevin O'Brien"", 'Nasir Hossain', 'Cameron Borgas', 'Shamsur Rahman', 'Danza Hyatt', 'Taposh Ghosh', 'Dhiman Ghosh', 'Mohammad Sharif', 'Murad Khan', 'Fidel Edwards']",Dhaka Gladiators,Runs,88.0,Anamul Haque,Enamul Haque,Tanvir Ahmed,Gazi Sohel,Akteruzzaman,Raqibul Hasan
2,61,2013-02-07T00:00:00.000Z,Dhaka,"Shere Bangla National Stadium, Mirpur",day,29th Match,Chittagong Kings,Khulna Royal Bengals,Khulna Royal Bengals,Bowl,156.0,5.0,20.0,67.0,10.0,14.2,,Shahriar Nafees,"['Brendan Taylor', 'Naeem Islam', 'Mahmudullah', 'Ryan ten Doeschate', 'David Miller', 'Jacob Oram', 'Kevon Cooper', 'Ariful Haque', 'Arafat Sunny', 'Rubel Hossain', 'Enamul Haque jnr']","['Nazimuddin', 'Shahriar Nafees', 'Daniel Harris', 'Riki Wessels', 'Jehan Mubarak', 'Asif Ahmed', 'Farhad Reza', 'Krishmar Santokie', 'Dolar Mahmud', 'Sunzamul Islam', 'Shapoor Zadran']",Chittagong Kings,Runs,89.0,Ryan ten Doeschate,Jeremy Lloyds,Masudur Rahman,Enamul Haque,Morshed Ali Khan,Mike Procter
2,62,2013-02-07T00:00:00.000Z,Dhaka,"Shere Bangla National Stadium, Mirpur",night,30th Match,Rangpur Riders,Sylhet Royals,Sylhet Royals,Bowl,197.0,4.0,20.0,198.0,4.0,19.0,Abdur Razzak,,"['Shamsur Rahman', 'Zunaed Siddique', 'Imrul Kayes', 'Nasir Hossain', ""Kevin O'Brien"", 'Cameron Borgas', 'Taposh Ghosh', 'Dhiman Ghosh', 'Mohammad Sharif', 'Murad Khan', 'Abdur Razzak']","['Shivnarine Chanderpaul', 'Paul Stirling', 'Mushfiqur Rahim', 'Nazmul Hossain Milon', 'Mominul Haque', 'Elton Chigumbura', 'Mohammad Nabi', 'Sohag Gazi', 'Sohrawordi Shuvo', 'Nazmul Hossain', 'Dirk Nannes']",Sylhet Royals,Wickets,6.0,Shamsur Rahman,Enamul Haque,Richard Illingworth,Anisur Rahman,Morshed Ali Khan,Mike Procter
2,63,2013-02-08T00:00:00.000Z,Dhaka,"Shere Bangla National Stadium, Mirpur",day,31st Match,Duronto Rajshahi,Khulna Royal Bengals,Duronto Rajshahi,Bat,138.0,9.0,20.0,140.0,3.0,19.2,Tamim Iqbal,Lou Vincent,"['Tamim Iqbal', 'Charles Coventry', 'Dilshan Munaweera', 'Jahurul Islam', 'Chamara Kapugedera', 'Sean Ervine', 'Ziaur Rahman', 'Muktar Ali', 'Naeem Islam jnr', 'Monir Hossain', 'Ben Edmondson']","['Riki Wessels', 'Shahriar Nafees', 'Travis Birt', 'Jehan Mubarak', 'Mizanur Rahman', 'Asif Ahmed', 'Farhad Reza', 'Krishmar Santokie', 'Noor Hossain', 'Sunzamul Islam', 'Lou Vincent']",Khulna Royal Bengals,Wickets,7.0,Shahriar Nafees,Enamul Haque,Jeremy Lloyds,Masudur Rahman,Mahfuzur Rahman,Raqibul Hasan
2,64,2013-02-08T00:00:00.000Z,Dhaka,"Shere Bangla National Stadium, Mirpur",night,32nd Match,Chittagong Kings,Sylhet Royals,Sylhet Royals,Bowl,193.0,4.0,20.0,74.0,10.0,13.5,,Sohrawordi Shuvo,"['Brendan Taylor', 'Naeem Islam', 'David Miller', 'Ryan ten Doeschate', 'Mahmudullah', 'Kevon Cooper', 'Shaun Tait', 'Ariful Haque', 'Arafat Sunny', 'Rubel Hossain', 'Enamul Haque jnr']","['Hamilton Masakadza', 'Paul Stirling', 'Mohammad Nabi', 'Mominul Haque', 'Nazmul Hossain Milon', 'Jasim Uddin', 'Elton Chigumbura', 'Sohrawordi Shuvo', 'Sohag Gazi', 'Sulieman Benn', 'Nazmul Hossain']",Chittagong Kings,Runs,119.0,Brendan Taylor,Gazi Sohel,Richard Illingworth,Tanvir Ahmed,Mahfuzur Rahman,Raqibul Hasan
2,65,2013-02-09T00:00:00.000Z,Dhaka,"Shere Bangla National Stadium, Mirpur",day,33rd Match,Chittagong Kings,Rangpur Riders,Rangpur Riders,Bowl,160.0,6.0,20.0,161.0,5.0,20.0,,Abdur Razzak,"['Brendan Taylor', 'Naeem Islam', 'David Miller', 'Ryan ten Doeschate', 'Mahmudullah', 'Ariful Haque', 'Kevon Cooper', 'Shaun Tait', 'Rubel Hossain', 'Enamul Haque jnr', 'Arafat Sunny']","['Shamsur Rahman', 'Zunaed Siddique', 'Imrul Kayes', 'Cameron Borgas', ""Kevin O'Brien"", 'Nasir Hossain', 'Danza Hyatt', 'Dhiman Ghosh', 'Mohammad Sharif', 'Murad Khan', 'Abdur Razzak']",Rangpur Riders,Wickets,5.0,Danza Hyatt,Enamul Haque,Richard Illingworth,Gazi Sohel,Mahfuzur Rahman,Mike Procter
2,66,2013-02-09T00:00:00.000Z,Dhaka,"Shere Bangla National Stadium, Mirpur",night,34th Match,Barisal Burners,Dhaka Gladiators,Barisal Burners,Bat,114.0,9.0,20.0,115.0,2.0,12.4,Brad Hodge,Mashrafe Mortaza,"['Phil Mustard', 'Brad Hodge', 'Sabbir Rahman', 'Azhar Mahmood', 'Alok Kapali', 'Farveez Maharoof', 'Shuvagata Hom', 'Hamid Hassan', 'Shafiul Islam', 'Elias Sunny', 'Nazmul Islam']","['Tillakaratne Dilshan', 'Mohammad Ashraful', 'Shakib Al Hasan', 'Raqibul Hasan', 'Darren Stevens', 'Josh Cobb', 'Mashrafe Mortaza', 'Alfonso Thomas', 'Anamul Haque', 'Chris Liddle', 'Mosharraf Hossain']",Dhaka Gladiators,Wickets,8.0,Shakib Al Hasan,Jeremy Lloyds,Masudur Rahman,Tanvir Ahmed,Morshed Ali Khan,Mike Procter
2,67,2013-02-11T00:00:00.000Z,Dhaka,"Shere Bangla National Stadium, Mirpur",day,35th Match,Khulna Royal Bengals,Dhaka Gladiators,Khulna Royal Bengals,Bat,176.0,6.0,20.0,180.0,4.0,19.2,Lou Vincent,Mohammad Ashraful,"['Mohammad Mithun', 'Shahriar Nafees', 'Travis Birt', 'Jehan Mubarak', 'Lou Vincent', 'Nazimuddin', 'Samiullah Shinwari', 'Farhad Reza', 'Shapoor Zadran', 'Sunzamul Islam', 'Noor Hossain']","['Tillakaratne Dilshan', 'Mohammad Ashraful', 'Shakib Al Hasan', 'Anamul Haque', 'Josh Cobb', 'Darren Stevens', 'Mahbubul Alam', 'Alfonso Thomas', 'Raqibul Hasan', 'Chris Liddle', 'Mosharraf Hossain']",Dhaka Gladiators,Wickets,6.0,Mohammad Ashraful,Gazi Sohel,Jeremy Lloyds,Masudur Rahman,Morshed Ali Khan,Raqibul Hasan
2,68,2013-02-11T00:00:00.000Z,Dhaka,"Shere Bangla National Stadium, Mirpur",night,36th Match,Rangpur Riders,Duronto Rajshahi,Duronto Rajshahi,Bowl,179.0,8.0,20.0,160.0,10.0,18.4,Abdur Razzak,Muktar Ali,"['Shamsur Rahman', 'Zunaed Siddique', 'Imrul Kayes', 'Nasir Hossain', 'Cameron Borgas', 'Danza Hyatt', ""Kevin O'Brien"", 'Dhiman Ghosh', 'Fidel Edwards', 'Abdur Razzak', 'Saju Datta']","['Charles Coventry', 'Simon Katich', 'Dilshan Munaweera', 'Jahurul Islam', 'Ziaur Rahman', 'Sean Ervine', 'Muktar Ali', 'Isuru Udana', 'Abul Hasan', 'Taijul Islam', 'Monir Hossain']",Rangpur Riders,Runs,19.0,Kevin O'Brien,Enamul Haque,Jeremy Lloyds,Anisur Rahman,Mahfuzur Rahman,Raqibul Hasan
2,69,2013-02-12T00:00:00.000Z,Dhaka,"Shere Bangla National Stadium, Mirpur",day,37th Match,Sylhet Royals,Khulna Royal Bengals,Khulna Royal Bengals,Bowl,196.0,3.0,20.0,135.0,7.0,20.0,,Jehan Mubarak,"['Shivnarine Chanderpaul', 'Paul Stirling', 'Mushfiqur Rahim', 'Elton Chigumbura', 'Nazmul Hossain Milon', 'Mominul Haque', 'Bishawnath Halder', 'Sohag Gazi', 'Mohammad Nabi', 'Dirk Nannes', 'Sohrawordi Shuvo']","['Daniel Harris', 'Shahriar Nafees', 'Travis Birt', 'Jehan Mubarak', 'Riki Wessels', 'Mohammad Mithun', 'Mizanur Rahman', 'Krishmar Santokie', 'Noor Hossain', 'Shahadat Hossain', 'Nabil Samad']",Sylhet Royals,Runs,61.0,Paul Stirling,Jeremy Lloyds,Tanvir Ahmed,Gazi Sohel,Akteruzzaman,Mike Procter
2,70,2013-02-12T00:00:00.000Z,Dhaka,"Shere Bangla National Stadium, Mirpur",night,38th Match,Dhaka Gladiators,Barisal Burners,Dhaka Gladiators,Bat,114.0,10.0,19.2,117.0,3.0,13.3,Mohammad Ashraful,Brad Hodge,"['Tillakaratne Dilshan', 'Mohammad Ashraful', 'Shakib Al Hasan', 'Anamul Haque', 'Darren Stevens', 'Josh Cobb', 'Litton Das', 'Alfonso Thomas', 'Mahbubul Alam', 'Chris Liddle', 'Mosharraf Hossain']","['Joe Denly', 'Brad Hodge', 'Shuvagata Hom', 'Azhar Mahmood', 'Sabbir Rahman', 'Phil Mustard', 'Alok Kapali', 'Hamid Hassan', 'Alauddin Babu', 'Elias Sunny', 'Nazmul Islam']",Barisal Burners,Wickets,7.0,Brad Hodge,Enamul Haque,Richard Illingworth,Tanvir Ahmed,Akteruzzaman,Mike Procter
2,71,2013-02-13T00:00:00.000Z,Dhaka,"Shere Bangla National Stadium, Mirpur",day,39th Match,Chittagong Kings,Duronto Rajshahi,Duronto Rajshahi,Bowl,193.0,3.0,20.0,160.0,6.0,20.0,,Chamara Kapugedera,"['Naeem Islam', 'Jason Roy', 'Brendan Taylor', 'Ryan ten Doeschate', 'Mahmudullah', 'Ariful Haque', 'Kevon Cooper', 'Shaun Tait', 'Rubel Hossain', 'Enamul Haque jnr', 'Arafat Sunny']","['Charles Coventry', 'Simon Katich', 'Dilshan Munaweera', 'Ziaur Rahman', 'Jahurul Islam', 'Muktar Ali', 'Chamara Kapugedera', 'Isuru Udana', 'Abul Hasan', 'Taijul Islam', 'Monir Hossain']",Chittagong Kings,Runs,33.0,Jason Roy,Gazi Sohel,Richard Illingworth,Enamul Haque,Mahfuzur Rahman,Raqibul Hasan
2,72,2013-02-13T00:00:00.000Z,Dhaka,"Shere Bangla National Stadium, Mirpur",night,40th Match,Barisal Burners,Sylhet Royals,Sylhet Royals,Bowl,144.0,9.0,20.0,145.0,9.0,19.4,Brad Hodge,,"['Joe Denly', 'Brad Hodge', 'Shuvagata Hom', 'Azhar Mahmood', 'Sabbir Rahman', 'Phil Mustard', 'Alauddin Babu', 'Alok Kapali', 'Hamid Hassan', 'Elias Sunny', 'Nazmul Islam']","['Hamilton Masakadza', 'Paul Stirling', 'Imtiaz Hossain', 'Mushfiqur Rahim', 'Mominul Haque', 'Nazmul Hossain Milon', 'Elton Chigumbura', 'Mohammad Nabi', 'Sohag Gazi', 'Sohrawordi Shuvo', 'Sulieman Benn']",Sylhet Royals,Wickets,1.0,Paul Stirling,Enamul Haque,Jeremy Lloyds,Tanvir Ahmed,Anisur Rahman,Raqibul Hasan
2,73,2013-02-14T00:00:00.000Z,Dhaka,"Shere Bangla National Stadium, Mirpur",day,41st Match,Barisal Burners,Rangpur Riders,Barisal Burners,Bat,139.0,7.0,20.0,113.0,10.0,20.0,Brad Hodge,Abdur Razzak,"['Brad Hodge', 'Alok Kapali', 'Sabbir Rahman', 'Azhar Mahmood', 'Phil Mustard', 'Farveez Maharoof', 'Alauddin Babu', 'Elias Sunny', 'Hamid Hassan', 'Al-Amin Hossain', 'Nazmul Islam']","['Shamsur Rahman', 'Zunaed Siddique', 'Imrul Kayes', 'Nasir Hossain', 'Cameron Borgas', 'Danza Hyatt', 'Dhiman Ghosh', ""Kevin O'Brien"", 'Abdur Razzak', 'Fidel Edwards', 'Saju Datta']",Barisal Burners,Runs,26.0,Hamid Hassan,Enamul Haque,Jeremy Lloyds,Masudur Rahman,Mahfuzur Rahman,Mike Procter
2,74,2013-02-14T00:00:00.000Z,Dhaka,"Shere Bangla National Stadium, Mirpur",night,42nd Match,Dhaka Gladiators,Chittagong Kings,Chittagong Kings,Bowl,168.0,6.0,20.0,139.0,9.0,20.0,Mashrafe Mortaza,Enamul Haque jnr,"['Josh Cobb', 'Tillakaratne Dilshan', 'Anamul Haque', 'Shakib Al Hasan', 'Darren Stevens', 'Mashrafe Mortaza', 'Raqibul Hasan', 'Alfonso Thomas', 'Mohammad Ashraful', 'Chris Liddle', 'Mosharraf Hossain']","['Jason Roy', 'Nurul Hasan', 'Marshall Ayub', 'Ryan ten Doeschate', 'Ariful Haque', 'Aftab Ahmed', 'Mehrab Hossain jnr', 'Taskin Ahmed', 'Rubel Hossain', 'Arafat Sunny', 'Enamul Haque jnr']",Dhaka Gladiators,Runs,29.0,Shakib Al Hasan,Anisur Rahman,Jeremy Lloyds,Gazi Sohel,Tanvir Ahmed,Mike Procter
2,75,2013-02-15T00:00:00.000Z,Dhaka,"Shere Bangla National Stadium, Mirpur",night,Race to the Final,Dhaka Gladiators,Sylhet Royals,Sylhet Royals,Bowl,197.0,9.0,20.0,193.0,6.0,20.0,Mosharraf Hossain,,"['Tillakaratne Dilshan', 'Chris Gayle', 'Mohammad Ashraful', 'Shakib Al Hasan', 'Darren Stevens', 'Anamul Haque', 'Kieron Pollard', 'Mashrafe Mortaza', 'Alfonso Thomas', 'Mosharraf Hossain', 'Saqlain Sajib']","['Shivnarine Chanderpaul', 'Paul Stirling', 'Dwayne Smith', 'Mushfiqur Rahim', 'Nazmul Hossain Milon', 'Elton Chigumbura', 'Mohammad Nabi', 'Mominul Haque', 'Sohag Gazi', 'Sohrawordi Shuvo', 'Sajedul Islam']",Dhaka Gladiators,Runs,4.0,Chris Gayle,Enamul Haque,Jeremy Lloyds,Anisur Rahman,Mahfuzur Rahman,Raqibul Hasan
2,76,2013-02-16T00:00:00.000Z,Dhaka,"Shere Bangla National Stadium, Mirpur",night,Elimination Final,Duronto Rajshahi,Chittagong Kings,Duronto Rajshahi,Bat,107.0,7.0,20.0,108.0,6.0,17.2,Muktar Ali,Mahmudullah,"['Charles Coventry', 'Simon Katich', 'Dilshan Munaweera', 'Jahurul Islam', 'Sean Ervine', 'Farhad Hossain', 'Ziaur Rahman', 'Muktar Ali', 'Isuru Udana', 'Naeem Islam jnr', 'Monir Hossain']","['Jason Roy', 'Nurul Hasan', 'Ravi Bopara', 'Ryan ten Doeschate', 'Mahmudullah', 'Ariful Haque', 'Kevon Cooper', 'Jacob Oram', 'Taskin Ahmed', 'Enamul Haque jnr', 'Rubel Hossain']",Chittagong Kings,Wickets,4.0,Taskin Ahmed,Anisur Rahman,Richard Illingworth,Masudur Rahman,Tanvir Ahmed,Mike Procter
2,77,2013-02-17T00:00:00.000Z,Dhaka,"Shere Bangla National Stadium, Mirpur",night,Semi-Final,Chittagong Kings,Sylhet Royals,,Bowl,,,,,,,Mahmudullah,,"['Jacob Oram', 'Shaun Tait', 'Ravi Bopara', 'Enamul Haque jnr', 'Ryan ten Doeschate', 'Aftab Ahmed', 'Arafat Sunny', 'Naeem Islam', 'Mahmudullah', 'Mehrab Hossain jnr', 'Marshall Ayub', 'Ariful Haque', 'Jason Roy', 'Rubel Hossain', 'David Miller', 'Kevon Cooper', 'Nurul Hasan', 'Taskin Ahmed']","['Shivnarine Chanderpaul', 'Hamilton Masakadza', 'Sulieman Benn', 'Elton Chigumbura', 'Dwayne Smith', 'Nadif Chowdhury', 'Mohammad Nabi', 'Dirk Nannes', 'Mushfiqur Rahim', 'Sohrawordi Shuvo', 'Sajedul Islam', 'Nazmul Hossain Milon', 'Paul Stirling', 'Jasim Uddin', 'Mominul Haque', 'Bishawnath Halder', 'Sohag Gazi', 'Jupiter Ghosh']",,Match abandoned without a ball bowled,,,Enamul Haque,Jeremy Lloyds,Tanvir Ahmed,Gazi Sohel,Raqibul Hasan
2,78,2013-02-18T00:00:00.000Z,Dhaka,"Shere Bangla National Stadium, Mirpur",night,Semi-Final,Sylhet Royals,Chittagong Kings,Chittagong Kings,Bowl,149.0,7.0,20.0,150.0,7.0,19.1,,Mahmudullah,"['Shivnarine Chanderpaul', 'Paul Stirling', 'Dwayne Smith', 'Mushfiqur Rahim', 'Mohammad Nabi', 'Elton Chigumbura', 'Nazmul Hossain Milon', 'Sohag Gazi', 'Sohrawordi Shuvo', 'Nazmul Hossain', 'Sajedul Islam']","['Naeem Islam', 'Jason Roy', 'Ravi Bopara', 'Nurul Hasan', 'Ryan ten Doeschate', 'Mahmudullah', 'Ariful Haque', 'Kevon Cooper', 'Jacob Oram', 'Enamul Haque jnr', 'Taskin Ahmed']",Chittagong Kings,Wickets,3.0,Ryan ten Doeschate,Enamul Haque,Jeremy Lloyds,Tanvir Ahmed,Gazi Sohel,Raqibul Hasan
2,79,2013-02-19T00:00:00.000Z,Dhaka,"Shere Bangla National Stadium, Mirpur",night,Final,Dhaka Gladiators,Chittagong Kings,Chittagong Kings,Bowl,172.0,9.0,20.0,129.0,10.0,16.5,Mashrafe Mortaza,Mahmudullah,"['Mohammad Ashraful', 'Tillakaratne Dilshan', 'Anamul Haque', 'Shakib Al Hasan', 'Kieron Pollard', 'Darren Stevens', 'Josh Cobb', 'Mashrafe Mortaza', 'Alfonso Thomas', 'Mosharraf Hossain', 'Saqlain Sajib']","['Jason Roy', 'Shehan Jayasuriya', 'Nurul Hasan', 'Ravi Bopara', 'Ryan ten Doeschate', 'Mahmudullah', 'Ariful Haque', 'Dilhara Lokuhettige', 'Rubel Hossain', 'Taskin Ahmed', 'Enamul Haque jnr']",Dhaka Gladiators,Runs,43.0,Mosharraf Hossain,Enamul Haque,Richard Illingworth,Masudur Rahman,Gazi Sohel,Mike Procter
3,80,2015-11-22T00:00:00.000Z,Dhaka,"Shere Bangla National Stadium, Mirpur",day,1st Match,Chittagong Vikings,Rangpur Riders,Chittagong Vikings,Bat,187.0,7.0,20.0,188.0,8.0,20.0,Tamim Iqbal,Shakib Al Hasan,"['Tamim Iqbal', 'Tillakaratne Dilshan', 'Anamul Haque', 'Jeevan Mendis', 'Ziaur Rahman', 'Elton Chigumbura', 'Asif Ahmed', 'Mohammad Amir', 'Shafiul Islam', 'Enamul Haque jnr', 'Taskin Ahmed']","['Lendl Simmons', 'Soumya Sarkar', 'Mohammad Mithun', 'Misbah-ul-Haq', 'Shakib Al Hasan', 'Al-Amin', 'Thisara Perera', 'Daren Sammy', 'Arafat Sunny', 'Saqlain Sajib', 'Abu Jayed']",Rangpur Riders,Wickets,2.0,Misbah-ul-Haq,Enamul Haque,Sharfuddoula,Ranmore Martinesz,Akteruzzaman,Raqibul Hasan
3,81,2015-11-22T00:00:00.000Z,Dhaka,"Shere Bangla National Stadium, Mirpur",night,2nd Match,Comilla Victorians,Dhaka Dynamites,Comilla Victorians,Bat,110.0,8.0,20.0,112.0,4.0,19.2,Mashrafe Mortaza,,"['Imrul Kayes', 'Litton Das', 'Marlon Samuels', 'Shuvagata Hom', 'Darren Stevens', 'Mahmudul Hasan', 'Ariful Haque', 'Mashrafe Mortaza', 'Krishmar Santokie', 'Sunil Narine', 'Abu Hider']","['Shamsur Rahman', 'Nasir Jamshed', 'Kumar Sangakkara', 'Mosaddek Hossain', 'Ryan ten Doeschate', 'Nasir Hossain', 'Mosharraf Hossain', 'Farhad Reza', 'Mustafizur Rahman', 'Yasir Shah', 'Abul Hasan']",Dhaka Dynamites,Wickets,6.0,Abul Hasan,Enamul Haque,Ranmore Martinesz,Sharfuddoula,Akteruzzaman,Raqibul Hasan
3,82,2015-11-23T00:00:00.000Z,Dhaka,"Shere Bangla National Stadium, Mirpur",day,3rd Match,Chittagong Vikings,Sylhet Super Stars,Sylhet Super Stars,Bowl,180.0,5.0,20.0,179.0,6.0,20.0,Tamim Iqbal,,"['Tamim Iqbal', 'Tillakaratne Dilshan', 'Yasir Ali', 'Anamul Haque', 'Jeevan Mendis', 'Ziaur Rahman', 'Shafiul Islam', 'Saeed Ajmal', 'Asif Ahmed', 'Mohammad Amir', 'Taskin Ahmed']","['Dilshan Munaweera', 'Zunaed Siddique', 'Mominul Haque', 'Mushfiqur Rahim', 'Nurul Hasan', 'Nazmul Hossain Milon', 'Mohammad Shahid', 'Ajantha Mendis', 'Nazmul Islam', 'Subashis Roy', 'Nasum Ahmed']",Chittagong Vikings,Runs,1.0,Shafiul Islam,Masudur Rahman,Sharfuddoula,Enamul Haque,Gazi Sohel,Raqibul Hasan
3,83,2015-11-23T00:00:00.000Z,Dhaka,"Shere Bangla National Stadium, Mirpur",night,4th Match,Barisal Bulls,Rangpur Riders,Rangpur Riders,Bowl,155.0,9.0,20.0,142.0,10.0,20.0,Mahmudullah,Shakib Al Hasan,"['Shahriar Nafees', 'Rony Talukdar', 'Brendan Taylor', 'Mahmudullah', 'Sabbir Rahman', 'Nadif Chowdhury', 'Seekkuge Prasanna', 'Kevon Cooper', 'Mohammad Sami', 'Taijul Islam', 'Al-Amin Hossain']","['Lendl Simmons', 'Soumya Sarkar', 'Shakib Al Hasan', 'Misbah-ul-Haq', 'Mohammad Mithun', 'Thisara Perera', 'Daren Sammy', 'Al-Amin', 'Muktar Ali', 'Saqlain Sajib', 'Abu Jayed']",Barisal Bulls,Runs,13.0,Kevon Cooper,Enamul Haque,Masudur Rahman,Sharfuddoula,Gazi Sohel,Raqibul Hasan
3,84,2015-11-24T00:00:00.000Z,Dhaka,"Shere Bangla National Stadium, Mirpur",day,5th Match,Chittagong Vikings,Comilla Victorians,Comilla Victorians,Bowl,176.0,4.0,20.0,177.0,3.0,18.5,Tamim Iqbal,Mashrafe Mortaza,"['Tamim Iqbal', 'Tillakaratne Dilshan', 'Anamul Haque', 'Chamara Kapugedera', 'Yasir Ali', 'Ziaur Rahman', 'Shafiul Islam', 'Saeed Ajmal', 'Asif Ahmed', 'Mohammad Amir', 'Taskin Ahmed']","['Litton Das', 'Imrul Kayes', 'Marlon Samuels', 'Shuvagata Hom', 'Mashrafe Mortaza', 'Mahmudul Hasan', 'Alok Kapali', 'Ashar Zaidi', 'Krishmar Santokie', 'Sunil Narine', 'Abu Hider']",Comilla Victorians,Wickets,7.0,Mashrafe Mortaza,Anisur Rahman,Ranmore Martinesz,Masudur Rahman,Moniruzzaman,Raqibul Hasan
3,85,2015-11-24T00:00:00.000Z,Dhaka,"Shere Bangla National Stadium, Mirpur",night,6th Match,Barisal Bulls,Sylhet Super Stars,Barisal Bulls,Bat,108.0,10.0,19.3,107.0,9.0,20.0,Mahmudullah,,"['Shahriar Nafees', 'Rony Talukdar', 'Brendan Taylor', 'Mahmudullah', 'Sabbir Rahman', 'Nadif Chowdhury', 'Seekkuge Prasanna', 'Kevon Cooper', 'Taijul Islam', 'Mohammad Sami', 'Al-Amin Hossain']","['Dilshan Munaweera', 'Mominul Haque', 'Ravi Bopara', 'Nurul Hasan', 'Mushfiqur Rahim', 'Owais Shah', 'Nazmul Hossain Milon', 'Nazmul Islam', 'Mohammad Shahid', 'Fidel Edwards', 'Subashis Roy']",Barisal Bulls,Runs,1.0,Al-Amin Hossain,Anisur Rahman,Masudur Rahman,Ranmore Martinesz,Moniruzzaman,Raqibul Hasan
3,86,2015-11-25T00:00:00.000Z,Dhaka,"Shere Bangla National Stadium, Mirpur",day,7th Match,Rangpur Riders,Dhaka Dynamites,Rangpur Riders,Bat,176.0,6.0,20.0,107.0,10.0,19.4,Shakib Al Hasan,,"['Lendl Simmons', 'Soumya Sarkar', 'Mohammad Mithun', 'Thisara Perera', 'Daren Sammy', 'Shakib Al Hasan', 'Al-Amin', 'Jahurul Islam', 'Sachithra Senanayake', 'Arafat Sunny', 'Abu Jayed']","['Nasir Jamshed', 'Shamsur Rahman', 'Kumar Sangakkara', 'Mosaddek Hossain', 'Ryan ten Doeschate', 'Nasir Hossain', 'Abul Hasan', 'Farhad Reza', 'Yasir Shah', 'Mosharraf Hossain', 'Mustafizur Rahman']",Rangpur Riders,Runs,69.0,Shakib Al Hasan,Enamul Haque,Mahfuzur Rahman,Tanvir Ahmed,Masudur Rahman,Salim Shahed
3,87,2015-11-25T00:00:00.000Z,Dhaka,"Shere Bangla National Stadium, Mirpur",night,8th Match,Barisal Bulls,Comilla Victorians,Barisal Bulls,Bat,89.0,10.0,18.3,90.0,2.0,18.0,Mahmudullah,Mashrafe Mortaza,"['Shahriar Nafees', 'Rony Talukdar', 'Brendan Taylor', 'Mahmudullah', 'Sabbir Rahman', 'Nadif Chowdhury', 'Seekkuge Prasanna', 'Kevon Cooper', 'Taijul Islam', 'Mohammad Sami', 'Al-Amin Hossain']","['Imrul Kayes', 'Mahmudul Hasan', 'Marlon Samuels', 'Shuvagata Hom', 'Mashrafe Mortaza', 'Alok Kapali', 'Sunil Narine', 'Ashar Zaidi', 'Nuwan Kulasekara', 'Abu Hider', 'Dhiman Ghosh']",Comilla Victorians,Wickets,8.0,Nuwan Kulasekara,Masudur Rahman,Tanvir Ahmed,Enamul Haque,Mahfuzur Rahman,Salim Shahed
3,88,2015-11-26T00:00:00.000Z,Dhaka,"Shere Bangla National Stadium, Mirpur",day,9th Match,Rangpur Riders,Sylhet Super Stars,Rangpur Riders,Bat,109.0,9.0,20.0,103.0,10.0,19.2,Shakib Al Hasan,,"['Lendl Simmons', 'Soumya Sarkar', 'Shakib Al Hasan', 'Mohammad Mithun', 'Jahurul Islam', 'Thisara Perera', 'Daren Sammy', 'Sachithra Senanayake', 'Arafat Sunny', 'Saqlain Sajib', 'Abu Jayed']","['Dilshan Munaweera', 'Josh Cobb', 'Mominul Haque', 'Mushfiqur Rahim', 'Nazmul Islam', 'Ravi Bopara', 'Nasum Ahmed', 'Nazmul Hossain Milon', 'Nurul Hasan', 'Mohammad Shahid', 'Ajantha Mendis']",Rangpur Riders,Runs,6.0,Shakib Al Hasan,Sharfuddoula,Tanvir Ahmed,Ranmore Martinesz,Akteruzzaman,Salim Shahed
3,89,2015-11-26T00:00:00.000Z,Dhaka,"Shere Bangla National Stadium, Mirpur",night,10th Match,Chittagong Vikings,Dhaka Dynamites,Chittagong Vikings,Bat,92.0,10.0,18.4,96.0,4.0,17.1,Tamim Iqbal,,"['Tamim Iqbal', 'Tillakaratne Dilshan', 'Anamul Haque', 'Yasir Ali', 'Naeem Islam', 'Mohammad Amir', 'Jeevan Mendis', 'Ziaur Rahman', 'Shafiul Islam', 'Enamul Haque jnr', 'Saeed Ajmal']","['Shykat Ali', 'Shadman Islam', 'Nasir Jamshed', 'Nasir Hossain', 'Abul Hasan', 'Kumar Sangakkara', 'Mosharraf Hossain', 'Mustafizur Rahman', 'Farhad Reza', 'Yasir Shah', 'Malcolm Waller']",Dhaka Dynamites,Wickets,6.0,Shadman Islam,Ranmore Martinesz,Sharfuddoula,Tanvir Ahmed,Akteruzzaman,Salim Shahed
3,90,2015-11-27T00:00:00.000Z,Dhaka,"Shere Bangla National Stadium, Mirpur",day,11th Match,Rangpur Riders,Comilla Victorians,Comilla Victorians,Bowl,82.0,10.0,20.0,84.0,1.0,11.5,Misbah-ul-Haq,Mashrafe Mortaza,"['Lendl Simmons', 'Soumya Sarkar', 'Mohammad Mithun', 'Jahurul Islam', 'Misbah-ul-Haq', 'Al-Amin', 'Thisara Perera', 'Sachithra Senanayake', 'Arafat Sunny', 'Saqlain Sajib', 'Abu Jayed']","['Imrul Kayes', 'Mahmudul Hasan', 'Marlon Samuels', 'Shuvagata Hom', 'Abu Hider', 'Dhiman Ghosh', 'Alok Kapali', 'Nuwan Kulasekara', 'Mashrafe Mortaza', 'Sunil Narine', 'Ashar Zaidi']",Comilla Victorians,Wickets,9.0,Marlon Samuels,Mahfuzur Rahman,Masudur Rahman,Tanvir Ahmed,Mozahiduzzaman,Salim Shahed
3,91,2015-11-27T00:00:00.000Z,Dhaka,"Shere Bangla National Stadium, Mirpur",night,12th Match,Dhaka Dynamites,Sylhet Super Stars,Dhaka Dynamites,Bat,166.0,6.0,20.0,132.0,10.0,19.5,,,"['Shykat Ali', 'Shadman Islam', 'Kumar Sangakkara', 'Nasir Hossain', 'Lahiru Thirimanne', 'Malcolm Waller', 'Abul Hasan', 'Mustafizur Rahman', 'Farhad Reza', 'Yasir Shah', 'Mosharraf Hossain']","['Dilshan Munaweera', 'Josh Cobb', 'Mominul Haque', 'Mushfiqur Rahim', 'Ravi Bopara', 'Nurul Hasan', 'Nazmul Hossain Milon', 'Nazmul Islam', 'Mohammad Shahid', 'Nasum Ahmed', 'Fidel Edwards']",Dhaka Dynamites,Runs,34.0,Kumar Sangakkara,Mahfuzur Rahman,Tanvir Ahmed,Masudur Rahman,Mozahiduzzaman,Salim Shahed
3,92,2015-11-30T00:00:00.000Z,Chattogram,"Zahur Ahmed Chowdhury Stadium, Chittagong",day,13th Match,Barisal Bulls,Chittagong Vikings,Chittagong Vikings,Bowl,170.0,7.0,20.0,137.0,10.0,19.5,Mahmudullah,Tamim Iqbal,"['Evin Lewis', 'Rony Talukdar', 'Mehedi Maruf', 'Sabbir Rahman', 'Mahmudullah', 'Nadif Chowdhury', 'Seekkuge Prasanna', 'Kevon Cooper', 'Mohammad Sami', 'Al-Amin Hossain', 'Taijul Islam']","['Tamim Iqbal', 'Tillakaratne Dilshan', 'Kamran Akmal', 'Anamul Haque', 'Naeem Islam', 'Elton Chigumbura', 'Ziaur Rahman', 'Mohammad Amir', 'Shafiul Islam', 'Enamul Haque jnr', 'Asif Hasan']",Barisal Bulls,Runs,33.0,Kevon Cooper,Ranmore Martinesz,Sharfuddoula,Enamul Haque,Manjurul Islam,Akhtar Ahmad
3,93,2015-11-30T00:00:00.000Z,Chattogram,"Zahur Ahmed Chowdhury Stadium, Chittagong",night,14th Match,Comilla Victorians,Sylhet Super Stars,Sylhet Super Stars,Bowl,164.0,5.0,20.0,168.0,6.0,19.4,Mashrafe Mortaza,,"['Litton Das', 'Imrul Kayes', 'Mukhtar Ahmed', 'Shuvagata Hom', 'Ashar Zaidi', 'Alok Kapali', 'Mashrafe Mortaza', 'Nuwan Kulasekara', 'Abu Hider', 'Sunzamul Islam', 'Krishmar Santokie']","['Dilshan Munaweera', 'Mominul Haque', 'Ravi Bopara', 'Mushfiqur Rahim', 'Hammad Azam', 'Shehan Jayasuriya', 'Nurul Hasan', 'Nazmul Hossain Milon', 'Rubel Hossain', 'Nazmul Islam', 'Mohammad Shahid']",Sylhet Super Stars,Wickets,4.0,Ravi Bopara,Enamul Haque,Sharfuddoula,Ranmore Martinesz,Manjurul Islam,Akhtar Ahmad
3,94,2015-12-01T00:00:00.000Z,Chattogram,"Zahur Ahmed Chowdhury Stadium, Chittagong",day,15th Match,Chittagong Vikings,Rangpur Riders,Chittagong Vikings,Bat,111.0,8.0,20.0,113.0,1.0,17.0,Tamim Iqbal,Shakib Al Hasan,"['Tamim Iqbal', 'Tillakaratne Dilshan', 'Kamran Akmal', 'Anamul Haque', 'Umar Akmal', 'Ziaur Rahman', 'Naeem Islam', 'Mohammad Amir', 'Shafiul Islam', 'Taskin Ahmed', 'Asif Hasan']","['Jahurul Islam', 'Soumya Sarkar', 'Shakib Al Hasan', 'Misbah-ul-Haq', 'Thisara Perera', 'Arafat Sunny', 'Saqlain Sajib', 'Muktar Ali', 'Mohammad Mithun', 'Daren Sammy', 'Mohammad Nabi']",Rangpur Riders,Wickets,9.0,Soumya Sarkar,Enamul Haque,Sharfuddoula,Ranmore Martinesz,Manjurul Islam,Akhtar Ahmad
3,95,2015-12-01T00:00:00.000Z,Chattogram,"Zahur Ahmed Chowdhury Stadium, Chittagong",night,16th Match,Dhaka Dynamites,Barisal Bulls,Barisal Bulls,Bowl,158.0,5.0,20.0,159.0,1.0,18.4,,Mahmudullah,"['Shykat Ali', 'Kumar Sangakkara', 'Lahiru Thirimanne', 'Nasir Hossain', 'Abul Hasan', 'Ryan ten Doeschate', 'Malcolm Waller', 'Farhad Reza', 'Mosharraf Hossain', 'Nabil Samad', 'Mustafizur Rahman']","['Rony Talukdar', 'Evin Lewis', 'Mehedi Maruf', 'Sabbir Rahman', 'Mahmudullah', 'Nadif Chowdhury', 'Seekkuge Prasanna', 'Kevon Cooper', 'Mohammad Sami', 'Al-Amin Hossain', 'Taijul Islam']",Barisal Bulls,Wickets,9.0,Evin Lewis,Enamul Haque,Ranmore Martinesz,Sharfuddoula,Manjurul Islam,Akhtar Ahmad
3,96,2015-12-02T00:00:00.000Z,Chattogram,"Zahur Ahmed Chowdhury Stadium, Chittagong",day,17th Match,Comilla Victorians,Dhaka Dynamites,Dhaka Dynamites,Bowl,141.0,7.0,20.0,131.0,6.0,20.0,Mashrafe Mortaza,,"['Litton Das', 'Ahmed Shehzad', 'Imrul Kayes', 'Shoaib Malik', 'Mashrafe Mortaza', 'Ashar Zaidi', 'Alok Kapali', 'Shuvagata Hom', 'Dolar Mahmud', 'Nuwan Kulasekara', 'Abu Hider']","['Shykat Ali', 'Shadman Islam', 'Kumar Sangakkara', 'Nasir Hossain', 'Ryan ten Doeschate', 'Malcolm Waller', 'Abul Hasan', 'Farhad Reza', 'Mustafizur Rahman', 'Yasir Shah', 'Mosharraf Hossain']",Comilla Victorians,Runs,10.0,Ashar Zaidi,Mahfuzur Rahman,Tanvir Ahmed,Anisur Rahman,Morshed Ali Khan,Neeyamur Rashid
3,97,2015-12-02T00:00:00.000Z,Chattogram,"Zahur Ahmed Chowdhury Stadium, Chittagong",night,18th Match,Sylhet Super Stars,Chittagong Vikings,Chittagong Vikings,Bowl,139.0,9.0,20.0,140.0,0.0,16.1,,Tamim Iqbal,"['Dilshan Munaweera', 'Nurul Hasan', 'Ravi Bopara', 'Mushfiqur Rahim', 'Mominul Haque', 'Shahid Afridi', 'Nazmul Hossain Milon', 'Sohail Tanvir', 'Abdur Razzak', 'Mohammad Shahid', 'Rubel Hossain']","['Tamim Iqbal', 'Tillakaratne Dilshan', 'Anamul Haque', 'Umar Akmal', 'Ziaur Rahman', 'Mohammad Amir', 'Shafiul Islam', 'Taskin Ahmed', 'Asif Hasan', 'Yasir Ali', 'Bilawal Bhatti']",Chittagong Vikings,Wickets,10.0,Tillakaratne Dilshan,Anisur Rahman,Morshed Ali Khan,Tanvir Ahmed,Mahfuzur Rahman,Neeyamur Rashid
3,98,2015-12-03T00:00:00.000Z,Chattogram,"Zahur Ahmed Chowdhury Stadium, Chittagong",day,19th Match,Rangpur Riders,Barisal Bulls,Barisal Bulls,Bowl,104.0,9.0,20.0,75.0,4.0,12.3,Shakib Al Hasan,Mahmudullah,"['Jahurul Islam', 'Soumya Sarkar', 'Shakib Al Hasan', 'Mohammad Mithun', 'Misbah-ul-Haq', 'Thisara Perera', 'Mohammad Nabi', 'Al-Amin', 'Wahab Riaz', 'Muktar Ali', 'Arafat Sunny']","['Rony Talukdar', 'Evin Lewis', 'Mehedi Maruf', 'Mahmudullah', 'Nadif Chowdhury', 'Seekkuge Prasanna', 'Sabbir Rahman', 'Mohammad Sami', 'Al-Amin Hossain', 'Taijul Islam', 'Rayad Emrit']",Barisal Bulls,Wickets,6.0,Al-Amin Hossain,Anisur Rahman,Ranmore Martinesz,Tanvir Ahmed,Morshed Ali Khan,Neeyamur Rashid
3,99,2015-12-03T00:00:00.000Z,Chattogram,"Zahur Ahmed Chowdhury Stadium, Chittagong",night,20th Match,Chittagong Vikings,Comilla Victorians,Comilla Victorians,Bowl,136.0,5.0,20.0,142.0,5.0,19.4,Tamim Iqbal,Mashrafe Mortaza,"['Tamim Iqbal', 'Tillakaratne Dilshan', 'Anamul Haque', 'Umar Akmal', 'Mohammad Amir', 'Ziaur Rahman', 'Bilawal Bhatti', 'Taskin Ahmed', 'Asif Hasan', 'Yasir Ali', 'Shafiul Islam']","['Litton Das', 'Imrul Kayes', 'Ahmed Shehzad', 'Shoaib Malik', 'Ashar Zaidi', 'Shuvagata Hom', 'Alok Kapali', 'Mashrafe Mortaza', 'Ariful Haque', 'Nuwan Kulasekara', 'Abu Hider']",Comilla Victorians,Wickets,5.0,Shoaib Malik,Mahfuzur Rahman,Morshed Ali Khan,Anisur Rahman,Tanvir Ahmed,Neeyamur Rashid
3,100,2015-12-06T00:00:00.000Z,Dhaka,"Shere Bangla National Stadium, Mirpur",day,21st Match,Barisal Bulls,Sylhet Super Stars,Sylhet Super Stars,Bowl,58.0,10.0,16.0,62.0,1.0,11.2,Mahmudullah,Shahid Afridi,"['Chris Gayle', 'Evin Lewis', 'Rony Talukdar', 'Mehedi Maruf', 'Mahmudullah', 'Sabbir Rahman', 'Seekkuge Prasanna', 'Mohammad Sami', 'Taijul Islam', 'Sajedul Islam', 'Al-Amin Hossain']","['Dilshan Munaweera', 'Zunaed Siddique', 'Nurul Hasan', 'Abdur Razzak', 'Mohammad Shahid', 'Rubel Hossain', 'Nazmul Hossain Milon', 'Sohail Tanvir', 'Mushfiqur Rahim', 'Shahid Afridi', 'Ravi Bopara']",Sylhet Super Stars,Wickets,9.0,Zunaed Siddique,Gazi Sohel,Ranmore Martinesz,Ahsan Raza,Shafiuddin Ahmed,Showkatur Rahman
3,101,2015-12-06T00:00:00.000Z,Dhaka,"Shere Bangla National Stadium, Mirpur",night,22nd Match,Dhaka Dynamites,Rangpur Riders,Dhaka Dynamites,Bat,135.0,7.0,20.0,136.0,4.0,18.2,,Shakib Al Hasan,"['Shamsur Rahman', 'Shadman Islam', 'Shykat Ali', 'Kumar Sangakkara', 'Nasir Hossain', 'Ryan ten Doeschate', 'Mosaddek Hossain', 'Abul Hasan', 'Sohail Khan', 'Mohammad Irfan', 'Mustafizur Rahman']","['Lendl Simmons', 'Soumya Sarkar', 'Jahurul Islam', 'Shakib Al Hasan', 'Daren Sammy', 'Thisara Perera', 'Mohammad Nabi', 'Muktar Ali', 'Abu Jayed', 'Mohammad Mithun', 'Arafat Sunny']",Rangpur Riders,Wickets,6.0,Jahurul Islam,Ahsan Raza,Enamul Haque,Masudur Rahman,Awal Babu,Showkatur Rahman
3,102,2015-12-07T00:00:00.000Z,Dhaka,"Shere Bangla National Stadium, Mirpur",day,23rd Match,Barisal Bulls,Comilla Victorians,Comilla Victorians,Bowl,105.0,6.0,20.0,106.0,3.0,17.3,Mahmudullah,Mashrafe Mortaza,"['Chris Gayle', 'Evin Lewis', 'Rony Talukdar', 'Mehedi Maruf', 'Mahmudullah', 'Sabbir Rahman', 'Seekkuge Prasanna', 'Rayad Emrit', 'Al-Amin Hossain', 'Sajedul Islam', 'Taijul Islam']","['Litton Das', 'Imrul Kayes', 'Ahmed Shehzad', 'Shoaib Malik', 'Ashar Zaidi', 'Darren Stevens', 'Shuvagata Hom', 'Alok Kapali', 'Mashrafe Mortaza', 'Kamrul Islam', 'Abu Hider']",Comilla Victorians,Wickets,7.0,Ahmed Shehzad,Ahsan Raza,Masudur Rahman,Anisur Rahman,Shafiuddin Ahmed,Showkatur Rahman
3,103,2015-12-07T00:00:00.000Z,Dhaka,"Shere Bangla National Stadium, Mirpur",night,24th Match,Sylhet Super Stars,Rangpur Riders,Rangpur Riders,Bowl,59.0,10.0,11.5,60.0,2.0,9.5,Shahid Afridi,Shakib Al Hasan,"['Dilshan Munaweera', 'Zunaed Siddique', 'Nurul Hasan', 'Mushfiqur Rahim', 'Ravi Bopara', 'Shahid Afridi', 'Nazmul Hossain Milon', 'Sohail Tanvir', 'Abdur Razzak', 'Mohammad Shahid', 'Rubel Hossain']","['Lendl Simmons', 'Soumya Sarkar', 'Shakib Al Hasan', 'Jahurul Islam', 'Daren Sammy', 'Thisara Perera', 'Mohammad Nabi', 'Muktar Ali', 'Abu Jayed', 'Mohammad Mithun', 'Arafat Sunny']",Rangpur Riders,Wickets,8.0,Arafat Sunny,Anisur Rahman,Gazi Sohel,Masudur Rahman,Shafiuddin Ahmed,Showkatur Rahman
3,104,2015-12-08T00:00:00.000Z,Dhaka,"Shere Bangla National Stadium, Mirpur",day,25th Match,Dhaka Dynamites,Chittagong Vikings,Chittagong Vikings,Bowl,121.0,8.0,20.0,76.0,9.0,16.5,,Tamim Iqbal,"['Shykat Ali', 'Yasir Shah', 'Mohammad Hafeez', 'Kumar Sangakkara', 'Nasir Hossain', 'Mosaddek Hossain', 'Malcolm Waller', 'Abul Hasan', 'Mosharraf Hossain', 'Nabil Samad', 'Mustafizur Rahman']","['Tamim Iqbal', 'Tillakaratne Dilshan', 'Anamul Haque', 'Yasir Ali', 'Umar Akmal', 'Elias Sunny', 'Bilawal Bhatti', 'Mohammad Amir', 'Shafiul Islam', 'Asif Hasan', 'Ziaur Rahman']",Dhaka Dynamites,Runs,45.0,Mosharraf Hossain,Ahsan Raza,Masudur Rahman,Gazi Sohel,Moniruzzaman,Showkatur Rahman
3,105,2015-12-08T00:00:00.000Z,Dhaka,"Shere Bangla National Stadium, Mirpur",night,26th Match,Rangpur Riders,Comilla Victorians,Comilla Victorians,Bowl,153.0,6.0,20.0,132.0,10.0,19.5,Shakib Al Hasan,Mashrafe Mortaza,"['Lendl Simmons', 'Soumya Sarkar', 'Jahurul Islam', 'Shakib Al Hasan', 'Thisara Perera', 'Daren Sammy', 'Mohammad Nabi', 'Mohammad Mithun', 'Abu Jayed', 'Arafat Sunny', 'Saqlain Sajib']","['Imrul Kayes', 'Mahmudul Hasan', 'Ahmed Shehzad', 'Ashar Zaidi', 'Shoaib Malik', 'Shuvagata Hom', 'Andre Russell', 'Mashrafe Mortaza', 'Dhiman Ghosh', 'Abu Hider', 'Kamrul Islam']",Rangpur Riders,Runs,21.0,Jahurul Islam,Gazi Sohel,Ranmore Martinesz,Anisur Rahman,Moniruzzaman,Showkatur Rahman
3,106,2015-12-09T00:00:00.000Z,Dhaka,"Shere Bangla National Stadium, Mirpur",day,27th Match,Dhaka Dynamites,Sylhet Super Stars,Sylhet Super Stars,Bowl,157.0,5.0,20.0,162.0,4.0,19.5,,Shahid Afridi,"['Yasir Shah', 'Farhad Reza', 'Mohammad Hafeez', 'Kumar Sangakkara', 'Nasir Hossain', 'Malcolm Waller', 'Mosaddek Hossain', 'Abul Hasan', 'Mosharraf Hossain', 'Nabil Samad', 'Mustafizur Rahman']","['Josh Cobb', 'Zunaed Siddique', 'Ravi Bopara', 'Sohail Tanvir', 'Shahid Afridi', 'Mushfiqur Rahim', 'Mominul Haque', 'Nurul Hasan', 'Abdur Razzak', 'Mohammad Shahid', 'Rubel Hossain']",Sylhet Super Stars,Wickets,6.0,Ravi Bopara,Mahfuzur Rahman,Masudur Rahman,Gazi Sohel,Akteruzzaman,Neeyamur Rashid
3,107,2015-12-09T00:00:00.000Z,Dhaka,"Shere Bangla National Stadium, Mirpur",night,28th Match,Chittagong Vikings,Barisal Bulls,Barisal Bulls,Bowl,135.0,7.0,20.0,141.0,2.0,15.0,Tillakaratne Dilshan,Mahmudullah,"['Anamul Haque', 'Tillakaratne Dilshan', 'Yasir Ali', 'Umar Akmal', 'Jeevan Mendis', 'Naeem Islam', 'Asif Ahmed', 'Bilawal Bhatti', 'Taskin Ahmed', 'Shafiul Islam', 'Elias Sunny']","['Chris Gayle', 'Rony Talukdar', 'Mehedi Maruf', 'Mahmudullah', 'Evin Lewis', 'Sabbir Rahman', 'Mohammad Sami', 'Sohag Gazi', 'Kevon Cooper', 'Al-Amin Hossain', 'Taijul Islam']",Barisal Bulls,Wickets,8.0,Chris Gayle,Ahsan Raza,Gazi Sohel,Masudur Rahman,Mahfuzur Rahman,Neeyamur Rashid
3,108,2015-12-10T00:00:00.000Z,Dhaka,"Shere Bangla National Stadium, Mirpur",day,29th Match,Comilla Victorians,Sylhet Super Stars,Sylhet Super Stars,Bowl,150.0,4.0,20.0,79.0,10.0,13.5,Mashrafe Mortaza,Shahid Afridi,"['Imrul Kayes', 'Litton Das', 'Ahmed Shehzad', 'Alok Kapali', 'Ashar Zaidi', 'Andre Russell', 'Shuvagata Hom', 'Mashrafe Mortaza', 'Naeem Islam jnr', 'Abu Hider', 'Nuwan Kulasekara']","['Josh Cobb', 'Zunaed Siddique', 'Ravi Bopara', 'Mushfiqur Rahim', 'Sohail Tanvir', 'Shahid Afridi', 'Nurul Hasan', 'Mominul Haque', 'Abdur Razzak', 'Mohammad Shahid', 'Rubel Hossain']",Comilla Victorians,Runs,71.0,Ahmed Shehzad,Ahsan Raza,Enamul Haque,Gazi Sohel,Akteruzzaman,Akhtar Ahmad
3,109,2015-12-10T00:00:00.000Z,Dhaka,"Shere Bangla National Stadium, Mirpur",night,30th Match,Dhaka Dynamites,Barisal Bulls,Barisal Bulls,Bowl,136.0,6.0,20.0,137.0,8.0,19.4,Nasir Hossain,Mahmudullah,"['Mohammad Hafeez', 'Farhad Reza', 'Nasir Hossain', 'Malcolm Waller', 'Ryan ten Doeschate', 'Mosaddek Hossain', 'Shykat Ali', 'Irfaan Shukkur', 'Nabil Samad', 'Mosharraf Hossain', 'Mohammad Irfan']","['Mehedi Maruf', 'Rony Talukdar', 'Brendan Taylor', 'Mahmudullah', 'Evin Lewis', 'Sabbir Rahman', 'Sohag Gazi', 'Rayad Emrit', 'Sohrawordi Shuvo', 'Nikhil Dutta', 'Al-Amin Hossain']",Barisal Bulls,Wickets,2.0,,Gazi Sohel,Ranmore Martinesz,Enamul Haque,Akteruzzaman,Akhtar Ahmad
3,110,2015-12-12T00:00:00.000Z,Dhaka,"Shere Bangla National Stadium, Mirpur",day,Qualifier 1,Comilla Victorians,Rangpur Riders,Rangpur Riders,Bowl,163.0,7.0,20.0,91.0,10.0,17.0,Mashrafe Mortaza,Shakib Al Hasan,"['Imrul Kayes', 'Litton Das', 'Mashrafe Mortaza', 'Andre Russell', 'Ashar Zaidi', 'Ahmed Shehzad', 'Alok Kapali', 'Shuvagata Hom', 'Abu Hider', 'Mahmudul Hasan', 'Nuwan Kulasekara']","['Lendl Simmons', 'Soumya Sarkar', 'Jahurul Islam', 'Mohammad Mithun', 'Shakib Al Hasan', 'Mohammad Nabi', 'Al-Amin', 'Thisara Perera', 'Daren Sammy', 'Arafat Sunny', 'Saqlain Sajib']",Comilla Victorians,Runs,72.0,Ashar Zaidi,Enamul Haque,Ranmore Martinesz,Gazi Sohel,Tanvir Ahmed,Raqibul Hasan
3,111,2015-12-12T00:00:00.000Z,Dhaka,"Shere Bangla National Stadium, Mirpur",night,Eliminator,Barisal Bulls,Dhaka Dynamites,Dhaka Dynamites,Bowl,135.0,5.0,20.0,117.0,8.0,20.0,Mahmudullah,,"['Rony Talukdar', 'Chris Gayle', 'Sabbir Rahman', 'Mahmudullah', 'Mehedi Maruf', 'Rayad Emrit', 'Kevon Cooper', 'Nadif Chowdhury', 'Al-Amin Hossain', 'Taijul Islam', 'Mohammad Sami']","['Abul Hasan', 'Farhad Reza', 'Mohammad Hafeez', 'Kumar Sangakkara', 'Nasir Hossain', 'Mosaddek Hossain', 'Malcolm Waller', 'Yasir Shah', 'Mosharraf Hossain', 'Nabil Samad', 'Mustafizur Rahman']",Barisal Bulls,Runs,18.0,Al-Amin Hossain,Ahsan Raza,Gazi Sohel,Tanvir Ahmed,Akteruzzaman,Raqibul Hasan
3,112,2015-12-13T00:00:00.000Z,Dhaka,"Shere Bangla National Stadium, Mirpur",night,Qualifier 2,Rangpur Riders,Barisal Bulls,Rangpur Riders,Bat,160.0,9.0,20.0,163.0,5.0,19.3,Shakib Al Hasan,Mahmudullah,"['Lendl Simmons', 'Abdullah Al Mamun', 'Soumya Sarkar', 'Shakib Al Hasan', 'Thisara Perera', 'Daren Sammy', 'Mohammad Nabi', 'Mohammad Mithun', 'Arafat Sunny', 'Saqlain Sajib', 'Abu Jayed']","['Rony Talukdar', 'Seekkuge Prasanna', 'Sabbir Rahman', 'Shahriar Nafees', 'Mahmudullah', 'Rayad Emrit', 'Kevon Cooper', 'Mehedi Maruf', 'Al-Amin Hossain', 'Taijul Islam', 'Mohammad Sami']",Barisal Bulls,Wickets,5.0,Sabbir Rahman,Enamul Haque,Ranmore Martinesz,Masudur Rahman,Mahfuzur Rahman,Raqibul Hasan
3,113,2015-12-15T00:00:00.000Z,Dhaka,"Shere Bangla National Stadium, Mirpur",night,Final,Barisal Bulls,Comilla Victorians,Comilla Victorians,Bowl,156.0,4.0,20.0,157.0,7.0,20.0,Mahmudullah,Mashrafe Mortaza,"['Mehedi Maruf', 'Seekkuge Prasanna', 'Sabbir Rahman', 'Shahriar Nafees', 'Mahmudullah', 'Kevon Cooper', 'Rayad Emrit', 'Rony Talukdar', 'Al-Amin Hossain', 'Nadif Chowdhury', 'Mohammad Sami']","['Imrul Kayes', 'Litton Das', 'Ahmed Shehzad', 'Alok Kapali', 'Ashar Zaidi', 'Darren Stevens', 'Mashrafe Mortaza', 'Shuvagata Hom', 'Nuwan Kulasekara', 'Naeem Islam jnr', 'Abu Hider']",Comilla Victorians,Wickets,3.0,Alok Kapali,Ahsan Raza,Ranmore Martinesz,Enamul Haque,Gazi Sohel,Raqibul Hasan
4,114,2016-11-08T00:00:00.000Z,Dhaka,"Shere Bangla National Stadium, Mirpur",day,1st Match,Chittagong Vikings,Comilla Victorians,Comilla Victorians,Bowl,161.0,3.0,20.0,132.0,8.0,20.0,Tamim Iqbal,Mashrafe Mortaza,"['Tamim Iqbal', 'Dwayne Smith', 'Anamul Haque', 'Shoaib Malik', 'Jahurul Islam', 'Taskin Ahmed', 'Abdur Razzak', 'Mohammad Nabi', 'Tymal Mills', 'Zakir Hasan', 'Nazmul Hossain Milon']","['Litton Das', 'Imrul Kayes', 'Marlon Samuels', 'Najmul Hossain Shanto', 'Ashar Zaidi', 'Mashrafe Mortaza', 'Imad Wasim', 'Al-Amin', 'Sohail Tanvir', 'Mohammad Sharif', 'Nahidul Islam']",Chittagong Vikings,Runs,29.0,Mohammad Nabi,Gazi Sohel,Ranmore Martinesz,Masudur Rahman,Morshed Ali Khan,Raqibul Hasan
4,115,2016-11-08T00:00:00.000Z,Dhaka,"Shere Bangla National Stadium, Mirpur",night,2nd Match,Barisal Bulls,Dhaka Dynamites,Dhaka Dynamites,Bowl,148.0,6.0,20.0,149.0,2.0,16.0,,Shakib Al Hasan,"['Shamsur Rahman', 'Dilshan Munaweera', 'Dawid Malan', 'Mushfiqur Rahim', 'Shahriar Nafees', 'Thisara Perera', 'Rayad Emrit', 'Mahedi Hasan', 'Al-Amin Hossain', 'Taijul Islam', 'Monir Hossain']","['Mehedi Maruf', 'Kumar Sangakkara', 'Shakib Al Hasan', 'Mosaddek Hossain', 'Alauddin Babu', 'Nasir Hossain', 'Mohammad Shahid', 'Sunzamul Islam', 'Dwayne Bravo', 'Ravi Bopara', 'Andre Russell']",Dhaka Dynamites,Wickets,8.0,Mehedi Maruf,Khalid Mahmood,Nadir Shah,Masudur Rahman,Morshed Ali Khan,Raqibul Hasan
4,116,2016-11-09T00:00:00.000Z,Dhaka,"Shere Bangla National Stadium, Mirpur",day,3rd Match,Khulna Titans,Rajshahi Kings,Khulna Titans,Bat,133.0,8.0,20.0,130.0,10.0,20.0,Mahmudullah,Daren Sammy,"['Abdul Mazid', 'Nicholas Pooran', 'Riki Wessels', 'Mahmudullah', 'Shuvagata Hom', 'Alok Kapali', 'Ariful Haque', 'Shafiul Islam', 'Junaid Khan', 'Mohammad Asghar', 'Mosharraf Hossain']","['Mominul Haque', 'Nurul Hasan', 'Sabbir Rahman', 'Umar Akmal', 'Samit Patel', 'Daren Sammy', 'Abul Hasan', 'Farhad Reza', 'Mohammad Sami', 'Mehidy Hasan Miraz', 'Nazmul Islam']",Khulna Titans,Runs,3.0,Mahmudullah,Masudur Rahman,Ranmore Martinesz,Gazi Sohel,Morshed Ali Khan,Raqibul Hasan
4,117,2016-11-09T00:00:00.000Z,Dhaka,"Shere Bangla National Stadium, Mirpur",night,4th Match,Chittagong Vikings,Rangpur Riders,Rangpur Riders,Bowl,124.0,10.0,19.4,125.0,1.0,15.0,Tamim Iqbal,Naeem Islam,"['Tamim Iqbal', 'Dwayne Smith', 'Anamul Haque', 'Shoaib Malik', 'Jahurul Islam', 'Mohammad Nabi', 'Zakir Hasan', 'Nazmul Hossain Milon', 'Abdur Razzak', 'Taskin Ahmed', 'Tymal Mills']","['Mohammad Shahzad', 'Soumya Sarkar', 'Mohammad Mithun', 'Muktar Ali', 'Rubel Hossain', 'Arafat Sunny', 'Shahid Afridi', 'Richard Gleeson', 'Naeem Islam', 'Sohag Gazi', 'Liam Dawson']",Rangpur Riders,Wickets,9.0,Mohammad Shahzad,Khalid Mahmood,Nadir Shah,Gazi Sohel,Morshed Ali Khan,Raqibul Hasan
4,118,2016-11-10T00:00:00.000Z,Dhaka,"Shere Bangla National Stadium, Mirpur",night,5th Match,Khulna Titans,Rangpur Riders,Rangpur Riders,Bowl,44.0,10.0,10.4,45.0,1.0,8.0,Mahmudullah,Naeem Islam,"['Abdul Mazid', 'Nicholas Pooran', 'Riki Wessels', 'Mahmudullah', 'Shuvagata Hom', 'Alok Kapali', 'Ariful Haque', 'Saddam Hossain', 'Junaid Khan', 'Mohammad Asghar', 'Shafiul Islam']","['Mohammad Shahzad', 'Soumya Sarkar', 'Mohammad Mithun', 'Muktar Ali', 'Rubel Hossain', 'Arafat Sunny', 'Shahid Afridi', 'Richard Gleeson', 'Naeem Islam', 'Sohag Gazi', 'Liam Dawson']",Rangpur Riders,Wickets,9.0,Shahid Afridi,Mahfuzur Rahman,Ranmore Martinesz,Tanvir Ahmed,Mozahiduzzaman,Neeyamur Rashid
4,119,2016-11-11T00:00:00.000Z,Dhaka,"Shere Bangla National Stadium, Mirpur",day,6th Match,Comilla Victorians,Barisal Bulls,Comilla Victorians,Bat,129.0,8.0,20.0,130.0,4.0,18.3,Mashrafe Mortaza,,"['Imrul Kayes', 'Khalid Latif', 'Najmul Hossain Shanto', 'Marlon Samuels', 'Litton Das', 'Imad Wasim', 'Nahidul Islam', 'Sohail Tanvir', 'Mashrafe Mortaza', 'Mohammad Sharif', 'Nabil Samad']","['Dilshan Munaweera', 'Shamsur Rahman', 'Dawid Malan', 'Mushfiqur Rahim', 'Thisara Perera', 'Shahriar Nafees', 'Rayad Emrit', 'Mahedi Hasan', 'Al-Amin Hossain', 'Taijul Islam', 'Abu Hider']",Barisal Bulls,Wickets,6.0,Thisara Perera,Nadir Shah,Ranmore Martinesz,Mahfuzur Rahman,Mozahiduzzaman,Showkatur Rahman
4,120,2016-11-11T00:00:00.000Z,Dhaka,"Shere Bangla National Stadium, Mirpur",night,7th Match,Dhaka Dynamites,Rajshahi Kings,Rajshahi Kings,Bowl,138.0,5.0,20.0,139.0,4.0,18.1,Shakib Al Hasan,Daren Sammy,"['Mehedi Maruf', 'Kumar Sangakkara', 'Mahela Jayawardene', 'Shakib Al Hasan', 'Ravi Bopara', 'Mosaddek Hossain', 'Dwayne Bravo', 'Abu Jayed', 'Mohammad Shahid', 'Alauddin Babu', 'Nasir Hossain']","['Mominul Haque', 'Rony Talukdar', 'Sabbir Rahman', 'Umar Akmal', 'Samit Patel', 'Daren Sammy', 'Abul Hasan', 'Farhad Reza', 'Mohammad Sami', 'Mehidy Hasan Miraz', 'Nurul Hasan']",Rajshahi Kings,Wickets,6.0,Samit Patel,Khalid Mahmood,Masudur Rahman,Ranmore Martinesz,Mozahiduzzaman,Showkatur Rahman
4,121,2016-11-12T00:00:00.000Z,Dhaka,"Shere Bangla National Stadium, Mirpur",day,8th Match,Khulna Titans,Chittagong Vikings,Chittagong Vikings,Bowl,127.0,7.0,20.0,123.0,9.0,20.0,Mahmudullah,Tamim Iqbal,"['Riki Wessels', 'Hasanuzzaman', 'Shuvagata Hom', 'Mahmudullah', 'Alok Kapali', 'Nicholas Pooran', 'Ariful Haque', 'Kevon Cooper', 'Mosharraf Hossain', 'Shafiul Islam', 'Junaid Khan']","['Tamim Iqbal', 'Dwayne Smith', 'Anamul Haque', 'Shoaib Malik', 'Zakir Hasan', 'Jahurul Islam', 'Mohammad Nabi', 'Chaturanga de Silva', 'Abdur Razzak', 'Taskin Ahmed', 'Subashis Roy']",Khulna Titans,Runs,4.0,Mahmudullah,Mahfuzur Rahman,Ranmore Martinesz,Masudur Rahman,Akteruzzaman,Showkatur Rahman
4,122,2016-11-12T00:00:00.000Z,Dhaka,"Shere Bangla National Stadium, Mirpur",night,9th Match,Dhaka Dynamites,Rangpur Riders,Rangpur Riders,Bowl,170.0,6.0,20.0,92.0,9.0,19.2,Shakib Al Hasan,Naeem Islam,"['Mehedi Maruf', 'Kumar Sangakkara', 'Nasir Hossain', 'Ravi Bopara', 'Shakib Al Hasan', 'Mosaddek Hossain', 'Dwayne Bravo', 'Seekkuge Prasanna', 'Mohammad Shahid', 'Alauddin Babu', 'Sunzamul Islam']","['Mohammad Shahzad', 'Soumya Sarkar', 'Mohammad Mithun', 'Liam Dawson', 'Naeem Islam', 'Shahid Afridi', 'Sohag Gazi', 'Muktar Ali', 'Arafat Sunny', 'Rubel Hossain', 'Richard Gleeson']",Dhaka Dynamites,Runs,78.0,Mosaddek Hossain,Khalid Mahmood,Nadir Shah,Masudur Rahman,Akteruzzaman,Showkatur Rahman
4,123,2016-11-13T00:00:00.000Z,Dhaka,"Shere Bangla National Stadium, Mirpur",day,10th Match,Barisal Bulls,Rajshahi Kings,Rajshahi Kings,Bowl,192.0,4.0,20.0,188.0,6.0,20.0,,Daren Sammy,"['Dilshan Munaweera', 'Dawid Malan', 'Shahriar Nafees', 'Mushfiqur Rahim', 'Thisara Perera', 'Monir Hossain', 'Rayad Emrit', 'Nadif Chowdhury', 'Al-Amin Hossain', 'Taijul Islam', 'Abu Hider']","['Mominul Haque', 'Raqibul Hasan', 'Sabbir Rahman', 'Umar Akmal', 'Samit Patel', 'Daren Sammy', 'Nurul Hasan', 'Abul Hasan', 'Kesrick Williams', 'Mehidy Hasan Miraz', 'Farhad Reza']",Barisal Bulls,Runs,4.0,Sabbir Rahman,Anisur Rahman,Khalid Mahmood,Sharfuddoula,Akteruzzaman,Obaydul Haque
4,124,2016-11-13T00:00:00.000Z,Dhaka,"Shere Bangla National Stadium, Mirpur",night,11th Match,Khulna Titans,Comilla Victorians,Comilla Victorians,Bowl,144.0,9.0,20.0,131.0,9.0,20.0,Mahmudullah,Mashrafe Mortaza,"['Andre Fletcher', 'Hasanuzzaman', 'Shuvagata Hom', 'Mahmudullah', 'Nicholas Pooran', 'Alok Kapali', 'Ariful Haque', 'Kevon Cooper', 'Mosharraf Hossain', 'Junaid Khan', 'Shafiul Islam']","['Litton Das', 'Imrul Kayes', 'Marlon Samuels', 'Najmul Hossain Shanto', 'Ashar Zaidi', 'Sohail Tanvir', 'Mashrafe Mortaza', 'Rashid Khan', 'Mohammad Saifuddin', 'Shykat Ali', 'Nabil Samad']",Khulna Titans,Runs,13.0,Shafiul Islam,Ranmore Martinesz,Sharfuddoula,Anisur Rahman,Akteruzzaman,Obaydul Haque
4,125,2016-11-14T00:00:00.000Z,Dhaka,"Shere Bangla National Stadium, Mirpur",day,12th Match,Chittagong Vikings,Barisal Bulls,Barisal Bulls,Bowl,163.0,3.0,20.0,167.0,3.0,19.4,Tamim Iqbal,,"['Tamim Iqbal', 'Jahurul Islam', 'Anamul Haque', 'Dwayne Smith', 'Zakir Hasan', 'Nazmul Hossain Milon', 'Mohammad Nabi', 'Imran Khan', 'Subashis Roy', 'Abdur Razzak', 'Grant Elliott']","['Josh Cobb', 'Dawid Malan', 'Shahriar Nafees', 'Thisara Perera', 'Mushfiqur Rahim', 'Rayad Emrit', 'Nadif Chowdhury', 'Al-Amin Hossain', 'Taijul Islam', 'Abu Hider', 'Kamrul Islam']",Barisal Bulls,Wickets,7.0,Dawid Malan,Khalid Mahmood,Tanvir Ahmed,Gazi Sohel,Imran Parvez,Obaydul Haque
4,126,2016-11-14T00:00:00.000Z,Dhaka,"Shere Bangla National Stadium, Mirpur",night,13th Match,Dhaka Dynamites,Comilla Victorians,Comilla Victorians,Bowl,194.0,5.0,20.0,161.0,9.0,20.0,Shakib Al Hasan,Mashrafe Mortaza,"['Mehedi Maruf', 'Kumar Sangakkara', 'Nasir Hossain', 'Ravi Bopara', 'Shakib Al Hasan', 'Dwayne Bravo', 'Seekkuge Prasanna', 'Mosaddek Hossain', 'Mohammad Shahid', 'Alauddin Babu', 'Sunzamul Islam']","['Imrul Kayes', 'Jasim Uddin', 'Ahmed Shehzad', 'Najmul Hossain Shanto', 'Ryan ten Doeschate', 'Sohail Tanvir', 'Rashid Khan', 'Al-Amin', 'Mashrafe Mortaza', 'Mohammad Saifuddin', 'Nabil Samad']",Dhaka Dynamites,Runs,33.0,Mehedi Maruf,Nadir Shah,Ranmore Martinesz,Gazi Sohel,Imran Parvez,Obaydul Haque
4,127,2016-11-17T00:00:00.000Z,Chattogram,"Zahur Ahmed Chowdhury Stadium, Chittagong",day,14th Match,Dhaka Dynamites,Chittagong Vikings,Chittagong Vikings,Bowl,148.0,9.0,20.0,129.0,8.0,20.0,Shakib Al Hasan,Tamim Iqbal,"['Mehedi Maruf', 'Kumar Sangakkara', 'Nasir Hossain', 'Mosaddek Hossain', 'Shakib Al Hasan', 'Dwayne Bravo', 'Seekkuge Prasanna', 'Matt Coles', 'Alauddin Babu', 'Sunzamul Islam', 'Mohammad Shahid']","['Tamim Iqbal', 'Jahurul Islam', 'Anamul Haque', 'Mahmudul Hasan', 'Mohammad Nabi', 'Grant Elliott', 'Nazmul Hossain Milon', 'Saqlain Sajib', 'Tymal Mills', 'Imran Khan', 'Subashis Roy']",Dhaka Dynamites,Runs,19.0,Mohammad Shahid,Nadir Shah,Ranmore Martinesz,Masudur Rahman,Tanvir Ahmed,Akhtar Ahmad
4,128,2016-11-17T00:00:00.000Z,Chattogram,"Zahur Ahmed Chowdhury Stadium, Chittagong",night,15th Match,Rangpur Riders,Barisal Bulls,Barisal Bulls,Bowl,175.0,6.0,20.0,163.0,10.0,19.4,Naeem Islam,,"['Mohammad Shahzad', 'Soumya Sarkar', 'Mohammad Mithun', 'Liam Dawson', 'Shahid Afridi', 'Ziaur Rahman', 'Sachithra Senanayake', 'Sohag Gazi', 'Arafat Sunny', 'Rubel Hossain', 'Naeem Islam']","['Dilshan Munaweera', 'Jeevan Mendis', 'Shahriar Nafees', 'Mushfiqur Rahim', 'Nadif Chowdhury', 'Thisara Perera', 'Rayad Emrit', 'Abu Hider', 'Kamrul Islam', 'Taijul Islam', 'Al-Amin Hossain']",Rangpur Riders,Runs,12.0,Mohammad Mithun,Khalid Mahmood,Masudur Rahman,Tanvir Ahmed,Manjurul Islam,Akhtar Ahmad
4,129,2016-11-18T00:00:00.000Z,Chattogram,"Zahur Ahmed Chowdhury Stadium, Chittagong",day,16th Match,Chittagong Vikings,Rajshahi Kings,Rajshahi Kings,Bowl,190.0,5.0,20.0,171.0,9.0,20.0,Tamim Iqbal,Daren Sammy,"['Tamim Iqbal', 'Dwayne Smith', 'Anamul Haque', 'Grant Elliott', 'Jahurul Islam', 'Mohammad Nabi', 'Nazmul Hossain Milon', 'Saqlain Sajib', 'Mahmudul Hasan', 'Imran Khan', 'Taskin Ahmed']","['Mominul Haque', 'Zunaed Siddique', 'Sabbir Rahman', 'Umar Akmal', 'Samit Patel', 'Daren Sammy', 'Milinda Siriwardana', 'Mehidy Hasan Miraz', 'Farhad Reza', 'Nurul Hasan', 'Abul Hasan']",Chittagong Vikings,Runs,19.0,Mohammad Nabi,Khalid Mahmood,Nadir Shah,Masudur Rahman,Tanvir Ahmed,Akhtar Ahmad
4,130,2016-11-18T00:00:00.000Z,Chattogram,"Zahur Ahmed Chowdhury Stadium, Chittagong",night,17th Match,Comilla Victorians,Rangpur Riders,Rangpur Riders,Bowl,122.0,5.0,20.0,126.0,1.0,17.0,Mashrafe Mortaza,Naeem Islam,"['Litton Das', 'Imrul Kayes', 'Ahmed Shehzad', 'Marlon Samuels', 'Najmul Hossain Shanto', 'Sohail Tanvir', 'Rashid Khan', 'Al-Amin', 'Mashrafe Mortaza', 'Mohammad Saifuddin', 'Nabil Samad']","['Mohammad Shahzad', 'Soumya Sarkar', 'Mohammad Mithun', 'Liam Dawson', 'Shahid Afridi', 'Ziaur Rahman', 'Anwar Ali', 'Sohag Gazi', 'Arafat Sunny', 'Rubel Hossain', 'Naeem Islam']",Rangpur Riders,Wickets,9.0,Mohammad Shahzad,Ranmore Martinesz,Tanvir Ahmed,Masudur Rahman,Manjurul Islam,Akhtar Ahmad
4,131,2016-11-19T00:00:00.000Z,Chattogram,"Zahur Ahmed Chowdhury Stadium, Chittagong",day,18th Match,Khulna Titans,Dhaka Dynamites,Khulna Titans,Bat,157.0,5.0,20.0,148.0,10.0,19.1,Mahmudullah,Shakib Al Hasan,"['Andre Fletcher', 'Hasanuzzaman', 'Shuvagata Hom', 'Mahmudullah', 'Nicholas Pooran', 'Taibur Rahman', 'Kevon Cooper', 'Junaid Khan', 'Shafiul Islam', 'Mosharraf Hossain', 'Ariful Haque']","['Mehedi Maruf', 'Kumar Sangakkara', 'Matt Coles', 'Nasir Hossain', 'Mosaddek Hossain', 'Shakib Al Hasan', 'Dwayne Bravo', 'Sunzamul Islam', 'Seekkuge Prasanna', 'Sohrawordi Shuvo', 'Mohammad Shahid']",Khulna Titans,Runs,9.0,Mosharraf Hossain,Khalid Mahmood,Masudur Rahman,Ranmore Martinesz,Tanvir Ahmed,Akhtar Ahmad
4,132,2016-11-19T00:00:00.000Z,Chattogram,"Zahur Ahmed Chowdhury Stadium, Chittagong",night,19th Match,Comilla Victorians,Rajshahi Kings,Rajshahi Kings,Bowl,152.0,5.0,20.0,120.0,10.0,19.0,Mashrafe Mortaza,Daren Sammy,"['Najmul Hossain Shanto', 'Khalid Latif', 'Ahmed Shehzad', 'Imrul Kayes', 'Mashrafe Mortaza', 'Ryan ten Doeschate', 'Sohail Tanvir', 'Mohammad Sharif', 'Litton Das', 'Mohammad Saifuddin', 'Nabil Samad']","['Mominul Haque', 'Zunaed Siddique', 'Sabbir Rahman', 'Umar Akmal', 'Nurul Hasan', 'Samit Patel', 'Daren Sammy', 'Mehidy Hasan Miraz', 'Farhad Reza', 'Abul Hasan', 'Mohammad Sami']",Comilla Victorians,Runs,32.0,Sohail Tanvir,Nadir Shah,Ranmore Martinesz,Masudur Rahman,Tanvir Ahmed,Akhtar Ahmad
4,133,2016-11-20T00:00:00.000Z,Chattogram,"Zahur Ahmed Chowdhury Stadium, Chittagong",night,20th Match,Khulna Titans,Barisal Bulls,Barisal Bulls,Bowl,151.0,7.0,20.0,129.0,10.0,19.3,Mahmudullah,,"['Andre Fletcher', 'Hasanuzzaman', 'Riki Wessels', 'Mahmudullah', 'Shuvagata Hom', 'Ariful Haque', 'Kevon Cooper', 'Taibur Rahman', 'Shafiul Islam', 'Mosharraf Hossain', 'Junaid Khan']","['Jeevan Mendis', 'Fazle Mahmud', 'Shamsur Rahman', 'Shahriar Nafees', 'Mushfiqur Rahim', 'Thisara Perera', 'Nadif Chowdhury', 'Rayad Emrit', 'Rumman Raees', 'Abu Hider', 'Taijul Islam']",Khulna Titans,Runs,22.0,Mahmudullah,Gazi Sohel,Ranmore Martinesz,Morshed Ali Khan,Manjurul Islam,Salim Shahed
4,134,2016-11-21T00:00:00.000Z,Chattogram,"Zahur Ahmed Chowdhury Stadium, Chittagong",day,21st Match,Dhaka Dynamites,Rajshahi Kings,Dhaka Dynamites,Bat,182.0,4.0,20.0,184.0,7.0,19.5,Shakib Al Hasan,Daren Sammy,"['Mehedi Maruf', 'Kumar Sangakkara', 'Mosaddek Hossain', 'Seekkuge Prasanna', 'Matt Coles', 'Shakib Al Hasan', 'Dwayne Bravo', 'Sunzamul Islam', 'Nasir Hossain', 'Sohrawordi Shuvo', 'Mohammad Shahid']","['Mominul Haque', 'Zunaed Siddique', 'Sabbir Rahman', 'Samit Patel', 'Umar Akmal', 'Daren Sammy', 'Abul Hasan', 'Mehidy Hasan Miraz', 'Farhad Reza', 'Raqibul Hasan', 'Mohammad Sami']",Rajshahi Kings,Wickets,3.0,Samit Patel,Nadir Shah,Ranmore Martinesz,Gazi Sohel,Morshed Ali Khan,Salim Shahed
4,135,2016-11-21T00:00:00.000Z,Chattogram,"Zahur Ahmed Chowdhury Stadium, Chittagong",night,22nd Match,Comilla Victorians,Chittagong Vikings,Comilla Victorians,Bat,183.0,3.0,20.0,186.0,4.0,19.2,Mashrafe Mortaza,Tamim Iqbal,"['Najmul Hossain Shanto', 'Khalid Latif', 'Imrul Kayes', 'Ahmed Shehzad', 'Ryan ten Doeschate', 'Mashrafe Mortaza', 'Sohail Tanvir', 'Mohammad Sharif', 'Litton Das', 'Mohammad Saifuddin', 'Habibur Rahman']","['Tamim Iqbal', 'Dwayne Smith', 'Anamul Haque', 'Shoaib Malik', 'Mohammad Nabi', 'Jahurul Islam', 'Abdur Razzak', 'Shohidul Islam', 'Zakir Hasan', 'Imran Khan', 'Taskin Ahmed']",Chittagong Vikings,Wickets,6.0,Mohammad Nabi,Khalid Mahmood,Morshed Ali Khan,Gazi Sohel,Manjurul Islam,Salim Shahed
4,136,2016-11-22T00:00:00.000Z,Chattogram,"Zahur Ahmed Chowdhury Stadium, Chittagong",day,23rd Match,Khulna Titans,Rangpur Riders,Khulna Titans,Bat,125.0,7.0,20.0,129.0,3.0,19.0,Mahmudullah,Naeem Islam,"['Andre Fletcher', 'Abdul Mazid', 'Riki Wessels', 'Mahmudullah', 'Taibur Rahman', 'Ariful Haque', 'Benny Howell', 'Alok Kapali', 'Shafiul Islam', 'Mosharraf Hossain', 'Junaid Khan']","['Mohammad Shahzad', 'Soumya Sarkar', 'Mohammad Mithun', 'Shahid Afridi', 'Liam Dawson', 'Ziaur Rahman', 'Anwar Ali', 'Sohag Gazi', 'Arafat Sunny', 'Rubel Hossain', 'Naeem Islam']",Rangpur Riders,Wickets,7.0,Shahid Afridi,Khalid Mahmood,Morshed Ali Khan,Gazi Sohel,Manjurul Islam,Salim Shahed
4,137,2016-11-22T00:00:00.000Z,Chattogram,"Zahur Ahmed Chowdhury Stadium, Chittagong",night,24th Match,Chittagong Vikings,Barisal Bulls,Chittagong Vikings,Bat,185.0,5.0,20.0,107.0,10.0,18.4,Tamim Iqbal,,"['Tamim Iqbal', 'Dwayne Smith', 'Anamul Haque', 'Shoaib Malik', 'Mohammad Nabi', 'Jahurul Islam', 'Saqlain Sajib', 'Subashis Roy', 'Zakir Hasan', 'Imran Khan', 'Taskin Ahmed']","['Dawid Malan', 'Nadif Chowdhury', 'Shahriar Nafees', 'Mushfiqur Rahim', 'Jeevan Mendis', 'Rayad Emrit', 'Thisara Perera', 'Mohammad Enamul', 'Taijul Islam', 'Abu Hider', 'Kamrul Islam']",Chittagong Vikings,Runs,78.0,Shoaib Malik,Gazi Sohel,Ranmore Martinesz,Morshed Ali Khan,Manjurul Islam,Salim Shahed
4,138,2016-11-25T00:00:00.000Z,Dhaka,"Shere Bangla National Stadium, Mirpur",day,25th Match,Rajshahi Kings,Rangpur Riders,Rangpur Riders,Bowl,162.0,5.0,20.0,150.0,5.0,20.0,Daren Sammy,Naeem Islam,"['Mominul Haque', 'Zunaed Siddique', 'Sabbir Rahman', 'Samit Patel', 'Umar Akmal', 'Mehidy Hasan Miraz', 'Daren Sammy', 'Farhad Reza', 'Abul Hasan', 'Mohammad Sami', 'Nazmul Islam']","['Mohammad Shahzad', 'Nasir Jamshed', 'Mohammad Mithun', 'Soumya Sarkar', 'Anwar Ali', 'Liam Dawson', 'Naeem Islam', 'Sohag Gazi', 'Arafat Sunny', 'Rubel Hossain', 'Muktar Ali']",Rajshahi Kings,Runs,12.0,Daren Sammy,Ranmore Martinesz,Sharfuddoula,Anisur Rahman,Moniruzzaman,Debabrata Paul
4,139,2016-11-25T00:00:00.000Z,Dhaka,"Shere Bangla National Stadium, Mirpur",night,26th Match,Barisal Bulls,Khulna Titans,Barisal Bulls,Bat,119.0,5.0,20.0,120.0,4.0,18.4,,Mahmudullah,"['Jeevan Mendis', 'Dawid Malan', 'Shahriar Nafees', 'Mushfiqur Rahim', 'Nadif Chowdhury', 'Thisara Perera', 'Mohammad Enamul', 'Rumman Raees', 'Taijul Islam', 'Monir Hossain', 'Kamrul Islam']","['Taibur Rahman', 'Hasanuzzaman', 'Riki Wessels', 'Shuvagata Hom', 'Mahmudullah', 'Nicholas Pooran', 'Mosharraf Hossain', 'Junaid Khan', 'Ariful Haque', 'Kevon Cooper', 'Shafiul Islam']",Khulna Titans,Wickets,6.0,Shuvagata Hom,Anisur Rahman,Khalid Mahmood,Sharfuddoula,Moniruzzaman,Debabrata Paul
4,140,2016-11-26T00:00:00.000Z,Dhaka,"Shere Bangla National Stadium, Mirpur",day,27th Match,Dhaka Dynamites,Comilla Victorians,Dhaka Dynamites,Bat,170.0,4.0,20.0,138.0,8.0,20.0,Shakib Al Hasan,Mashrafe Mortaza,"['Mehedi Maruf', 'Kumar Sangakkara', 'Mahela Jayawardene', 'Shakib Al Hasan', 'Mosaddek Hossain', 'Seekkuge Prasanna', 'Dwayne Bravo', 'Sunzamul Islam', 'Nasir Hossain', 'Abu Jayed', 'Mohammad Shahid']","['Najmul Hossain Shanto', 'Khalid Latif', 'Imrul Kayes', 'Ahmed Shehzad', 'Litton Das', 'Mashrafe Mortaza', 'Sohail Tanvir', 'Rashid Khan', 'Al-Amin', 'Mohammad Sharif', 'Nabil Samad']",Dhaka Dynamites,Runs,32.0,Shakib Al Hasan,Khalid Mahmood,Nadir Shah,Masudur Rahman,Moniruzzaman,Debabrata Paul
4,141,2016-11-26T00:00:00.000Z,Dhaka,"Shere Bangla National Stadium, Mirpur",night,28th Match,Rajshahi Kings,Khulna Titans,Rajshahi Kings,Bat,154.0,8.0,20.0,145.0,6.0,20.0,Daren Sammy,Mahmudullah,"['Mominul Haque', 'Zunaed Siddique', 'Sabbir Rahman', 'Samit Patel', 'Umar Akmal', 'Daren Sammy', 'Mehidy Hasan Miraz', 'Farhad Reza', 'Abul Hasan', 'Mohammad Sami', 'Nazmul Islam']","['Riki Wessels', 'Hasanuzzaman', 'Shuvagata Hom', 'Mahmudullah', 'Nicholas Pooran', 'Ariful Haque', 'Kevon Cooper', 'Taibur Rahman', 'Junaid Khan', 'Mosharraf Hossain', 'Shafiul Islam']",Rajshahi Kings,Runs,9.0,Daren Sammy,Mahfuzur Rahman,Rashid Riaz,Masudur Rahman,Moniruzzaman,Debabrata Paul
4,142,2016-11-27T00:00:00.000Z,Dhaka,"Shere Bangla National Stadium, Mirpur",day,29th Match,Barisal Bulls,Dhaka Dynamites,Barisal Bulls,Bat,132.0,6.0,20.0,135.0,6.0,19.2,,Shakib Al Hasan,"['Shahriar Nafees', 'Dilshan Munaweera', 'Jeevan Mendis', 'Mushfiqur Rahim', 'Nadif Chowdhury', 'Thisara Perera', 'Mohammad Enamul', 'Rumman Raees', 'Taijul Islam', 'Monir Hossain', 'Kamrul Islam']","['Mehedi Maruf', 'Kumar Sangakkara', 'Shakib Al Hasan', 'Nasir Hossain', 'Mosaddek Hossain', 'Seekkuge Prasanna', 'Ravi Bopara', 'Dwayne Bravo', 'Abu Jayed', 'Sunzamul Islam', 'Alauddin Babu']",Dhaka Dynamites,Wickets,4.0,Shakib Al Hasan,Khalid Mahmood,Masudur Rahman,Ranmore Martinesz,Mahfuzur Rahman,Akhtar Ahmad
4,143,2016-11-27T00:00:00.000Z,Dhaka,"Shere Bangla National Stadium, Mirpur",night,30th Match,Rangpur Riders,Chittagong Vikings,Rangpur Riders,Bat,124.0,6.0,20.0,128.0,1.0,16.0,Naeem Islam,Tamim Iqbal,"['Mohammad Shahzad', 'Soumya Sarkar', 'Mohammad Mithun', 'Liam Dawson', 'Naeem Islam', 'Shahid Afridi', 'Anwar Ali', 'Muktar Ali', 'Sohag Gazi', 'Rubel Hossain', 'Arafat Sunny']","['Tamim Iqbal', 'Chris Gayle', 'Anamul Haque', 'Shoaib Malik', 'Mohammad Nabi', 'Jahurul Islam', 'Saqlain Sajib', 'Subashis Roy', 'Zakir Hasan', 'Imran Khan', 'Taskin Ahmed']",Chittagong Vikings,Wickets,9.0,Tamim Iqbal,Nadir Shah,Ranmore Martinesz,Masudur Rahman,Mahfuzur Rahman,Akhtar Ahmad
4,144,2016-11-28T00:00:00.000Z,Dhaka,"Shere Bangla National Stadium, Mirpur",night,31st Match,Rajshahi Kings,Rangpur Riders,Rajshahi Kings,Bat,128.0,7.0,20.0,79.0,10.0,17.4,Daren Sammy,Liam Dawson,"['Mominul Haque', 'Zunaed Siddique', 'Sabbir Rahman', 'Samit Patel', 'Abul Hasan', 'Umar Akmal', 'Daren Sammy', 'Mehidy Hasan Miraz', 'Farhad Reza', 'Mohammad Sami', 'Nazmul Islam']","['Mohammad Shahzad', 'Soumya Sarkar', 'Mohammad Mithun', 'Nasir Jamshed', 'Liam Dawson', 'Shahid Afridi', 'Ziaur Rahman', 'Sohag Gazi', 'Muktar Ali', 'Arafat Sunny', 'Rubel Hossain']",Rajshahi Kings,Runs,49.0,Mehidy Hasan Miraz,Gazi Sohel,Rashid Riaz,Tanvir Ahmed,Mahfuzur Rahman,Neeyamur Rashid
4,145,2016-11-29T00:00:00.000Z,Dhaka,"Shere Bangla National Stadium, Mirpur",day,32nd Match,Barisal Bulls,Comilla Victorians,Barisal Bulls,Bat,142.0,8.0,20.0,145.0,2.0,19.0,,Mashrafe Mortaza,"['Dilshan Munaweera', 'Dawid Malan', 'Jeevan Mendis', 'Mushfiqur Rahim', 'Shahriar Nafees', 'Nadif Chowdhury', 'Mohammad Enamul', 'Rumman Raees', 'Taijul Islam', 'Abu Hider', 'Kamrul Islam']","['Imrul Kayes', 'Ahmed Shehzad', 'Marlon Samuels', 'Khalid Latif', 'Mashrafe Mortaza', 'Litton Das', 'Rashid Khan', 'Mohammad Saifuddin', 'Nabil Samad', 'Najmul Hossain Shanto', 'Shahadat Hossain']",Comilla Victorians,Wickets,8.0,Nabil Samad,Khalid Mahmood,Mahfuzur Rahman,Gazi Sohel,Tanvir Ahmed,Raqibul Hasan
4,146,2016-11-29T00:00:00.000Z,Dhaka,"Shere Bangla National Stadium, Mirpur",night,33rd Match,Khulna Titans,Chittagong Vikings,Khulna Titans,Bat,131.0,8.0,20.0,135.0,5.0,18.4,Mahmudullah,Tamim Iqbal,"['Riki Wessels', 'Taibur Rahman', 'Alok Kapali', 'Shuvagata Hom', 'Mahmudullah', 'Ariful Haque', 'Nicholas Pooran', 'Kevon Cooper', 'Mosharraf Hossain', 'Junaid Khan', 'Shafiul Islam']","['Tamim Iqbal', 'Chris Gayle', 'Anamul Haque', 'Shoaib Malik', 'Zakir Hasan', 'Jahurul Islam', 'Mohammad Nabi', 'Subashis Roy', 'Saqlain Sajib', 'Imran Khan', 'Taskin Ahmed']",Chittagong Vikings,Wickets,5.0,Tamim Iqbal,Gazi Sohel,Ranmore Martinesz,Tanvir Ahmed,Mahfuzur Rahman,Raqibul Hasan
4,147,2016-11-30T00:00:00.000Z,Dhaka,"Shere Bangla National Stadium, Mirpur",day,34th Match,Dhaka Dynamites,Rangpur Riders,Dhaka Dynamites,Bat,188.0,7.0,20.0,146.0,8.0,20.0,Shakib Al Hasan,Arafat Sunny,"['Mehedi Maruf', 'Evin Lewis', 'Seekkuge Prasanna', 'Andre Russell', 'Shakib Al Hasan', 'Dwayne Bravo', 'Mosaddek Hossain', 'Nasir Hossain', 'Sunzamul Islam', 'Irfaan Shukkur', 'Abu Jayed']","['Nasir Jamshed', 'Shahid Afridi', 'Mohammad Mithun', 'Gihan Rupasinghe', 'Liam Dawson', 'Ziaur Rahman', 'Soumya Sarkar', 'Sohag Gazi', 'Muktar Ali', 'Arafat Sunny', 'Rubel Hossain']",Dhaka Dynamites,Runs,42.0,Evin Lewis,Khalid Mahmood,Nadir Shah,Masudur Rahman,Mahfuzur Rahman,Raqibul Hasan
4,148,2016-11-30T00:00:00.000Z,Dhaka,"Shere Bangla National Stadium, Mirpur",night,35th Match,Rajshahi Kings,Comilla Victorians,Rajshahi Kings,Bat,124.0,7.0,20.0,125.0,2.0,18.4,Daren Sammy,Mashrafe Mortaza,"['Mominul Haque', 'Nurul Hasan', 'Sabbir Rahman', 'Samit Patel', 'Mehidy Hasan Miraz', 'James Franklin', 'Daren Sammy', 'Farhad Reza', 'Abul Hasan', 'Mohammad Sami', 'Nazmul Islam']","['Imrul Kayes', 'Ahmed Shehzad', 'Marlon Samuels', 'Khalid Latif', 'Rashid Khan', 'Nabil Samad', 'Najmul Hossain Shanto', 'Mohammad Saifuddin', 'Litton Das', 'Mashrafe Mortaza', 'Shahadat Hossain']",Comilla Victorians,Wickets,8.0,Mohammad Saifuddin,Masudur Rahman,Rashid Riaz,Khalid Mahmood,Mahfuzur Rahman,Raqibul Hasan
4,149,2016-12-01T00:00:00.000Z,Dhaka,"Shere Bangla National Stadium, Mirpur",night,36th Match,Barisal Bulls,Rajshahi Kings,Rajshahi Kings,Bowl,161.0,4.0,20.0,144.0,7.0,20.0,,Daren Sammy,"['Jeevan Mendis', 'Dawid Malan', 'Fazle Mahmud', 'Mushfiqur Rahim', 'Thisara Perera', 'Shahriar Nafees', 'Monir Hossain', 'Mohammad Enamul', 'Taijul Islam', 'Kamrul Islam', 'Rayad Emrit']","['Mominul Haque', 'Nurul Hasan', 'Sabbir Rahman', 'Samit Patel', 'Raqibul Hasan', 'James Franklin', 'Daren Sammy', 'Farhad Reza', 'Mehidy Hasan Miraz', 'Nazmul Islam', 'Mohammad Sami']",Barisal Bulls,Runs,17.0,Rayad Emrit,Mahfuzur Rahman,Ranmore Martinesz,Tanvir Ahmed,Mozahiduzzaman,Salim Shahed
4,150,2016-12-02T00:00:00.000Z,Dhaka,"Shere Bangla National Stadium, Mirpur",day,37th Match,Khulna Titans,Comilla Victorians,Comilla Victorians,Bowl,141.0,6.0,20.0,142.0,5.0,18.4,Mahmudullah,Mashrafe Mortaza,"['Riki Wessels', 'Hasanuzzaman', 'Abdul Mazid', 'Mahmudullah', 'Nicholas Pooran', 'Ariful Haque', 'Shuvagata Hom', 'Benny Howell', 'Junaid Khan', 'Shafiul Islam', 'Mosharraf Hossain']","['Imrul Kayes', 'Ahmed Shehzad', 'Marlon Samuels', 'Khalid Latif', 'Mashrafe Mortaza', 'Najmul Hossain Shanto', 'Litton Das', 'Mohammad Saifuddin', 'Nabil Samad', 'Rashid Khan', 'Mohammad Sharif']",Comilla Victorians,Wickets,5.0,Marlon Samuels,Ranmore Martinesz,Tanvir Ahmed,Masudur Rahman,,Samiur Rahman
4,151,2016-12-02T00:00:00.000Z,Dhaka,"Shere Bangla National Stadium, Mirpur",night,38th Match,Chittagong Vikings,Dhaka Dynamites,Dhaka Dynamites,Bowl,134.0,6.0,20.0,135.0,4.0,18.2,Tamim Iqbal,Shakib Al Hasan,"['Tamim Iqbal', 'Chris Gayle', 'Anamul Haque', 'Jahurul Islam', 'Shoaib Malik', 'Mohammad Nabi', 'Zakir Hasan', 'Imran Khan', 'Saqlain Sajib', 'Subashis Roy', 'Taskin Ahmed']","['Mehedi Maruf', 'Kumar Sangakkara', 'Nasir Hossain', 'Mosaddek Hossain', 'Alauddin Babu', 'Andre Russell', 'Shakib Al Hasan', 'Ronsford Beaton', 'Dwayne Bravo', 'Sunzamul Islam', 'Abu Jayed']",Dhaka Dynamites,Wickets,6.0,Dwayne Bravo,Khalid Mahmood,Masudur Rahman,Ranmore Martinesz,,Samiur Rahman
4,152,2016-12-03T00:00:00.000Z,Dhaka,"Shere Bangla National Stadium, Mirpur",day,39th Match,Rangpur Riders,Barisal Bulls,Rangpur Riders,Bat,154.0,5.0,20.0,125.0,10.0,18.2,Naeem Islam,,"['Mohammad Shahzad', 'Soumya Sarkar', 'Mohammad Mithun', 'Shahid Afridi', 'Ziaur Rahman', 'Anwar Ali', 'Liam Dawson', 'Sohag Gazi', 'Naeem Islam', 'Arafat Sunny', 'Rubel Hossain']","['Rayad Emrit', 'Dawid Malan', 'Mushfiqur Rahim', 'Jeevan Mendis', 'Fazle Mahmud', 'Shahriar Nafees', 'Thisara Perera', 'Mohammad Enamul', 'Taijul Islam', 'Monir Hossain', 'Kamrul Islam']",Rangpur Riders,Runs,29.0,Mohammad Shahzad,Khalid Mahmood,Mahfuzur Rahman,Moniruzzaman,,Samiur Rahman
4,153,2016-12-03T00:00:00.000Z,Dhaka,"Shere Bangla National Stadium, Mirpur",night,40th Match,Chittagong Vikings,Rajshahi Kings,Rajshahi Kings,Bowl,111.0,9.0,20.0,112.0,4.0,13.5,Tamim Iqbal,Daren Sammy,"['Tamim Iqbal', 'Chris Gayle', 'Anamul Haque', 'Jahurul Islam', 'Shoaib Malik', 'Zakir Hasan', 'Mohammad Nabi', 'Saqlain Sajib', 'Imran Khan', 'Taskin Ahmed', 'Subashis Roy']","['Nurul Hasan', 'Mominul Haque', 'Sabbir Rahman', 'James Franklin', 'Daren Sammy', 'Samit Patel', 'Afif Hossain', 'Farhad Reza', 'Mehidy Hasan Miraz', 'Nazmul Islam', 'Kesrick Williams']",Rajshahi Kings,Wickets,6.0,Afif Hossain,Nadir Shah,Ranmore Martinesz,Tanvir Ahmed,,Samiur Rahman
4,154,2016-12-04T00:00:00.000Z,Dhaka,"Shere Bangla National Stadium, Mirpur",day,41st Match,Comilla Victorians,Rangpur Riders,Rangpur Riders,Bowl,170.0,6.0,20.0,162.0,8.0,20.0,Mashrafe Mortaza,Naeem Islam,"['Imrul Kayes', 'Khalid Latif', 'Marlon Samuels', 'Mashrafe Mortaza', 'Ashar Zaidi', 'Litton Das', 'Rashid Khan', 'Mohammad Saifuddin', 'Nabil Samad', 'Najmul Hossain Shanto', 'Mohammad Sharif']","['Mohammad Shahzad', 'Soumya Sarkar', 'Mohammad Mithun', 'Liam Dawson', 'Shahid Afridi', 'Naeem Islam', 'Ziaur Rahman', 'Anwar Ali', 'Sohag Gazi', 'Arafat Sunny', 'Rubel Hossain']",Comilla Victorians,Runs,8.0,Rashid Khan,Khalid Mahmood,Nadir Shah,Gazi Sohel,Mahfuzur Rahman,Samiur Rahman
4,155,2016-12-04T00:00:00.000Z,Dhaka,"Shere Bangla National Stadium, Mirpur",night,42nd Match,Dhaka Dynamites,Khulna Titans,Khulna Titans,Bowl,158.0,7.0,20.0,159.0,4.0,18.0,Shakib Al Hasan,Mahmudullah,"['Mehedi Maruf', 'Kumar Sangakkara', 'Nasir Hossain', 'Shakib Al Hasan', 'Seekkuge Prasanna', 'Mosaddek Hossain', 'Ravi Bopara', 'Alauddin Babu', 'Tanbir Hayder', 'Ronsford Beaton', 'Abu Jayed']","['Andre Fletcher', 'Hasanuzzaman', 'Abdul Mazid', 'Mahmudullah', 'Benny Howell', 'Nicholas Pooran', 'Shuvagata Hom', 'Ariful Haque', 'Junaid Khan', 'Shafiul Islam', 'Mosharraf Hossain']",Khulna Titans,Wickets,6.0,Mahmudullah,Morshed Ali Khan,Ranmore Martinesz,Gazi Sohel,Mahfuzur Rahman,Obaydul Haque
4,156,2016-12-06T00:00:00.000Z,Dhaka,"Shere Bangla National Stadium, Mirpur",day,Eliminator,Chittagong Vikings,Rajshahi Kings,Rajshahi Kings,Bowl,142.0,8.0,20.0,143.0,7.0,18.3,Tamim Iqbal,Daren Sammy,"['Tamim Iqbal', 'Dwayne Smith', 'Chris Gayle', 'Shoaib Malik', 'Anamul Haque', 'Mohammad Nabi', 'Jahurul Islam', 'Abdur Razzak', 'Taskin Ahmed', 'Saqlain Sajib', 'Subashis Roy']","['Nurul Hasan', 'Mominul Haque', 'Afif Hossain', 'Sabbir Rahman', 'Samit Patel', 'James Franklin', 'Daren Sammy', 'Mehidy Hasan Miraz', 'Farhad Reza', 'Nazmul Islam', 'Kesrick Williams']",Rajshahi Kings,Wickets,3.0,Daren Sammy,Masudur Rahman,Ranmore Martinesz,Khalid Mahmood,Mahfuzur Rahman,Raqibul Hasan
4,157,2016-12-06T00:00:00.000Z,Dhaka,"Shere Bangla National Stadium, Mirpur",night,Qualifier 1,Dhaka Dynamites,Khulna Titans,Khulna Titans,Bowl,140.0,8.0,20.0,86.0,10.0,16.2,Shakib Al Hasan,Mahmudullah,"['Mehedi Maruf', 'Evin Lewis', 'Kumar Sangakkara', 'Nasir Hossain', 'Shakib Al Hasan', 'Mosaddek Hossain', 'Andre Russell', 'Dwayne Bravo', 'Alauddin Babu', 'Sunzamul Islam', 'Abu Jayed']","['Andre Fletcher', 'Hasanuzzaman', 'Mahmudullah', 'Benny Howell', 'Abdul Mazid', 'Nicholas Pooran', 'Ariful Haque', 'Shuvagata Hom', 'Mosharraf Hossain', 'Junaid Khan', 'Shafiul Islam']",Dhaka Dynamites,Runs,54.0,Andre Russell,Khalid Mahmood,Nadir Shah,Masudur Rahman,Mahfuzur Rahman,Raqibul Hasan
4,158,2016-12-07T00:00:00.000Z,Dhaka,"Shere Bangla National Stadium, Mirpur",night,Qualifier 2,Khulna Titans,Rajshahi Kings,Khulna Titans,Bat,125.0,9.0,20.0,129.0,3.0,19.2,Mahmudullah,Daren Sammy,"['Abdul Mazid', 'Hasanuzzaman', 'Nicholas Pooran', 'Shuvagata Hom', 'Mahmudullah', 'Benny Howell', 'Ariful Haque', 'Kevon Cooper', 'Naeem Islam jnr', 'Mosharraf Hossain', 'Junaid Khan']","['Mominul Haque', 'Nurul Hasan', 'Afif Hossain', 'Sabbir Rahman', 'James Franklin', 'Samit Patel', 'Mehidy Hasan Miraz', 'Daren Sammy', 'Farhad Reza', 'Nazmul Islam', 'Kesrick Williams']",Rajshahi Kings,Wickets,7.0,Samit Patel,Masudur Rahman,Ranmore Martinesz,Gazi Sohel,Akteruzzaman,Raqibul Hasan
4,159,2016-12-09T00:00:00.000Z,Dhaka,"Shere Bangla National Stadium, Mirpur",night,Final,Dhaka Dynamites,Rajshahi Kings,Rajshahi Kings,Bowl,159.0,9.0,20.0,103.0,9.0,17.4,Shakib Al Hasan,Daren Sammy,"['Mehedi Maruf', 'Evin Lewis', 'Nasir Hossain', 'Mosaddek Hossain', 'Kumar Sangakkara', 'Dwayne Bravo', 'Andre Russell', 'Shakib Al Hasan', 'Alauddin Babu', 'Sunzamul Islam', 'Abu Jayed']","['Nurul Hasan', 'Mominul Haque', 'Sabbir Rahman', 'Samit Patel', 'James Franklin', 'Daren Sammy', 'Afif Hossain', 'Mehidy Hasan Miraz', 'Farhad Reza', 'Kesrick Williams', 'Nazmul Islam']",Dhaka Dynamites,Runs,56.0,Kumar Sangakkara,Khalid Mahmood,Mahfuzur Rahman,Masudur Rahman,Shafiuddin Ahmed,Raqibul Hasan
5,160,2017-11-04T00:00:00.000Z,Sylhet,Sylhet International Cricket Stadium,day,1st match,Dhaka Dynamites,Sylhet Sixers,Sylhet Sixers,Bowl,136.0,7.0,20.0,137.0,1.0,16.5,Shakib Al Hasan,Nasir Hossain,"['Mehedi Maruf', 'Evin Lewis', 'Kumar Sangakkara', 'Mosaddek Hossain', 'Shakib Al Hasan', 'Kieron Pollard', 'Cameron Delport', 'Adil Rashid', 'Abu Hider', 'Saqlain Sajib', 'Mohammad Shahid']","['Upul Tharanga', 'Andre Fletcher', 'Sabbir Rahman', 'Ross Whiteley', 'Nasir Hossain', 'Shuvagata Hom', 'Nurul Hasan', 'Taijul Islam', 'Abul Hasan', 'Krishmar Santokie', 'Liam Plunkett']",Sylhet Sixers,Wickets,9.0,Upul Tharanga,Masudur Rahman,Riazuddin,Tanvir Ahmed,,Debabrata Paul
5,161,2017-11-04T00:00:00.000Z,Sylhet,Sylhet International Cricket Stadium,night,2nd match,Rajshahi Kings,Rangpur Riders,Rangpur Riders,Bowl,154.0,8.0,20.0,155.0,4.0,18.5,Daren Sammy,Mashrafe Mortaza,"['Luke Wright', 'Mominul Haque', 'Rony Talukdar', 'Mushfiqur Rahim', 'Samit Patel', 'James Franklin', 'Daren Sammy', 'Farhad Reza', 'Mehidy Hasan Miraz', 'Nihaduzzaman', 'Kesrick Williams']","['Johnson Charles', 'Adam Lyth', 'Mohammad Mithun', 'Shahriar Nafees', 'Ravi Bopara', 'Thisara Perera', 'Mashrafe Mortaza', 'Rubel Hossain', 'Sohag Gazi', 'Nazmul Islam', 'Lasith Malinga']",Rangpur Riders,Wickets,6.0,Ravi Bopara,Mahfuzur Rahman,Tanvir Ahmed,Masudur Rahman,,Debabrata Paul
5,162,2017-11-05T00:00:00.000Z,Sylhet,Sylhet International Cricket Stadium,day,3rd match,Comilla Victorians,Sylhet Sixers,Sylhet Sixers,Bowl,145.0,6.0,20.0,148.0,6.0,19.5,Mohammad Nabi,Nasir Hossain,"['Litton Das', 'Imrul Kayes', 'Marlon Samuels', 'Jos Buttler', 'Alok Kapali', 'Mohammad Nabi', 'Dwayne Bravo', 'Mohammad Saifuddin', 'Rashid Khan', 'Arafat Sunny', 'Al-Amin Hossain']","['Upul Tharanga', 'Andre Fletcher', 'Sabbir Rahman', 'Nasir Hossain', 'Ross Whiteley', 'Shuvagata Hom', 'Liam Plunkett', 'Nurul Hasan', 'Abul Hasan', 'Taijul Islam', 'Krishmar Santokie']",Sylhet Sixers,Wickets,4.0,Upul Tharanga,Mahfuzur Rahman,Masudur Rahman,Tanvir Ahmed,Akteruzzaman,Debabrata Paul
5,163,2017-11-05T00:00:00.000Z,Sylhet,Sylhet International Cricket Stadium,night,4th match,Dhaka Dynamites,Khulna Titans,Khulna Titans,Bowl,202.0,7.0,20.0,137.0,10.0,18.1,Shakib Al Hasan,Mahmudullah,"['Kumar Sangakkara', 'Evin Lewis', 'Cameron Delport', 'Kieron Pollard', 'Shakib Al Hasan', 'Sunil Narine', 'Mosaddek Hossain', 'Jahurul Islam', 'Abu Hider', 'Khaled Ahmed', 'Mohammad Shahid']","['Chadwick Walton', 'Najmul Hossain Shanto', 'Carlos Brathwaite', 'Rilee Rossouw', 'Mahmudullah', 'Ariful Haque', 'Jofra Archer', 'Akila Dananjaya', 'Mosharraf Hossain', 'Shafiul Islam', 'Abu Jayed']",Dhaka Dynamites,Runs,65.0,Cameron Delport,Akteruzzaman,Riazuddin,Masudur Rahman,Tanvir Ahmed,Debabrata Paul
5,164,2017-11-07T00:00:00.000Z,Sylhet,Sylhet International Cricket Stadium,day,5th match,Chittagong Vikings,Comilla Victorians,Comilla Victorians,Bowl,143.0,7.0,20.0,144.0,2.0,17.2,Misbah-ul-Haq,Mohammad Nabi,"['Luke Ronchi', 'Soumya Sarkar', 'Dilshan Munaweera', 'Anamul Haque', 'Misbah-ul-Haq', 'Luis Reece', 'Sikandar Raza', 'Sohrawordi Shuvo', 'Sunzamul Islam', 'Subashis Roy', 'Taskin Ahmed']","['Litton Das', 'Jos Buttler', 'Imrul Kayes', 'Marlon Samuels', 'Alok Kapali', 'Mohammad Nabi', 'Dwayne Bravo', 'Mohammad Saifuddin', 'Rashid Khan', 'Arafat Sunny', 'Al-Amin Hossain']",Comilla Victorians,Wickets,8.0,Mohammad Saifuddin,Masudur Rahman,Sharfuddoula,Anisur Rahman,Moniruzzaman,Neeyamur Rashid
5,165,2017-11-07T00:00:00.000Z,Sylhet,Sylhet International Cricket Stadium,night,6th match,Sylhet Sixers,Rajshahi Kings,Rajshahi Kings,Bowl,205.0,6.0,20.0,172.0,8.0,20.0,Nasir Hossain,Daren Sammy,"['Upul Tharanga', 'Andre Fletcher', 'Sabbir Rahman', 'Danushka Gunathilaka', 'Ross Whiteley', 'Liam Plunkett', 'Nurul Hasan', 'Abul Hasan', 'Nasir Hossain', 'Taijul Islam', 'Kamrul Islam']","['Luke Wright', 'Mominul Haque', 'Rony Talukdar', 'Mushfiqur Rahim', 'Samit Patel', 'James Franklin', 'Daren Sammy', 'Farhad Reza', 'Mehidy Hasan Miraz', 'Kesrick Williams', 'Hossain Ali']",Sylhet Sixers,Runs,33.0,Danushka Gunathilaka,Anisur Rahman,Riazuddin,Sharfuddoula,Moniruzzaman,Neeyamur Rashid
5,166,2017-11-08T00:00:00.000Z,Sylhet,Sylhet International Cricket Stadium,day,7th match,Chittagong Vikings,Rangpur Riders,Rangpur Riders,Bowl,166.0,4.0,20.0,155.0,8.0,20.0,Misbah-ul-Haq,Mashrafe Mortaza,"['Luke Ronchi', 'Soumya Sarkar', 'Dilshan Munaweera', 'Misbah-ul-Haq', 'Luis Reece', 'Anamul Haque', 'Sikandar Raza', 'Tanbir Hayder', 'Sunzamul Islam', 'Subashis Roy', 'Taskin Ahmed']","['Johnson Charles', 'Ziaur Rahman', 'Mohammad Mithun', 'Ravi Bopara', 'Shahriar Nafees', 'Samiullah Shinwari', 'Thisara Perera', 'Mashrafe Mortaza', 'Sohag Gazi', 'Lasith Malinga', 'Nazmul Islam']",Chittagong Vikings,Runs,11.0,Taskin Ahmed,Riazuddin,Sharfuddoula,Anisur Rahman,Moniruzzaman,Neeyamur Rashid
5,167,2017-11-08T00:00:00.000Z,Sylhet,Sylhet International Cricket Stadium,night,8th match,Sylhet Sixers,Khulna Titans,Khulna Titans,Bowl,135.0,5.0,20.0,138.0,4.0,18.0,Nasir Hossain,Mahmudullah,"['Upul Tharanga', 'Andre Fletcher', 'Sabbir Rahman', 'Danushka Gunathilaka', 'Nasir Hossain', 'Ross Whiteley', 'Nurul Hasan', 'Krishmar Santokie', 'Abul Hasan', 'Taijul Islam', 'Mohammad Sharif']","['Najmul Hossain Shanto', 'Chadwick Walton', 'Michael Klinger', 'Rilee Rossouw', 'Mahmudullah', 'Carlos Brathwaite', 'Jofra Archer', 'Ariful Haque', 'Mosharraf Hossain', 'Shafiul Islam', 'Abu Jayed']",Khulna Titans,Wickets,6.0,Mahmudullah,Anisur Rahman,Masudur Rahman,Sharfuddoula,Moniruzzaman,Neeyamur Rashid
5,168,2017-11-11T00:00:00.000Z,Dhaka,"Shere Bangla National Stadium, Mirpur",day,9th match,Rangpur Riders,Rajshahi Kings,Rangpur Riders,Bat,134.0,5.0,20.0,138.0,2.0,16.4,Mashrafe Mortaza,,"['Johnson Charles', 'Adam Lyth', 'Mohammad Mithun', 'Ravi Bopara', 'Shahriar Nafees', 'Thisara Perera', 'Ziaur Rahman', 'Mashrafe Mortaza', 'Abdur Razzak', 'Lasith Malinga', 'Nazmul Islam']","['Lendl Simmons', 'Mominul Haque', 'Malcolm Waller', 'Rony Talukdar', 'James Franklin', 'Mushfiqur Rahim', 'Mehidy Hasan Miraz', 'Farhad Reza', 'Kesrick Williams', 'Mohammad Sami', 'Nihaduzzaman']",Rajshahi Kings,Wickets,8.0,Mominul Haque,Anisur Rahman,Riazuddin,Ranmore Martinesz,,Raqibul Hasan
5,169,2017-11-11T00:00:00.000Z,Dhaka,"Shere Bangla National Stadium, Mirpur",night,10th match,Sylhet Sixers,Dhaka Dynamites,Dhaka Dynamites,Bowl,101.0,9.0,20.0,106.0,2.0,7.5,Nasir Hossain,Shakib Al Hasan,"['Danushka Gunathilaka', 'Upul Tharanga', 'Sabbir Rahman', 'Nasir Hossain', 'Ross Whiteley', 'Nurul Hasan', 'Wanindu Hasaranga', 'Tim Bresnan', 'Abul Hasan', 'Mohammad Sharif', 'Taijul Islam']","['Evin Lewis', 'Shahid Afridi', 'Cameron Delport', 'Shakib Al Hasan', 'Kieron Pollard', 'Sunil Narine', 'Mosaddek Hossain', 'Jahurul Islam', 'Abu Hider', 'Khaled Ahmed', 'Mohammad Shahid']",Dhaka Dynamites,Wickets,8.0,Shahid Afridi,Nadir Shah,Ranmore Martinesz,Anisur Rahman,Tanvir Ahmed,Raqibul Hasan
5,170,2017-11-12T00:00:00.000Z,Dhaka,"Shere Bangla National Stadium, Mirpur",day,11th match,Khulna Titans,Chittagong Vikings,Chittagong Vikings,Bowl,170.0,7.0,20.0,152.0,7.0,20.0,Mahmudullah,Misbah-ul-Haq,"['Chadwick Walton', 'Najmul Hossain Shanto', 'Michael Klinger', 'Rilee Rossouw', 'Mahmudullah', 'Ariful Haque', 'Carlos Brathwaite', 'Jofra Archer', 'Mosharraf Hossain', 'Shafiul Islam', 'Abu Jayed']","['Luke Ronchi', 'Soumya Sarkar', 'Anamul Haque', 'Dilshan Munaweera', 'Misbah-ul-Haq', 'Sikandar Raza', 'Luis Reece', 'Tanbir Hayder', 'Sunzamul Islam', 'Subashis Roy', 'Taskin Ahmed']",Khulna Titans,Runs,18.0,Abu Jayed,Mahfuzur Rahman,Ranmore Martinesz,Masudur Rahman,Shafiuddin Ahmed,Raqibul Hasan
5,171,2017-11-12T00:00:00.000Z,Dhaka,"Shere Bangla National Stadium, Mirpur",night,12th match,Rajshahi Kings,Comilla Victorians,Comilla Victorians,Bowl,115.0,7.0,20.0,120.0,1.0,15.1,,Mohammad Nabi,"['Lendl Simmons', 'Mominul Haque', 'Rony Talukdar', 'Mushfiqur Rahim', 'James Franklin', 'Mehidy Hasan Miraz', 'Malcolm Waller', 'Farhad Reza', 'Nihaduzzaman', 'Mohammad Sami', 'Kesrick Williams']","['Litton Das', 'Jos Buttler', 'Imrul Kayes', 'Marlon Samuels', 'Mohammad Nabi', 'Alok Kapali', 'Dwayne Bravo', 'Arafat Sunny', 'Mohammad Saifuddin', 'Rashid Khan', 'Al-Amin Hossain']",Comilla Victorians,Wickets,9.0,Rashid Khan,Masudur Rahman,Riazuddin,Ranmore Martinesz,Shafiuddin Ahmed,Raqibul Hasan
5,172,2017-11-14T00:00:00.000Z,Dhaka,"Shere Bangla National Stadium, Mirpur",day,13th match,Khulna Titans,Dhaka Dynamites,Dhaka Dynamites,Bowl,156.0,5.0,20.0,157.0,6.0,19.5,Mahmudullah,Shakib Al Hasan,"['Najmul Hossain Shanto', 'Michael Klinger', 'Dhiman Ghosh', 'Rilee Rossouw', 'Mahmudullah', 'Carlos Brathwaite', 'Ariful Haque', 'Jofra Archer', 'Akila Dananjaya', 'Shafiul Islam', 'Abu Jayed']","['Evin Lewis', 'Sunil Narine', 'Shahid Afridi', 'Cameron Delport', 'Shakib Al Hasan', 'Jahurul Islam', 'Kieron Pollard', 'Mosaddek Hossain', 'Nadif Chowdhury', 'Abu Hider', 'Khaled Ahmed']",Dhaka Dynamites,Wickets,4.0,Jahurul Islam,Mahfuzur Rahman,Ranmore Martinesz,Morshed Ali Khan,Tanvir Ahmed,Showkatur Rahman
5,173,2017-11-14T00:00:00.000Z,Dhaka,"Shere Bangla National Stadium, Mirpur",night,14th match,Chittagong Vikings,Comilla Victorians,Comilla Victorians,Bowl,139.0,4.0,20.0,140.0,4.0,18.1,Misbah-ul-Haq,Mohammad Nabi,"['Luke Ronchi', 'Soumya Sarkar', 'Dilshan Munaweera', 'Sikandar Raza', 'Misbah-ul-Haq', 'Chris Jordan', 'Anamul Haque', 'Tanbir Hayder', 'Sunzamul Islam', 'Subashis Roy', 'Taskin Ahmed']","['Tamim Iqbal', 'Litton Das', 'Imrul Kayes', 'Jos Buttler', 'Marlon Samuels', 'Mohammad Nabi', 'Dwayne Bravo', 'Mohammad Saifuddin', 'Arafat Sunny', 'Rashid Khan', 'Al-Amin Hossain']",Comilla Victorians,Wickets,6.0,Imrul Kayes,Riazuddin,Sharfuddoula,Tanvir Ahmed,Mahfuzur Rahman,Showkatur Rahman
5,174,2017-11-15T00:00:00.000Z,Dhaka,"Shere Bangla National Stadium, Mirpur",day,15th match,Khulna Titans,Sylhet Sixers,,Bowl,,,,,,,Mahmudullah,Nasir Hossain,"['Michael Klinger', 'Mosharraf Hossain', 'Dhiman Ghosh', 'Mahmudullah', 'Muktar Ali', 'Ariful Haque', 'Shafiul Islam', 'Kyle Abbott', 'Chadwick Walton', 'Rilee Rossouw', 'Abu Jayed', 'Carlos Brathwaite', 'Akila Dananjaya', 'Najmul Hossain Shanto', 'Yasir Ali', 'Jofra Archer', 'Shadab Khan', 'Afif Hossain']","['Upul Tharanga', 'Mohammad Sharif', 'Tim Bresnan', 'Liam Plunkett', 'Nabil Samad', 'Andre Fletcher', 'Sharifullah', 'Ross Whiteley', 'Nasir Hossain', 'Krishmar Santokie', 'Danushka Gunathilaka', 'Abul Hasan', 'Sabbir Rahman', 'Kamrul Islam', 'Taijul Islam', 'Shuvagata Hom', 'Nurul Hasan', 'Wanindu Hasaranga']",,Match abandoned without a ball bowled,,,Riazuddin,Sharfuddoula,Tanvir Ahmed,Mahfuzur Rahman,Showkatur Rahman
5,175,2017-11-15T00:00:00.000Z,Dhaka,"Shere Bangla National Stadium, Mirpur",night,16th match,Dhaka Dynamites,Chittagong Vikings,,Bowl,,,,,,,Shakib Al Hasan,Misbah-ul-Haq,"['Shahid Afridi', 'Kumar Sangakkara', 'Nadif Chowdhury', 'Jahurul Islam', 'Shakib Al Hasan', 'Mehedi Maruf', 'Sunil Narine', 'Kieron Pollard', 'Adil Rashid', 'Saqlain Sajib', 'Mohammad Amir', 'Cameron Delport', 'Kevon Cooper', 'Evin Lewis', 'Mohammad Shahid', 'Mosaddek Hossain', 'Abu Hider', 'Khaled Ahmed']","['Yasir Arafat', 'Luke Ronchi', 'Misbah-ul-Haq', 'Sohrawordi Shuvo', 'Sajjadul Haque', 'Chris Jordan', 'Sikandar Raza', 'Subashis Roy', 'Dilshan Munaweera', 'Anamul Haque', 'Sunzamul Islam', 'Irfaan Shukkur', 'Tanbir Hayder', 'Soumya Sarkar', 'Najibullah Zadran', 'Taskin Ahmed', 'Al-Amin', 'Nayeem Hasan']",,Match abandoned without a ball bowled,,,Ranmore Martinesz,Tanvir Ahmed,Moniruzzaman,Mahfuzur Rahman,Showkatur Rahman
5,176,2017-11-17T00:00:00.000Z,Dhaka,"Shere Bangla National Stadium, Mirpur",day,17th match,Sylhet Sixers,Rajshahi Kings,Rajshahi Kings,Bowl,146.0,6.0,20.0,150.0,3.0,17.3,Nasir Hossain,Daren Sammy,"['Upul Tharanga', 'Andre Fletcher', 'Danushka Gunathilaka', 'Nurul Hasan', 'Nasir Hossain', 'Sabbir Rahman', 'Tim Bresnan', 'Liam Plunkett', 'Abul Hasan', 'Nabil Samad', 'Taijul Islam']","['Mominul Haque', 'Rony Talukdar', 'Samit Patel', 'Zakir Hasan', 'Mushfiqur Rahim', 'James Franklin', 'Daren Sammy', 'Mehidy Hasan Miraz', 'Farhad Reza', 'Mohammad Sami', 'Kesrick Williams']",Rajshahi Kings,Wickets,7.0,Zakir Hasan,Mahfuzur Rahman,Ranmore Martinesz,Moniruzzaman,Mozahiduzzaman,Salim Shahed
5,177,2017-11-17T00:00:00.000Z,Dhaka,"Shere Bangla National Stadium, Mirpur",night,18th match,Chittagong Vikings,Khulna Titans,Khulna Titans,Bowl,160.0,5.0,20.0,164.0,5.0,18.2,,Mahmudullah,"['Luke Ronchi', 'Soumya Sarkar', 'Anamul Haque', 'Najibullah Zadran', 'Sikandar Raza', 'Stiaan van Zyl', 'Chris Jordan', 'Tanbir Hayder', 'Sunzamul Islam', 'Al-Amin', 'Taskin Ahmed']","['Michael Klinger', 'Rilee Rossouw', 'Dhiman Ghosh', 'Mahmudullah', 'Najmul Hossain Shanto', 'Ariful Haque', 'Carlos Brathwaite', 'Seekkuge Prasanna', 'Kyle Abbott', 'Shafiul Islam', 'Abu Jayed']",Khulna Titans,Wickets,5.0,Rilee Rossouw,Nadir Shah,Riazuddin,Moniruzzaman,Mozahiduzzaman,Salim Shahed
5,178,2017-11-18T00:00:00.000Z,Dhaka,"Shere Bangla National Stadium, Mirpur",day,19th match,Dhaka Dynamites,Rajshahi Kings,Rajshahi Kings,Bowl,201.0,7.0,20.0,133.0,10.0,18.2,Shakib Al Hasan,Daren Sammy,"['Evin Lewis', 'Shahid Afridi', 'Jahurul Islam', 'Nadif Chowdhury', 'Kumar Sangakkara', 'Shakib Al Hasan', 'Kieron Pollard', 'Sunil Narine', 'Mosaddek Hossain', 'Abu Hider', 'Saddam Hossain']","['Mominul Haque', 'Rony Talukdar', 'Samit Patel', 'Zakir Hasan', 'Mushfiqur Rahim', 'James Franklin', 'Daren Sammy', 'Mehidy Hasan Miraz', 'Farhad Reza', 'Habibur Rahman', 'Hossain Ali']",Dhaka Dynamites,Runs,68.0,Evin Lewis,Nadir Shah,Riazuddin,Morshed Ali Khan,Mahfuzur Rahman,Salim Shahed
5,179,2017-11-18T00:00:00.000Z,Dhaka,"Shere Bangla National Stadium, Mirpur",night,20th match,Comilla Victorians,Rangpur Riders,Rangpur Riders,Bowl,153.0,6.0,20.0,139.0,7.0,20.0,Tamim Iqbal,Mashrafe Mortaza,"['Tamim Iqbal', 'Litton Das', 'Imrul Kayes', 'Jos Buttler', 'Marlon Samuels', 'Shoaib Malik', 'Mohammad Saifuddin', 'Hasan Ali', 'Al-Amin Hossain', 'Rashid Khan', 'Mahedi Hasan']","['Brendon McCullum', 'Chris Gayle', 'Kusal Perera', 'Shahriar Nafees', 'Mohammad Mithun', 'Ravi Bopara', 'Mashrafe Mortaza', 'Thisara Perera', 'Sohag Gazi', 'Rubel Hossain', 'Nazmul Islam']",Comilla Victorians,Runs,14.0,Mahedi Hasan,Mahfuzur Rahman,Ranmore Martinesz,Morshed Ali Khan,Mozahiduzzaman,Salim Shahed
5,180,2017-11-20T00:00:00.000Z,Dhaka,"Shere Bangla National Stadium, Mirpur",day,21st match,Dhaka Dynamites,Comilla Victorians,Dhaka Dynamites,Bat,128.0,10.0,18.3,129.0,6.0,19.4,Shakib Al Hasan,Tamim Iqbal,"['Sunil Narine', 'Evin Lewis', 'Mehedi Maruf', 'Kumar Sangakkara', 'Kieron Pollard', 'Shakib Al Hasan', 'Mosaddek Hossain', 'Jahurul Islam', 'Saddam Hossain', 'Mohammad Amir', 'Abu Hider']","['Tamim Iqbal', 'Litton Das', 'Imrul Kayes', 'Shoaib Malik', 'Darren Bravo', 'Jos Buttler', 'Mohammad Saifuddin', 'Mahedi Hasan', 'Rashid Khan', 'Hasan Ali', 'Al-Amin Hossain']",Comilla Victorians,Wickets,4.0,Hasan Ali,Masudur Rahman,Ranmore Martinesz,Anisur Rahman,Imran Parvez,Samiur Rahman
5,181,2017-11-20T00:00:00.000Z,Dhaka,"Shere Bangla National Stadium, Mirpur",night,22nd match,Rangpur Riders,Sylhet Sixers,Sylhet Sixers,Bowl,169.0,7.0,20.0,162.0,4.0,20.0,Mashrafe Mortaza,Nasir Hossain,"['Brendon McCullum', 'Chris Gayle', 'Mohammad Mithun', 'Shahriar Nafees', 'Thisara Perera', 'Ravi Bopara', 'Ziaur Rahman', 'Mashrafe Mortaza', 'Sohag Gazi', 'Rubel Hossain', 'Zahir Khan']","['Danushka Gunathilaka', 'Andre Fletcher', 'Babar Azam', 'Nasir Hossain', 'Sabbir Rahman', 'Tim Bresnan', 'Nurul Hasan', 'Shuvagata Hom', 'Liam Plunkett', 'Abul Hasan', 'Taijul Islam']",Rangpur Riders,Runs,7.0,Chris Gayle,Anisur Rahman,Riazuddin,Masudur Rahman,Imran Parvez,Samiur Rahman
5,182,2017-11-21T00:00:00.000Z,Dhaka,"Shere Bangla National Stadium, Mirpur",day,23rd match,Rajshahi Kings,Khulna Titans,Khulna Titans,Bowl,166.0,8.0,20.0,168.0,8.0,19.2,Daren Sammy,Mahmudullah,"['Dwayne Smith', 'Mominul Haque', 'Daniel Bell-Drummond', 'Zakir Hasan', 'Mushfiqur Rahim', 'James Franklin', 'Daren Sammy', 'Mehidy Hasan Miraz', 'Mohammad Sami', 'Naeem Islam jnr', 'Hossain Ali']","['Chadwick Walton', 'Rilee Rossouw', 'Seekkuge Prasanna', 'Mahmudullah', 'Afif Hossain', 'Carlos Brathwaite', 'Najmul Hossain Shanto', 'Ariful Haque', 'Shafiul Islam', 'Junaid Khan', 'Abu Jayed']",Khulna Titans,Wickets,2.0,Ariful Haque,Nadir Shah,Sharfuddoula,Moniruzzaman,Morshed Ali Khan,Samiur Rahman
5,183,2017-11-21T00:00:00.000Z,Dhaka,"Shere Bangla National Stadium, Mirpur",night,24th match,Rangpur Riders,Dhaka Dynamites,Dhaka Dynamites,Bowl,142.0,10.0,19.5,139.0,10.0,20.0,Mashrafe Mortaza,Shakib Al Hasan,"['Chris Gayle', 'Brendon McCullum', 'Mohammad Mithun', 'Shahriar Nafees', 'Mashrafe Mortaza', 'Ravi Bopara', 'Thisara Perera', 'Ziaur Rahman', 'Lasith Malinga', 'Sohag Gazi', 'Rubel Hossain']","['Evin Lewis', 'Sunil Narine', 'Shakib Al Hasan', 'Jahurul Islam', 'Mosaddek Hossain', 'Mehedi Maruf', 'Shahid Afridi', 'Kieron Pollard', 'Nadif Chowdhury', 'Mohammad Amir', 'Abu Hider']",Rangpur Riders,Runs,3.0,Chris Gayle,Anisur Rahman,Riazuddin,Morshed Ali Khan,Moniruzzaman,Samiur Rahman
5,184,2017-11-24T00:00:00.000Z,Chattogram,"Zahur Ahmed Chowdhury Stadium, Chittagong",day,25th match,Khulna Titans,Rangpur Riders,Rangpur Riders,Bowl,158.0,8.0,20.0,149.0,6.0,20.0,Mahmudullah,Mashrafe Mortaza,"['Najmul Hossain Shanto', 'Rilee Rossouw', 'Afif Hossain', 'Mahmudullah', 'Nicholas Pooran', 'Ariful Haque', 'Carlos Brathwaite', 'Jofra Archer', 'Junaid Khan', 'Tanvir Islam', 'Abu Jayed']","['Chris Gayle', 'Brendon McCullum', 'Mohammad Mithun', 'Ravi Bopara', 'Fazle Mahmud', 'Nahidul Islam', 'Thisara Perera', 'Mashrafe Mortaza', 'Sohag Gazi', 'Rubel Hossain', 'Lasith Malinga']",Khulna Titans,Runs,9.0,Mahmudullah,Morshed Ali Khan,Riazuddin,Anisur Rahman,Tanvir Ahmed,Raqibul Hasan
5,185,2017-11-24T00:00:00.000Z,Chattogram,"Zahur Ahmed Chowdhury Stadium, Chittagong",night,26th match,Chittagong Vikings,Sylhet Sixers,Sylhet Sixers,Bowl,211.0,5.0,20.0,171.0,8.0,20.0,Luke Ronchi,Nasir Hossain,"['Luke Ronchi', 'Soumya Sarkar', 'Anamul Haque', 'Stiaan van Zyl', 'Sikandar Raza', 'Najibullah Zadran', 'Luis Reece', 'Tanbir Hayder', 'Sunzamul Islam', 'Subashis Roy', 'Taskin Ahmed']","['Danushka Gunathilaka', 'Andre Fletcher', 'Babar Azam', 'Sabbir Rahman', 'Tim Bresnan', 'Abul Hasan', 'Nurul Hasan', 'Nasir Hossain', 'Kamrul Islam', 'Ghulam Mudassar', 'Taijul Islam']",Chittagong Vikings,Runs,40.0,Sikandar Raza,Anisur Rahman,Tanvir Ahmed,Ranmore Martinesz,Morshed Ali Khan,Raqibul Hasan
5,186,2017-11-25T00:00:00.000Z,Chattogram,"Zahur Ahmed Chowdhury Stadium, Chittagong",day,27th match,Rajshahi Kings,Comilla Victorians,Rajshahi Kings,Bat,185.0,7.0,20.0,155.0,10.0,19.1,Daren Sammy,Tamim Iqbal,"['Dwayne Smith', 'Mominul Haque', 'Luke Wright', 'Zakir Hasan', 'Mushfiqur Rahim', 'James Franklin', 'Daren Sammy', 'Mehidy Hasan Miraz', 'Mohammad Sami', 'Mustafizur Rahman', 'Hossain Ali']","['Tamim Iqbal', 'Fakhar Zaman', 'Imrul Kayes', 'Shoaib Malik', 'Jos Buttler', 'Alok Kapali', 'Mohammad Saifuddin', 'Hasan Ali', 'Rashid Khan', 'Mahedi Hasan', 'Al-Amin Hossain']",Rajshahi Kings,Runs,30.0,Daren Sammy,Anisur Rahman,Morshed Ali Khan,Ranmore Martinesz,Tanvir Ahmed,Raqibul Hasan
5,187,2017-11-25T00:00:00.000Z,Chattogram,"Zahur Ahmed Chowdhury Stadium, Chittagong",night,28th match,Chittagong Vikings,Rangpur Riders,Rangpur Riders,Bowl,176.0,7.0,20.0,180.0,7.0,20.0,Luke Ronchi,Mashrafe Mortaza,"['Luke Ronchi', 'Soumya Sarkar', 'Anamul Haque', 'Stiaan van Zyl', 'Sikandar Raza', 'Najibullah Zadran', 'Luis Reece', 'Tanbir Hayder', 'Al-Amin', 'Sunzamul Islam', 'Taskin Ahmed']","['Brendon McCullum', 'Chris Gayle', 'Mashrafe Mortaza', 'Mohammad Mithun', 'Ravi Bopara', 'Thisara Perera', 'Nahidul Islam', 'Shahriar Nafees', 'Lasith Malinga', 'Rubel Hossain', 'Sohag Gazi']",Rangpur Riders,Wickets,3.0,Mashrafe Mortaza,Riazuddin,Tanvir Ahmed,Anisur Rahman,Morshed Ali Khan,Raqibul Hasan
5,188,2017-11-27T00:00:00.000Z,Chattogram,"Zahur Ahmed Chowdhury Stadium, Chittagong",day,29th match,Chittagong Vikings,Dhaka Dynamites,Chittagong Vikings,Bat,187.0,5.0,20.0,191.0,3.0,18.5,Luke Ronchi,Shakib Al Hasan,"['Luke Ronchi', 'Soumya Sarkar', 'Anamul Haque', 'Stiaan van Zyl', 'Najibullah Zadran', 'Sikandar Raza', 'Rayad Emrit', 'Tanbir Hayder', 'Sunzamul Islam', 'Al-Amin', 'Taskin Ahmed']","['Evin Lewis', 'Shahid Afridi', 'Joe Denly', 'Shakib Al Hasan', 'Cameron Delport', 'Jahurul Islam', 'Mosaddek Hossain', 'Sunil Narine', 'Abu Hider', 'Saddam Hossain', 'Mohammad Shahid']",Dhaka Dynamites,Wickets,7.0,Evin Lewis,Nadir Shah,Riazuddin,Gazi Sohel,Mahfuzur Rahman,Neeyamur Rashid
5,189,2017-11-27T00:00:00.000Z,Chattogram,"Zahur Ahmed Chowdhury Stadium, Chittagong",night,30th match,Khulna Titans,Rajshahi Kings,Rajshahi Kings,Bowl,213.0,5.0,20.0,145.0,10.0,19.0,Mahmudullah,Daren Sammy,"['Najmul Hossain Shanto', 'Rilee Rossouw', 'Afif Hossain', 'Mahmudullah', 'Nicholas Pooran', 'Carlos Brathwaite', 'Ariful Haque', 'Jofra Archer', 'Shafiul Islam', 'Kyle Abbott', 'Abu Jayed']","['Mominul Haque', 'Luke Wright', 'Rony Talukdar', 'Zakir Hasan', 'Daren Sammy', 'Mushfiqur Rahim', 'James Franklin', 'Mehidy Hasan Miraz', 'Mohammad Sami', 'Kesrick Williams', 'Mustafizur Rahman']",Khulna Titans,Runs,68.0,Nicholas Pooran,Gazi Sohel,Mahfuzur Rahman,Ranmore Martinesz,Manjurul Islam,Neeyamur Rashid
5,190,2017-11-28T00:00:00.000Z,Chattogram,"Zahur Ahmed Chowdhury Stadium, Chittagong",day,31st match,Sylhet Sixers,Rangpur Riders,Rangpur Riders,Bowl,173.0,5.0,20.0,177.0,6.0,19.4,Nasir Hossain,Mashrafe Mortaza,"['Andre Fletcher', 'Nurul Hasan', 'Nasir Hossain', 'Babar Azam', 'Sabbir Rahman', 'Ross Whiteley', 'Tim Bresnan', 'Kamrul Islam', 'Nabil Samad', 'Abul Hasan', 'Sohail Tanvir']","['Chris Gayle', 'Ziaur Rahman', 'Brendon McCullum', 'Mohammad Mithun', 'Ravi Bopara', 'Samiullah Shinwari', 'Mashrafe Mortaza', 'Nahidul Islam', 'Nazmul Islam', 'Rubel Hossain', 'Lasith Malinga']",Rangpur Riders,Wickets,4.0,Nazmul Islam,Mahfuzur Rahman,Ranmore Martinesz,Gazi Sohel,Manjurul Islam,Neeyamur Rashid
5,191,2017-11-28T00:00:00.000Z,Chattogram,"Zahur Ahmed Chowdhury Stadium, Chittagong",night,32nd match,Khulna Titans,Comilla Victorians,Khulna Titans,Bat,111.0,10.0,19.2,112.0,1.0,13.5,Mahmudullah,Tamim Iqbal,"['Najmul Hossain Shanto', 'Rilee Rossouw', 'Afif Hossain', 'Mahmudullah', 'Nicholas Pooran', 'Ariful Haque', 'Carlos Brathwaite', 'Jofra Archer', 'Kyle Abbott', 'Shafiul Islam', 'Abu Jayed']","['Tamim Iqbal', 'Litton Das', 'Imrul Kayes', 'Shoaib Malik', 'Jos Buttler', 'Marlon Samuels', 'Dwayne Bravo', 'Mohammad Saifuddin', 'Mahedi Hasan', 'Hasan Ali', 'Al-Amin Hossain']",Comilla Victorians,Wickets,9.0,Shoaib Malik,Nadir Shah,Riazuddin,Gazi Sohel,Mahfuzur Rahman,Neeyamur Rashid
5,192,2017-11-29T00:00:00.000Z,Chattogram,"Zahur Ahmed Chowdhury Stadium, Chittagong",day,33rd match,Rajshahi Kings,Chittagong Vikings,Rajshahi Kings,Bat,157.0,6.0,20.0,124.0,10.0,19.2,Daren Sammy,Luke Ronchi,"['Mominul Haque', 'Luke Wright', 'Zakir Hasan', 'Mushfiqur Rahim', 'James Franklin', 'Daren Sammy', 'Usama Mir', 'Mehidy Hasan Miraz', 'Mohammad Sami', 'Qazi Onik', 'Mustafizur Rahman']","['Luke Ronchi', 'Soumya Sarkar', 'Anamul Haque', 'Stiaan van Zyl', 'Sikandar Raza', 'Luis Reece', 'Tanbir Hayder', 'Rayad Emrit', 'Sunzamul Islam', 'Nayeem Hasan', 'Taskin Ahmed']",Rajshahi Kings,Runs,33.0,Daren Sammy,Gazi Sohel,Mahfuzur Rahman,Ranmore Martinesz,Manjurul Islam,Neeyamur Rashid
5,193,2017-11-29T00:00:00.000Z,Chattogram,"Zahur Ahmed Chowdhury Stadium, Chittagong",night,34th match,Comilla Victorians,Dhaka Dynamites,Dhaka Dynamites,Bowl,167.0,6.0,20.0,155.0,8.0,20.0,Tamim Iqbal,Shakib Al Hasan,"['Tamim Iqbal', 'Litton Das', 'Imrul Kayes', 'Marlon Samuels', 'Jos Buttler', 'Shoaib Malik', 'Dwayne Bravo', 'Hasan Ali', 'Mahedi Hasan', 'Mohammad Saifuddin', 'Al-Amin Hossain']","['Evin Lewis', 'Joe Denly', 'Shadman Islam', 'Shakib Al Hasan', 'Sunil Narine', 'Kieron Pollard', 'Mosaddek Hossain', 'Jahurul Islam', 'Kevon Cooper', 'Abu Hider', 'Mohammad Shahid']",Comilla Victorians,Runs,12.0,Dwayne Bravo,Nadir Shah,Riazuddin,Gazi Sohel,Mahfuzur Rahman,Neeyamur Rashid
5,194,2017-12-02T00:00:00.000Z,Dhaka,"Shere Bangla National Stadium, Mirpur",day,35th match,Rangpur Riders,Comilla Victorians,Comilla Victorians,Bowl,97.0,10.0,17.1,100.0,6.0,19.3,Mashrafe Mortaza,Tamim Iqbal,"['Ziaur Rahman', 'Chris Gayle', 'Brendon McCullum', 'Mohammad Mithun', 'Ravi Bopara', 'Chamara Kapugedera', 'Nahidul Islam', 'Mashrafe Mortaza', 'Isuru Udana', 'Sohag Gazi', 'Nazmul Islam']","['Tamim Iqbal', 'Litton Das', 'Imrul Kayes', 'Jos Buttler', 'Shoaib Malik', 'Marlon Samuels', 'Mohammad Saifuddin', 'Hasan Ali', 'Mahedi Hasan', 'Mujeeb Ur Rahman', 'Al-Amin Hossain']",Comilla Victorians,Wickets,4.0,Mahedi Hasan,Nadir Shah,Ranmore Martinesz,Tanvir Ahmed,Shafiuddin Ahmed,Debabrata Paul
5,195,2017-12-02T00:00:00.000Z,Dhaka,"Shere Bangla National Stadium, Mirpur",night,36th match,Dhaka Dynamites,Rajshahi Kings,Dhaka Dynamites,Bat,205.0,5.0,20.0,106.0,10.0,18.3,Shakib Al Hasan,Mushfiqur Rahim,"['Joe Denly', 'Sunil Narine', 'Cameron Delport', 'Kieron Pollard', 'Shahid Afridi', 'Shakib Al Hasan', 'Jahurul Islam', 'Mosaddek Hossain', 'Saddam Hossain', 'Nadif Chowdhury', 'Abu Hider']","['Lendl Simmons', 'Mominul Haque', 'Luke Wright', 'Mushfiqur Rahim', 'Zakir Hasan', 'Samit Patel', 'Usama Mir', 'Mehidy Hasan Miraz', 'Qazi Onik', 'Mohammad Sami', 'Mustafizur Rahman']",Dhaka Dynamites,Runs,99.0,Sunil Narine,Masudur Rahman,Riazuddin,Tanvir Ahmed,Shafiuddin Ahmed,Debabrata Paul
5,196,2017-12-03T00:00:00.000Z,Dhaka,"Shere Bangla National Stadium, Mirpur",day,37th match,Chittagong Vikings,Sylhet Sixers,Sylhet Sixers,Bowl,67.0,10.0,12.0,68.0,0.0,11.1,Luke Ronchi,Nasir Hossain,"['Luke Ronchi', 'Soumya Sarkar', 'Luis Reece', 'Stiaan van Zyl', 'Sikandar Raza', 'Tanbir Hayder', 'Irfaan Shukkur', 'Rayad Emrit', 'Sunzamul Islam', 'Nayeem Hasan', 'Taskin Ahmed']","['Mohammad Rizwan', 'Andre Fletcher', 'Sabbir Rahman', 'Nasir Hossain', 'Ross Whiteley', 'Sohail Tanvir', 'Kamrul Islam', 'Abul Hasan', 'Nabil Samad', 'Babar Azam', 'Sharifullah']",Sylhet Sixers,Wickets,10.0,Nasir Hossain,Nadir Shah,Tanvir Ahmed,Ranmore Martinesz,Moniruzzaman,Debabrata Paul
5,197,2017-12-03T00:00:00.000Z,Dhaka,"Shere Bangla National Stadium, Mirpur",night,38th match,Rangpur Riders,Khulna Titans,Khulna Titans,Bowl,147.0,6.0,20.0,128.0,8.0,20.0,Mashrafe Mortaza,Mahmudullah,"['Chris Gayle', 'Ziaur Rahman', 'Brendon McCullum', 'Mohammad Mithun', 'Ravi Bopara', 'Chamara Kapugedera', 'Nahidul Islam', 'Mashrafe Mortaza', 'Nazmul Islam', 'Sohag Gazi', 'Isuru Udana']","['Najmul Hossain Shanto', 'Michael Klinger', 'Afif Hossain', 'Mahmudullah', 'Nicholas Pooran', 'Carlos Brathwaite', 'Ariful Haque', 'Jofra Archer', 'Mohammad Irfan', 'Shafiul Islam', 'Abu Jayed']",Rangpur Riders,Runs,19.0,Mohammad Mithun,Masudur Rahman,Riazuddin,Moniruzzaman,Tanvir Ahmed,Debabrata Paul
5,198,2017-12-05T00:00:00.000Z,Dhaka,"Shere Bangla National Stadium, Mirpur",day,39th match,Khulna Titans,Comilla Victorians,Khulna Titans,Bat,174.0,6.0,20.0,160.0,7.0,20.0,Mahmudullah,Tamim Iqbal,"['Najmul Hossain Shanto', 'Michael Klinger', 'Mahmudullah', 'Nicholas Pooran', 'Ariful Haque', 'Carlos Brathwaite', 'Benny Howell', 'Mohammad Irfan', 'Mosharraf Hossain', 'Abu Jayed', 'Afif Hossain']","['Tamim Iqbal', 'Solomon Mire', 'Imrul Kayes', 'Jos Buttler', 'Shoaib Malik', 'Marlon Samuels', 'Graeme Cremer', 'Raqibul Hasan', 'Mehedi Hasan Rana', 'Mahedi Hasan', 'Al-Amin Hossain']",Khulna Titans,Runs,14.0,Ariful Haque,Morshed Ali Khan,Riazuddin,Tanvir Ahmed,Imran Parvez,Samiur Rahman
5,199,2017-12-05T00:00:00.000Z,Dhaka,"Shere Bangla National Stadium, Mirpur",night,40th match,Chittagong Vikings,Rajshahi Kings,Rajshahi Kings,Bowl,194.0,2.0,20.0,149.0,9.0,20.0,Luke Ronchi,Mushfiqur Rahim,"['Luke Ronchi', 'Luis Reece', 'Soumya Sarkar', 'Sikandar Raza', 'Stiaan van Zyl', 'Tanbir Hayder', 'Irfaan Shukkur', 'Rayad Emrit', 'Sunzamul Islam', 'Al-Amin', 'Taskin Ahmed']","['Mominul Haque', 'Rony Talukdar', 'Samit Patel', 'Mushfiqur Rahim', 'Zakir Hasan', 'Usama Mir', 'James Franklin', 'Mehidy Hasan Miraz', 'Mohammad Sami', 'Qazi Onik', 'Mustafizur Rahman']",Chittagong Vikings,Runs,45.0,Luis Reece,Mahfuzur Rahman,Shafiuddin Ahmed,Tanvir Ahmed,Imran Parvez,Samiur Rahman
5,200,2017-12-06T00:00:00.000Z,Dhaka,"Shere Bangla National Stadium, Mirpur",day,41st match,Dhaka Dynamites,Rangpur Riders,Dhaka Dynamites,Bat,137.0,7.0,20.0,94.0,7.0,20.0,Shakib Al Hasan,Brendon McCullum,"['Sunil Narine', 'Evin Lewis', 'Joe Denly', 'Jahurul Islam', 'Mosaddek Hossain', 'Mehedi Maruf', 'Shakib Al Hasan', 'Kieron Pollard', 'Mohammad Amir', 'Abu Hider', 'Saddam Hossain']","['Johnson Charles', 'Adam Lyth', 'Brendon McCullum', 'Shahriar Nafees', 'Mohammad Mithun', 'Ravi Bopara', 'Nahidul Islam', 'Abdur Razzak', 'Samuel Badree', 'Ebadot Hossain', 'Rubel Hossain']",Dhaka Dynamites,Runs,43.0,Shakib Al Hasan,Nadir Shah,Riazuddin,Moniruzzaman,Mahfuzur Rahman,Obaydul Haque
5,201,2017-12-06T00:00:00.000Z,Dhaka,"Shere Bangla National Stadium, Mirpur",night,42nd match,Comilla Victorians,Sylhet Sixers,Sylhet Sixers,Bowl,170.0,4.0,20.0,145.0,7.0,20.0,Shoaib Malik,Nasir Hossain,"['Litton Das', 'Jos Buttler', 'Imrul Kayes', 'Marlon Samuels', 'Shoaib Malik', 'Hasan Ali', 'Graeme Cremer', 'Mahedi Hasan', 'Al-Amin Hossain', 'Mohammad Saifuddin', 'Raqibul Hasan']","['Mohammad Rizwan', 'Andre Fletcher', 'Nasir Hossain', 'Babar Azam', 'Sabbir Rahman', 'Ross Whiteley', 'Sohail Tanvir', 'Mohammad Sharif', 'Sharifullah', 'Nabil Samad', 'Kamrul Islam']",Comilla Victorians,Runs,25.0,Litton Das,Akteruzzaman,Moniruzzaman,Morshed Ali Khan,Mozahiduzzaman,Obaydul Haque
5,202,2017-12-08T00:00:00.000Z,Dhaka,"Shere Bangla National Stadium, Mirpur",day,Eliminator,Khulna Titans,Rangpur Riders,Rangpur Riders,Bowl,167.0,6.0,20.0,171.0,2.0,15.2,Mahmudullah,Mashrafe Mortaza,"['Najmul Hossain Shanto', 'Michael Klinger', 'Afif Hossain', 'Mahmudullah', 'Ariful Haque', 'Nicholas Pooran', 'Carlos Brathwaite', 'Jofra Archer', 'Mohammad Irfan', 'Abu Jayed', 'Tanvir Islam']","['Chris Gayle', 'Sohag Gazi', 'Brendon McCullum', 'Mohammad Mithun', 'Ravi Bopara', 'Nahidul Islam', 'Mashrafe Mortaza', 'Johnson Charles', 'Nazmul Islam', 'Lasith Malinga', 'Rubel Hossain']",Rangpur Riders,Wickets,8.0,Chris Gayle,Anisur Rahman,Masudur Rahman,Tanvir Ahmed,Mahfuzur Rahman,Salim Shahed
5,203,2017-12-08T00:00:00.000Z,Dhaka,"Shere Bangla National Stadium, Mirpur",night,Qualifier 1,Dhaka Dynamites,Comilla Victorians,Dhaka Dynamites,Bat,191.0,7.0,20.0,96.0,10.0,18.0,Shakib Al Hasan,Tamim Iqbal,"['Mehedi Maruf', 'Evin Lewis', 'Joe Denly', 'Kieron Pollard', 'Shakib Al Hasan', 'Shahid Afridi', 'Mosaddek Hossain', 'Sunil Narine', 'Jahurul Islam', 'Abu Hider', 'Saddam Hossain']","['Tamim Iqbal', 'Litton Das', 'Jos Buttler', 'Imrul Kayes', 'Marlon Samuels', 'Shoaib Malik', 'Dwayne Bravo', 'Mohammad Saifuddin', 'Hasan Ali', 'Mahedi Hasan', 'Al-Amin Hossain']",Dhaka Dynamites,Runs,95.0,Shahid Afridi,Mahfuzur Rahman,Masudur Rahman,Morshed Ali Khan,Tanvir Ahmed,Salim Shahed
5,204,2017-12-10T00:00:00.000Z,Dhaka,"Shere Bangla National Stadium, Mirpur",night,Qualifier 2,Rangpur Riders,Comilla Victorians,Comilla Victorians,Bowl,192.0,3.0,20.0,156.0,10.0,20.0,Mashrafe Mortaza,Tamim Iqbal,"['Johnson Charles', 'Chris Gayle', 'Brendon McCullum', 'Ravi Bopara', 'Mashrafe Mortaza', 'Nahidul Islam', 'Rubel Hossain', 'Mohammad Mithun', 'Nazmul Islam', 'Isuru Udana', 'Sohag Gazi']","['Tamim Iqbal', 'Litton Das', 'Imrul Kayes', 'Shoaib Malik', 'Marlon Samuels', 'Jos Buttler', 'Hasan Ali', 'Mohammad Saifuddin', 'Graeme Cremer', 'Mahedi Hasan', 'Al-Amin Hossain']",Rangpur Riders,Runs,36.0,Johnson Charles,Gazi Sohel,Raveendra Wimalasiri,Tanvir Ahmed,Morshed Ali Khan,Raqibul Hasan
5,205,2017-12-12T00:00:00.000Z,Dhaka,"Shere Bangla National Stadium, Mirpur",night,Final,Rangpur Riders,Dhaka Dynamites,Dhaka Dynamites,Bowl,206.0,1.0,20.0,149.0,9.0,20.0,Mashrafe Mortaza,Shakib Al Hasan,"['Johnson Charles', 'Chris Gayle', 'Brendon McCullum', 'Ravi Bopara', 'Mashrafe Mortaza', 'Nahidul Islam', 'Rubel Hossain', 'Mohammad Mithun', 'Nazmul Islam', 'Isuru Udana', 'Sohag Gazi']","['Mehedi Maruf', 'Evin Lewis', 'Joe Denly', 'Shakib Al Hasan', 'Kieron Pollard', 'Jahurul Islam', 'Mosaddek Hossain', 'Shahid Afridi', 'Sunil Narine', 'Abu Hider', 'Khaled Ahmed']",Rangpur Riders,Runs,57.0,Chris Gayle,Mahfuzur Rahman,Riazuddin,Tanvir Ahmed,Morshed Ali Khan,Raqibul Hasan
6,206,2019-01-05T00:00:00.000Z,Dhaka,"Shere Bangla National Stadium, Mirpur",day,1st Match,Rangpur Riders,Chittagong Vikings,Chittagong Vikings,Bowl,98.0,10.0,20.0,101.0,7.0,19.1,Mashrafe Mortaza,Mushfiqur Rahim,"['Mehedi Maruf', 'Alex Hales', 'Mohammad Mithun', 'Rilee Rossouw', 'Ravi Bopara', 'Benny Howell', 'Farhad Reza', 'Mashrafe Mortaza', 'Sohag Gazi', 'Nazmul Islam', 'Shafiul Islam']","['Mohammad Shahzad', 'Cameron Delport', 'Mohammad Ashraful', 'Mushfiqur Rahim', 'Sikandar Raza', 'Mosaddek Hossain', 'Nayeem Hasan', 'Robbie Frylinck', 'Sunzamul Islam', 'Abu Jayed', 'Khaled Ahmed']",Chittagong Vikings,Wickets,3.0,Robbie Frylinck,Alex Wharf,Sharfuddoula,Masudur Rahman,Mahfuzur Rahman,Raqibul Hasan
6,207,2019-01-05T00:00:00.000Z,Dhaka,"Shere Bangla National Stadium, Mirpur",daynight,2nd Match,Dhaka Dynamites,Rajshahi Kings,Rajshahi Kings,Bowl,189.0,5.0,20.0,106.0,10.0,18.2,Shakib Al Hasan,Mehidy Hasan Miraz,"['Hazratullah Zazai', 'Sunil Narine', 'Kieron Pollard', 'Shakib Al Hasan', 'Andre Russell', 'Nurul Hasan', 'Shuvagata Hom', 'Rony Talukdar', 'Rubel Hossain', 'Mizanur Rahman', 'Mohor Sheikh']","['Mohammad Hafeez', 'Mominul Haque', 'Soumya Sarkar', 'Laurie Evans', 'Zakir Hasan', 'Christiaan Jonker', 'Mehidy Hasan Miraz', 'Alauddin Babu', 'Qais Ahmad', 'Arafat Sunny', 'Mustafizur Rahman']",Dhaka Dynamites,Runs,83.0,Hazratullah Zazai,Masudur Rahman,Ranmore Martinesz,Sharfuddoula,Mahfuzur Rahman,Raqibul Hasan
6,208,2019-01-06T00:00:00.000Z,Dhaka,"Shere Bangla National Stadium, Mirpur",day,3rd Match,Sylhet Sixers,Comilla Victorians,Comilla Victorians,Bowl,127.0,8.0,20.0,130.0,6.0,19.5,David Warner,Steven Smith,"['Litton Das', 'David Warner', 'Towhid Hridoy', 'Afif Hossain', 'Sabbir Rahman', 'Nicholas Pooran', 'Alok Kapali', 'Taskin Ahmed', 'Sandeep Lamichhane', 'Al-Amin Hossain', 'Mohammad Irfan']","['Tamim Iqbal', 'Evin Lewis', 'Imrul Kayes', 'Steven Smith', 'Shoaib Malik', 'Anamul Haque', 'Shahid Afridi', 'Mohammad Saifuddin', 'Abu Hider', 'Mahedi Hasan', 'Mohammad Shahid']",Comilla Victorians,Wickets,4.0,Shahid Afridi,Masudur Rahman,Ranmore Martinesz,Sharfuddoula,Mahfuzur Rahman,Raqibul Hasan
6,209,2019-01-06T00:00:00.000Z,Dhaka,"Shere Bangla National Stadium, Mirpur",daynight,4th Match,Rangpur Riders,Khulna Titans,Khulna Titans,Bowl,169.0,3.0,20.0,161.0,5.0,20.0,Mashrafe Mortaza,Mahmudullah,"['Rilee Rossouw', 'Mehedi Maruf', 'Alex Hales', 'Mohammad Mithun', 'Ravi Bopara', 'Nazmul Islam', 'Shafiul Islam', 'Farhad Reza', 'Sohag Gazi', 'Mashrafe Mortaza', 'Benny Howell']","['Paul Stirling', 'Zunaed Siddique', 'Najmul Hossain Shanto', 'Mahmudullah', 'Ariful Haque', 'Carlos Brathwaite', 'Jahurul Islam', 'Shoriful Islam', 'Ali Khan', 'Zahir Khan', 'Taijul Islam']",Rangpur Riders,Runs,8.0,Rilee Rossouw,Alex Wharf,Sharfuddoula,Masudur Rahman,Mahfuzur Rahman,Raqibul Hasan
6,210,2019-01-08T00:00:00.000Z,Dhaka,"Shere Bangla National Stadium, Mirpur",day,5th Match,Dhaka Dynamites,Khulna Titans,Khulna Titans,Bowl,192.0,6.0,20.0,87.0,9.0,13.0,Shakib Al Hasan,Mahmudullah,"['Hazratullah Zazai', 'Sunil Narine', 'Rony Talukdar', 'Shakib Al Hasan', 'Kieron Pollard', 'Andre Russell', 'Shuvagata Hom', 'Nurul Hasan', 'Rubel Hossain', 'Mizanur Rahman', 'Mohor Sheikh']","['Paul Stirling', 'Zunaed Siddique', 'Jahurul Islam', 'Mahmudullah', 'Najmul Hossain Shanto', 'Ariful Haque', 'David Wiese', 'Taijul Islam', 'Shoriful Islam', 'Zahir Khan', 'Ali Khan']",Dhaka Dynamites,Runs,105.0,Hazratullah Zazai,Alex Wharf,Nadir Shah,Gazi Sohel,Morshed Ali Khan,Neeyamur Rashid
6,211,2019-01-08T00:00:00.000Z,Dhaka,"Shere Bangla National Stadium, Mirpur",daynight,6th Match,Comilla Victorians,Rangpur Riders,Rangpur Riders,Bowl,63.0,10.0,16.2,67.0,1.0,12.0,Steven Smith,Mashrafe Mortaza,"['Tamim Iqbal', 'Evin Lewis', 'Imrul Kayes', 'Steven Smith', 'Shoaib Malik', 'Anamul Haque', 'Shahid Afridi', 'Mohammad Saifuddin', 'Mahedi Hasan', 'Abu Hider', 'Mohammad Shahid']","['Chris Gayle', 'Mehedi Maruf', 'Rilee Rossouw', 'Mohammad Mithun', 'Ravi Bopara', 'Benny Howell', 'Farhad Reza', 'Mashrafe Mortaza', 'Sohag Gazi', 'Nazmul Islam', 'Shafiul Islam']",Rangpur Riders,Wickets,9.0,Mashrafe Mortaza,Mahfuzur Rahman,Ranmore Martinesz,Gazi Sohel,Morshed Ali Khan,Neeyamur Rashid
6,212,2019-01-09T00:00:00.000Z,Dhaka,"Shere Bangla National Stadium, Mirpur",day,7th Match,Sylhet Sixers,Chittagong Vikings,Sylhet Sixers,Bat,168.0,5.0,20.0,163.0,7.0,20.0,David Warner,Mushfiqur Rahim,"['Litton Das', 'David Warner', 'Nasir Hossain', 'Sabbir Rahman', 'Afif Hossain', 'Nicholas Pooran', 'Alok Kapali', 'Taskin Ahmed', 'Sandeep Lamichhane', 'Al-Amin Hossain', 'Mohammad Irfan']","['Mohammad Shahzad', 'Cameron Delport', 'Mohammad Ashraful', 'Mushfiqur Rahim', 'Sikandar Raza', 'Mosaddek Hossain', 'Robbie Frylinck', 'Nayeem Hasan', 'Sunzamul Islam', 'Abu Jayed', 'Khaled Ahmed']",Sylhet Sixers,Runs,5.0,Nicholas Pooran,Mahfuzur Rahman,Ranmore Martinesz,Gazi Sohel,Morshed Ali Khan,Neeyamur Rashid
6,213,2019-01-09T00:00:00.000Z,Dhaka,"Shere Bangla National Stadium, Mirpur",daynight,8th Match,Khulna Titans,Rajshahi Kings,Khulna Titans,Bat,117.0,9.0,20.0,118.0,3.0,18.5,Mahmudullah,Mehidy Hasan Miraz,"['Paul Stirling', 'Zunaed Siddique', 'Jahurul Islam', 'Mahmudullah', 'Dawid Malan', 'Ariful Haque', 'David Wiese', 'Taijul Islam', 'Shoriful Islam', 'Subashis Roy', 'Zahir Khan']","['Mohammad Hafeez', 'Mominul Haque', 'Mehidy Hasan Miraz', 'Soumya Sarkar', 'Laurie Evans', 'Isuru Udana', 'Zakir Hasan', 'Fazle Mahmud', 'Qais Ahmad', 'Arafat Sunny', 'Mustafizur Rahman']",Rajshahi Kings,Wickets,7.0,Isuru Udana,Alex Wharf,Nadir Shah,Gazi Sohel,Morshed Ali Khan,Neeyamur Rashid
6,214,2019-01-11T00:00:00.000Z,Dhaka,"Shere Bangla National Stadium, Mirpur",day,9th Match,Dhaka Dynamites,Rangpur Riders,Rangpur Riders,Bowl,183.0,9.0,20.0,181.0,9.0,20.0,Shakib Al Hasan,Mashrafe Mortaza,"['Hazratullah Zazai', 'Sunil Narine', 'Rony Talukdar', 'Shakib Al Hasan', 'Mizanur Rahman', 'Kieron Pollard', 'Andre Russell', 'Shuvagata Hom', 'Nurul Hasan', 'Rubel Hossain', 'Al Islam']","['Chris Gayle', 'Mehedi Maruf', 'Rilee Rossouw', 'Mohammad Mithun', 'Ravi Bopara', 'Benny Howell', 'Mashrafe Mortaza', 'Farhad Reza', 'Sohag Gazi', 'Shafiul Islam', 'Nazmul Islam']",Dhaka Dynamites,Runs,2.0,Al Islam,Masudur Rahman,Ranmore Martinesz,Alex Wharf,Moniruzzaman,Debabrata Paul
6,215,2019-01-11T00:00:00.000Z,Dhaka,"Shere Bangla National Stadium, Mirpur",night,10th Match,Rajshahi Kings,Comilla Victorians,Comilla Victorians,Bowl,124.0,10.0,18.5,130.0,5.0,18.4,Mehidy Hasan Miraz,Imrul Kayes,"['Mominul Haque', 'Mehidy Hasan Miraz', 'Soumya Sarkar', 'Mohammad Hafeez', 'Zakir Hasan', 'Laurie Evans', 'Fazle Mahmud', 'Qais Ahmad', 'Isuru Udana', 'Arafat Sunny', 'Mustafizur Rahman']","['Anamul Haque', 'Evin Lewis', 'Tamim Iqbal', 'Imrul Kayes', 'Shoaib Malik', 'Shahid Afridi', 'Liam Dawson', 'Mohammad Saifuddin', 'Mahedi Hasan', 'Abu Hider', 'Mohammad Shahid']",Comilla Victorians,Wickets,5.0,Shahid Afridi,Alex Wharf,Morshed Ali Khan,Masudur Rahman,Moniruzzaman,Debabrata Paul
6,216,2019-01-12T00:00:00.000Z,Dhaka,"Shere Bangla National Stadium, Mirpur",day,11th Match,Khulna Titans,Chittagong Vikings,Chittagong Vikings,Bowl,151.0,6.0,20.0,151.0,8.0,20.0,Mahmudullah,Mushfiqur Rahim,"['Paul Stirling', 'Zunaed Siddique', 'Dawid Malan', 'Mahmudullah', 'Carlos Brathwaite', 'Najmul Hossain Shanto', 'Ariful Haque', 'Mahidul Islam Ankon', 'Taijul Islam', 'Shoriful Islam', 'Junaid Khan']","['Mohammad Shahzad', 'Cameron Delport', 'Yasir Ali', 'Mushfiqur Rahim', 'Sikandar Raza', 'Mosaddek Hossain', 'Robbie Frylinck', 'Nayeem Hasan', 'Sunzamul Islam', 'Khaled Ahmed', 'Abu Jayed']",,Match tied (Chattogram won the one-over eliminator),,Robbie Frylinck,Morshed Ali Khan,Ranmore Martinesz,Alex Wharf,Moniruzzaman,Debabrata Paul
6,217,2019-01-12T00:00:00.000Z,Dhaka,"Shere Bangla National Stadium, Mirpur",night,12th Match,Dhaka Dynamites,Sylhet Sixers,Dhaka Dynamites,Bat,173.0,7.0,20.0,141.0,9.0,20.0,Shakib Al Hasan,David Warner,"['Hazratullah Zazai', 'Sunil Narine', 'Rony Talukdar', 'Shakib Al Hasan', 'Kieron Pollard', 'Andre Russell', 'Nurul Hasan', 'Shuvagata Hom', 'Mohammad Naim', 'Rubel Hossain', 'Al Islam']","['David Warner', 'Litton Das', 'Afif Hossain', 'Nasir Hossain', 'Sabbir Rahman', 'Nicholas Pooran', 'Alok Kapali', 'Sohail Tanvir', 'Taskin Ahmed', 'Sandeep Lamichhane', 'Al-Amin Hossain']",Dhaka Dynamites,Runs,32.0,Rony Talukdar,Alex Wharf,Mahfuzur Rahman,Ranmore Martinesz,Moniruzzaman,Debabrata Paul
6,218,2019-01-13T00:00:00.000Z,Dhaka,"Shere Bangla National Stadium, Mirpur",day,13th Match,Rajshahi Kings,Rangpur Riders,Rangpur Riders,Bowl,135.0,8.0,20.0,130.0,6.0,20.0,Mehidy Hasan Miraz,Mashrafe Mortaza,"['Mominul Haque', 'Mehidy Hasan Miraz', 'Soumya Sarkar', 'Mohammad Hafeez', 'Zakir Hasan', 'Laurie Evans', 'Ryan ten Doeschate', 'Isuru Udana', 'Arafat Sunny', 'Kamrul Islam', 'Mustafizur Rahman']","['Chris Gayle', 'Mashrafe Mortaza', 'Mohammad Mithun', 'Rilee Rossouw', 'Ravi Bopara', 'Benny Howell', 'Nahidul Islam', 'Farhad Reza', 'Sohag Gazi', 'Shafiul Islam', 'Nazmul Islam']",Rajshahi Kings,Runs,5.0,Zakir Hasan,Ranmore Martinesz,Sharfuddoula,Alex Wharf,Tanvir Ahmed,Debabrata Paul
6,219,2019-01-13T00:00:00.000Z,Dhaka,"Shere Bangla National Stadium, Mirpur",night,14th Match,Comilla Victorians,Chittagong Vikings,Chittagong Vikings,Bowl,184.0,5.0,20.0,186.0,6.0,19.4,Imrul Kayes,Mushfiqur Rahim,"['Tamim Iqbal', 'Evin Lewis', 'Anamul Haque', 'Imrul Kayes', 'Liam Dawson', 'Shahid Afridi', 'Mohammad Saifuddin', 'Thisara Perera', 'Abu Hider', 'Ziaur Rahman', 'Mahedi Hasan']","['Mohammad Shahzad', 'Cameron Delport', 'Yasir Ali', 'Mushfiqur Rahim', 'Najibullah Zadran', 'Mosaddek Hossain', 'Robbie Frylinck', 'Nayeem Hasan', 'Khaled Ahmed', 'Sunzamul Islam', 'Abu Jayed']",Chittagong Vikings,Wickets,4.0,Mushfiqur Rahim,Alex Wharf,Nadir Shah,Sharfuddoula,Tanvir Ahmed,Debabrata Paul
6,220,2019-01-15T00:00:00.000Z,Sylhet,Sylhet International Cricket Stadium,day,15th Match,Khulna Titans,Rajshahi Kings,Khulna Titans,Bat,128.0,9.0,20.0,103.0,10.0,19.5,Mahmudullah,Mehidy Hasan Miraz,"['Jahurul Islam', 'Zunaed Siddique', 'Dawid Malan', 'Mahmudullah', 'Najmul Hossain Shanto', 'Carlos Brathwaite', 'Ariful Haque', 'David Wiese', 'Taijul Islam', 'Shoriful Islam', 'Junaid Khan']","['Mominul Haque', 'Laurie Evans', 'Mehidy Hasan Miraz', 'Soumya Sarkar', 'Ryan ten Doeschate', 'Zakir Hasan', 'Christiaan Jonker', 'Isuru Udana', 'Arafat Sunny', 'Kamrul Islam', 'Mustafizur Rahman']",Khulna Titans,Runs,25.0,Taijul Islam,Alex Wharf,Tanvir Ahmed,Masudur Rahman,Mahfuzur Rahman,Showkatur Rahman
6,221,2019-01-15T00:00:00.000Z,Sylhet,Sylhet International Cricket Stadium,night,16th Match,Sylhet Sixers,Comilla Victorians,Comilla Victorians,Bowl,68.0,10.0,14.5,69.0,2.0,11.1,David Warner,Imrul Kayes,"['David Warner', 'Andre Fletcher', 'Litton Das', 'Afif Hossain', 'Nicholas Pooran', 'Sabbir Rahman', 'Alok Kapali', 'Sohail Tanvir', 'Taskin Ahmed', 'Nabil Samad', 'Al-Amin Hossain']","['Anamul Haque', 'Tamim Iqbal', 'Shamsur Rahman', 'Imrul Kayes', 'Mohammad Saifuddin', 'Ziaur Rahman', 'Mahedi Hasan', 'Liam Dawson', 'Shahid Afridi', 'Thisara Perera', 'Wahab Riaz']",Comilla Victorians,Wickets,8.0,Mahedi Hasan,Masudur Rahman,Ranmore Martinesz,Tanvir Ahmed,Mahfuzur Rahman,Showkatur Rahman
6,222,2019-01-16T00:00:00.000Z,Sylhet,Sylhet International Cricket Stadium,day,17th Match,Rajshahi Kings,Dhaka Dynamites,Rajshahi Kings,Bat,136.0,6.0,20.0,116.0,9.0,20.0,Mehidy Hasan Miraz,Shakib Al Hasan,"['Mehidy Hasan Miraz', 'Shahriar Nafees', 'Marshall Ayub', 'Ryan ten Doeschate', 'Zakir Hasan', 'Christiaan Jonker', 'Seekkuge Prasanna', 'Isuru Udana', 'Kamrul Islam', 'Arafat Sunny', 'Mustafizur Rahman']","['Hazratullah Zazai', 'Sunil Narine', 'Andre Russell', 'Rony Talukdar', 'Shakib Al Hasan', 'Kieron Pollard', 'Mohammad Naim', 'Nurul Hasan', 'Rubel Hossain', 'Asif Hasan', 'Al Islam']",Rajshahi Kings,Runs,20.0,Arafat Sunny,Alex Wharf,Mahfuzur Rahman,Masudur Rahman,Tanvir Ahmed,Showkatur Rahman
6,223,2019-01-16T00:00:00.000Z,Sylhet,Sylhet International Cricket Stadium,night,18th Match,Sylhet Sixers,Rangpur Riders,Rangpur Riders,Bowl,187.0,5.0,20.0,160.0,6.0,20.0,David Warner,Mashrafe Mortaza,"['Litton Das', 'Sabbir Rahman', 'David Warner', 'Nicholas Pooran', 'Afif Hossain', 'Jaker Ali', 'Alok Kapali', 'Taskin Ahmed', 'Sandeep Lamichhane', 'Mehedi Hasan Rana', 'Sohail Tanvir']","['Chris Gayle', 'Mehedi Maruf', 'Alex Hales', 'Rilee Rossouw', 'Mohammad Mithun', 'Mashrafe Mortaza', 'Benny Howell', 'Nahidul Islam', 'Farhad Reza', 'Shafiul Islam', 'Sohag Gazi']",Sylhet Sixers,Runs,27.0,Litton Das,Masudur Rahman,Ranmore Martinesz,Tanvir Ahmed,Mahfuzur Rahman,Showkatur Rahman
6,224,2019-01-18T00:00:00.000Z,Sylhet,Sylhet International Cricket Stadium,day,19th Match,Sylhet Sixers,Dhaka Dynamites,Sylhet Sixers,Bat,158.0,8.0,20.0,163.0,4.0,17.0,David Warner,Shakib Al Hasan,"['Litton Das', 'Sabbir Rahman', 'Afif Hossain', 'David Warner', 'Alok Kapali', 'Nicholas Pooran', 'Jaker Ali', 'Taskin Ahmed', 'Sandeep Lamichhane', 'Al-Amin Hossain', 'Mohammad Irfan']","['Mizanur Rahman', 'Sunil Narine', 'Rony Talukdar', 'Shakib Al Hasan', 'Darwish Rasooli', 'Andre Russell', 'Mohammad Naim', 'Nurul Hasan', 'Al Islam', 'Andrew Birch', 'Rubel Hossain']",Dhaka Dynamites,Wickets,6.0,Shakib Al Hasan,Masudur Rahman,Ranmore Martinesz,Gazi Sohel,Tanvir Ahmed,Salim Shahed
6,225,2019-01-18T00:00:00.000Z,Sylhet,Sylhet International Cricket Stadium,night,20th Match,Khulna Titans,Comilla Victorians,Comilla Victorians,Bowl,181.0,7.0,20.0,186.0,7.0,19.4,Mahmudullah,Imrul Kayes,"['Jahurul Islam', 'Zunaed Siddique', 'Al-Amin', 'Mahmudullah', 'Dawid Malan', 'Carlos Brathwaite', 'Ariful Haque', 'Najmul Hossain Shanto', 'Lasith Malinga', 'Taijul Islam', 'Junaid Khan']","['Tamim Iqbal', 'Anamul Haque', 'Imrul Kayes', 'Shamsur Rahman', 'Liam Dawson', 'Thisara Perera', 'Shahid Afridi', 'Ziaur Rahman', 'Mohammad Saifuddin', 'Mahedi Hasan', 'Wahab Riaz']",Comilla Victorians,Wickets,3.0,Tamim Iqbal,Alex Wharf,Gazi Sohel,Masudur Rahman,Tanvir Ahmed,Salim Shahed
6,226,2019-01-19T00:00:00.000Z,Sylhet,Sylhet International Cricket Stadium,day,21st Match,Sylhet Sixers,Rangpur Riders,Rangpur Riders,Bowl,194.0,4.0,20.0,195.0,6.0,19.3,David Warner,Mashrafe Mortaza,"['Litton Das', 'Sabbir Rahman', 'Afif Hossain', 'David Warner', 'Nicholas Pooran', 'Jaker Ali', 'Mohammad Irfan', 'Mehedi Hasan Rana', 'Taskin Ahmed', 'Alok Kapali', 'Sandeep Lamichhane']","['Chris Gayle', 'Alex Hales', 'Rilee Rossouw', 'AB de Villiers', 'Mohammad Mithun', 'Nahidul Islam', 'Mashrafe Mortaza', 'Farhad Reza', 'Nazmul Islam', 'Shafiul Islam', 'Sohag Gazi']",Rangpur Riders,Wickets,4.0,Rilee Rossouw,Alex Wharf,Gazi Sohel,Masudur Rahman,Tanvir Ahmed,Salim Shahed
6,227,2019-01-19T00:00:00.000Z,Sylhet,Sylhet International Cricket Stadium,night,22nd Match,Chittagong Vikings,Khulna Titans,Khulna Titans,Bowl,214.0,4.0,20.0,188.0,8.0,20.0,Mushfiqur Rahim,Mahmudullah,"['Mohammad Shahzad', 'Cameron Delport', 'Yasir Ali', 'Mushfiqur Rahim', 'Dasun Shanaka', 'Najibullah Zadran', 'Mosaddek Hossain', 'Nayeem Hasan', 'Sunzamul Islam', 'Khaled Ahmed', 'Abu Jayed']","['Paul Stirling', 'Zunaed Siddique', 'Al-Amin', 'Brendan Taylor', 'Mahmudullah', 'Ariful Haque', 'David Wiese', 'Taijul Islam', 'Shoriful Islam', 'Lasith Malinga', 'Subashis Roy']",Chittagong Vikings,Runs,26.0,Mushfiqur Rahim,Ranmore Martinesz,Tanvir Ahmed,Masudur Rahman,Gazi Sohel,Salim Shahed
6,228,2019-01-21T00:00:00.000Z,Dhaka,"Shere Bangla National Stadium, Mirpur",day,23rd Match,Rajshahi Kings,Comilla Victorians,Comilla Victorians,Bowl,176.0,3.0,20.0,138.0,10.0,18.2,Mehidy Hasan Miraz,Imrul Kayes,"['Shahriar Nafees', 'Laurie Evans', 'Mehidy Hasan Miraz', 'Marshall Ayub', 'Ryan ten Doeschate', 'Arafat Sunny', 'Zakir Hasan', 'Qais Ahmad', 'Christiaan Jonker', 'Mustafizur Rahman', 'Kamrul Islam']","['Tamim Iqbal', 'Anamul Haque', 'Shamsur Rahman', 'Ziaur Rahman', 'Imrul Kayes', 'Liam Dawson', 'Thisara Perera', 'Shahid Afridi', 'Mohammad Saifuddin', 'Wahab Riaz', 'Mahedi Hasan']",Rajshahi Kings,Runs,38.0,Laurie Evans,Sharfuddoula,Shozab Raza,Ranmore Martinesz,Akteruzzaman,Samiur Rahman
6,229,2019-01-21T00:00:00.000Z,Dhaka,"Shere Bangla National Stadium, Mirpur",night,24th Match,Dhaka Dynamites,Chittagong Vikings,Dhaka Dynamites,Bat,139.0,9.0,20.0,145.0,7.0,19.5,Shakib Al Hasan,Mushfiqur Rahim,"['Rony Talukdar', 'Sunil Narine', 'Heino Kuhn', 'Shakib Al Hasan', 'Darwish Rasooli', 'Nurul Hasan', 'Andre Russell', 'Shuvagata Hom', 'Mohammad Naim', 'Mohor Sheikh', 'Rubel Hossain']","['Mohammad Shahzad', 'Cameron Delport', 'Yasir Ali', 'Mushfiqur Rahim', 'Dasun Shanaka', 'Mosaddek Hossain', 'Nayeem Hasan', 'Robbie Frylinck', 'Sunzamul Islam', 'Khaled Ahmed', 'Abu Jayed']",Chittagong Vikings,Wickets,3.0,Robbie Frylinck,Nadir Shah,Ranmore Martinesz,Sharfuddoula,Akteruzzaman,Samiur Rahman
6,230,2019-01-22T00:00:00.000Z,Dhaka,"Shere Bangla National Stadium, Mirpur",day,25th Match,Khulna Titans,Rangpur Riders,Rangpur Riders,Bowl,181.0,6.0,20.0,183.0,4.0,19.3,Mahmudullah,Mashrafe Mortaza,"['Al-Amin', 'Zunaed Siddique', 'Brendan Taylor', 'Najmul Hossain Shanto', 'Mahmudullah', 'David Wiese', 'Ariful Haque', 'Yasir Shah', 'Taijul Islam', 'Subashis Roy', 'Junaid Khan']","['Chris Gayle', 'Alex Hales', 'AB de Villiers', 'Mohammad Mithun', 'Rilee Rossouw', 'Nahidul Islam', 'Mashrafe Mortaza', 'Farhad Reza', 'Nazmul Islam', 'Shafiul Islam', 'Sohag Gazi']",Rangpur Riders,Wickets,6.0,Farhad Reza,Sharfuddoula,Shozab Raza,Gazi Sohel,Mahfuzur Rahman,Samiur Rahman
6,231,2019-01-22T00:00:00.000Z,Dhaka,"Shere Bangla National Stadium, Mirpur",night,26th Match,Comilla Victorians,Dhaka Dynamites,Dhaka Dynamites,Bowl,153.0,8.0,20.0,146.0,9.0,20.0,Imrul Kayes,Shakib Al Hasan,"['Tamim Iqbal', 'Anamul Haque', 'Imrul Kayes', 'Shamsur Rahman', 'Shahid Afridi', 'Thisara Perera', 'Liam Dawson', 'Ziaur Rahman', 'Mohammad Saifuddin', 'Mahedi Hasan', 'Wahab Riaz']","['Hazratullah Zazai', 'Sunil Narine', 'Rony Talukdar', 'Darwish Rasooli', 'Shakib Al Hasan', 'Andre Russell', 'Shuvagata Hom', 'Nurul Hasan', 'Mohammad Naim', 'Rubel Hossain', 'Mohor Sheikh']",Comilla Victorians,Runs,7.0,Thisara Perera,Mahfuzur Rahman,Ranmore Martinesz,Sharfuddoula,Gazi Sohel,Samiur Rahman
6,232,2019-01-23T00:00:00.000Z,Dhaka,"Shere Bangla National Stadium, Mirpur",day,27th Match,Rajshahi Kings,Chittagong Vikings,Chittagong Vikings,Bowl,157.0,5.0,20.0,159.0,4.0,19.4,Mehidy Hasan Miraz,Mushfiqur Rahim,"['Laurie Evans', 'Soumya Sarkar', 'Marshall Ayub', 'Ryan ten Doeschate', 'Zakir Hasan', 'Christiaan Jonker', 'Mehidy Hasan Miraz', 'Qais Ahmad', 'Arafat Sunny', 'Mustafizur Rahman', 'Kamrul Islam']","['Mohammad Shahzad', 'Cameron Delport', 'Yasir Ali', 'Mushfiqur Rahim', 'Najibullah Zadran', 'Mosaddek Hossain', 'Nayeem Hasan', 'Robbie Frylinck', 'Sunzamul Islam', 'Khaled Ahmed', 'Abu Jayed']",Chittagong Vikings,Wickets,6.0,Mushfiqur Rahim,Nadir Shah,Ranmore Martinesz,Gazi Sohel,Mahfuzur Rahman,Neeyamur Rashid
6,233,2019-01-23T00:00:00.000Z,Dhaka,"Shere Bangla National Stadium, Mirpur",night,28th Match,Khulna Titans,Sylhet Sixers,Sylhet Sixers,Bowl,170.0,9.0,20.0,149.0,7.0,20.0,Mahmudullah,Sohail Tanvir,"['Brendan Taylor', 'Zunaed Siddique', 'Al-Amin', 'Najmul Hossain Shanto', 'Mahmudullah', 'Ariful Haque', 'David Wiese', 'Yasir Shah', 'Taijul Islam', 'Junaid Khan', 'Subashis Roy']","['Litton Das', 'Sabbir Rahman', 'Afif Hossain', 'Alok Kapali', 'Mohammad Nawaz', 'Nicholas Pooran', 'Sohail Tanvir', 'Jaker Ali', 'Nasir Hossain', 'Mohammad Irfan', 'Taskin Ahmed']",Khulna Titans,Runs,21.0,David Wiese,Alex Wharf,Morshed Ali Khan,Gazi Sohel,Mahfuzur Rahman,Neeyamur Rashid
6,234,2019-01-25T00:00:00.000Z,Chattogram,"Zahur Ahmed Chowdhury Stadium, Chattogram",day,29th Match,Sylhet Sixers,Rajshahi Kings,Rajshahi Kings,Bowl,180.0,6.0,20.0,104.0,10.0,18.2,Alok Kapali,Mehidy Hasan Miraz,"['Litton Das', 'Sabbir Rahman', 'Jason Roy', 'Afif Hossain', 'Nicholas Pooran', 'Alok Kapali', 'Mohammad Nawaz', 'Sohail Tanvir', 'Taskin Ahmed', 'Ebadot Hossain', 'Nabil Samad']","['Laurie Evans', 'Mominul Haque', 'Fazle Mahmud', 'Ryan ten Doeschate', 'Zakir Hasan', 'Christiaan Jonker', 'Seekkuge Prasanna', 'Mehidy Hasan Miraz', 'Arafat Sunny', 'Kamrul Islam', 'Mustafizur Rahman']",Sylhet Sixers,Runs,76.0,Sohail Tanvir,Morshed Ali Khan,Shozab Raza,Sharfuddoula,Gazi Sohel,Raqibul Hasan
6,235,2019-01-25T00:00:00.000Z,Chattogram,"Zahur Ahmed Chowdhury Stadium, Chattogram",night,30th Match,Rangpur Riders,Chittagong Vikings,Chittagong Vikings,Bowl,239.0,4.0,20.0,167.0,8.0,20.0,Mashrafe Mortaza,Mushfiqur Rahim,"['Chris Gayle', 'Alex Hales', 'Rilee Rossouw', 'AB de Villiers', 'Mohammad Mithun', 'Nahidul Islam', 'Mashrafe Mortaza', 'Nazmul Islam', 'Farhad Reza', 'Shafiul Islam', 'Shohidul Islam']","['Mohammad Shahzad', 'Yasir Ali', 'Sikandar Raza', 'Mushfiqur Rahim', 'Najibullah Zadran', 'Mosaddek Hossain', 'Sunzamul Islam', 'Robiul Haque', 'Abu Jayed', 'Khaled Ahmed', 'Robbie Frylinck']",Rangpur Riders,Runs,72.0,Alex Hales,Alex Wharf,Sharfuddoula,Gazi Sohel,Morshed Ali Khan,Raqibul Hasan
6,236,2019-01-26T00:00:00.000Z,Chattogram,"Zahur Ahmed Chowdhury Stadium, Chattogram",day,31st Match,Sylhet Sixers,Khulna Titans,Sylhet Sixers,Bat,195.0,4.0,20.0,137.0,10.0,18.1,Alok Kapali,Mahmudullah,"['Litton Das', 'Afif Hossain', 'Jason Roy', 'Sabbir Rahman', 'Nicholas Pooran', 'Mohammad Nawaz', 'Sohail Tanvir', 'Nabil Samad', 'Taskin Ahmed', 'Alok Kapali', 'Ebadot Hossain']","['Brendan Taylor', 'Zunaed Siddique', 'Al-Amin', 'Najmul Hossain Shanto', 'Mahmudullah', 'Ariful Haque', 'David Wiese', 'Yasir Shah', 'Taijul Islam', 'Junaid Khan', 'Subashis Roy']",Sylhet Sixers,Runs,58.0,Mohammad Nawaz,Alex Wharf,Gazi Sohel,Sharfuddoula,Morshed Ali Khan,Raqibul Hasan
6,237,2019-01-26T00:00:00.000Z,Chattogram,"Zahur Ahmed Chowdhury Stadium, Chattogram",night,32nd Match,Rajshahi Kings,Chittagong Vikings,Chittagong Vikings,Bowl,198.0,5.0,20.0,191.0,8.0,20.0,Mehidy Hasan Miraz,Mushfiqur Rahim,"['Johnson Charles', 'Soumya Sarkar', 'Laurie Evans', 'Ryan ten Doeschate', 'Christiaan Jonker', 'Fazle Mahmud', 'Kamrul Islam', 'Arafat Sunny', 'Mominul Haque', 'Mehidy Hasan Miraz', 'Mustafizur Rahman']","['Mohammad Shahzad', 'Cameron Delport', 'Yasir Ali', 'Mushfiqur Rahim', 'Mosaddek Hossain', 'Sikandar Raza', 'Najibullah Zadran', 'Nayeem Hasan', 'Robiul Haque', 'Abu Jayed', 'Khaled Ahmed']",Rajshahi Kings,Runs,7.0,Mustafizur Rahman,Sharfuddoula,Shozab Raza,Gazi Sohel,Morshed Ali Khan,Raqibul Hasan
6,238,2019-01-28T00:00:00.000Z,Chattogram,"Zahur Ahmed Chowdhury Stadium, Chattogram",day,33rd Match,Comilla Victorians,Khulna Titans,Khulna Titans,Bowl,237.0,5.0,20.0,157.0,10.0,18.5,Imrul Kayes,Mahmudullah,"['Tamim Iqbal', 'Evin Lewis', 'Anamul Haque', 'Imrul Kayes', 'Thisara Perera', 'Shahid Afridi', 'Shamsur Rahman', 'Wahab Riaz', 'Mohammad Saifuddin', 'Mahedi Hasan', 'Mohammad Shahid']","['Brendan Taylor', 'Zunaed Siddique', 'Dawid Malan', 'Mahmudullah', 'Carlos Brathwaite', 'Najmul Hossain Shanto', 'David Wiese', 'Ariful Haque', 'Taijul Islam', 'Shoriful Islam', 'Saddam Hossain']",Comilla Victorians,Runs,80.0,Evin Lewis,Shozab Raza,Tanvir Ahmed,Masudur Rahman,Mahfuzur Rahman,Akhtar Ahmad
6,239,2019-01-28T00:00:00.000Z,Chattogram,"Zahur Ahmed Chowdhury Stadium, Chattogram",night,34th Match,Dhaka Dynamites,Rangpur Riders,Dhaka Dynamites,Bat,186.0,6.0,20.0,189.0,2.0,18.2,Shakib Al Hasan,Mashrafe Mortaza,"['Hazratullah Zazai', 'Sunil Narine', 'Rony Talukdar', 'Shakib Al Hasan', 'Andre Russell', 'Kieron Pollard', 'Shuvagata Hom', 'Nurul Hasan', 'Rubel Hossain', 'Shahadat Hossain', 'Qazi Onik']","['Chris Gayle', 'Alex Hales', 'Rilee Rossouw', 'AB de Villiers', 'Mohammad Mithun', 'Nahidul Islam', 'Mashrafe Mortaza', 'Nazmul Islam', 'Farhad Reza', 'Shafiul Islam', 'Shohidul Islam']",Rangpur Riders,Wickets,8.0,AB de Villiers,Masudur Rahman,Ranmore Martinesz,Tanvir Ahmed,Mahfuzur Rahman,Akhtar Ahmad
6,240,2019-01-29T00:00:00.000Z,Chattogram,"Zahur Ahmed Chowdhury Stadium, Chattogram",day,35th Match,Chittagong Vikings,Comilla Victorians,Chittagong Vikings,Bat,116.0,8.0,19.0,117.0,3.0,16.4,Mushfiqur Rahim,Imrul Kayes,"['Mohammad Shahzad', 'Shadman Islam', 'Yasir Ali', 'Mushfiqur Rahim', 'Najibullah Zadran', 'Cameron Delport', 'Sikandar Raza', 'Mosaddek Hossain', 'Nayeem Hasan', 'Abu Jayed', 'Khaled Ahmed']","['Tamim Iqbal', 'Anamul Haque', 'Shamsur Rahman', 'Imrul Kayes', 'Thisara Perera', 'Shahid Afridi', 'Evin Lewis', 'Wahab Riaz', 'Mohammad Saifuddin', 'Abu Hider', 'Mahedi Hasan']",Comilla Victorians,Wickets,7.0,Shahid Afridi,Mahfuzur Rahman,Ranmore Martinesz,Masudur Rahman,Tanvir Ahmed,Akhtar Ahmad
6,241,2019-01-29T00:00:00.000Z,Chattogram,"Zahur Ahmed Chowdhury Stadium, Chattogram",night,36th Match,Rajshahi Kings,Rangpur Riders,Rajshahi Kings,Bat,141.0,8.0,20.0,145.0,4.0,18.4,Mehidy Hasan Miraz,Mashrafe Mortaza,"['Johnson Charles', 'Soumya Sarkar', 'Mominul Haque', 'Laurie Evans', 'Mehidy Hasan Miraz', 'Christiaan Jonker', 'Fazle Mahmud', 'Qais Ahmad', 'Arafat Sunny', 'Mustafizur Rahman', 'Kamrul Islam']","['Chris Gayle', 'Alex Hales', 'Rilee Rossouw', 'AB de Villiers', 'Mohammad Mithun', 'Nahidul Islam', 'Shafiul Islam', 'Mashrafe Mortaza', 'Farhad Reza', 'Shohidul Islam', 'Nazmul Islam']",Rangpur Riders,Wickets,6.0,Farhad Reza,Alex Wharf,Masudur Rahman,Tanvir Ahmed,Mahfuzur Rahman,Akhtar Ahmad
6,242,2019-01-30T00:00:00.000Z,Chattogram,"Zahur Ahmed Chowdhury Stadium, Chattogram",day,37th Match,Chittagong Vikings,Dhaka Dynamites,Chittagong Vikings,Bat,174.0,5.0,20.0,163.0,9.0,20.0,Mushfiqur Rahim,Shakib Al Hasan,"['Mohammad Shahzad', 'Cameron Delport', 'Yasir Ali', 'Mushfiqur Rahim', 'Dasun Shanaka', 'Sikandar Raza', 'Mosaddek Hossain', 'Nayeem Hasan', 'Nazmul Hossain Milon', 'Abu Jayed', 'Khaled Ahmed']","['Mizanur Rahman', 'Sunil Narine', 'Rony Talukdar', 'Shakib Al Hasan', 'Nurul Hasan', 'Kieron Pollard', 'Andre Russell', 'Shuvagata Hom', 'Andrew Birch', 'Mahmudul Hasan', 'Rubel Hossain']",Chittagong Vikings,Runs,11.0,Cameron Delport,Mahfuzur Rahman,Shozab Raza,Masudur Rahman,Tanvir Ahmed,Akhtar Ahmad
6,243,2019-01-30T00:00:00.000Z,Chattogram,"Zahur Ahmed Chowdhury Stadium, Chattogram",night,38th Match,Sylhet Sixers,Rajshahi Kings,Sylhet Sixers,Bat,189.0,5.0,20.0,190.0,5.0,18.0,Alok Kapali,Mehidy Hasan Miraz,"['Litton Das', 'Afif Hossain', 'Jason Roy', 'Sabbir Rahman', 'Nicholas Pooran', 'Mohammad Nawaz', 'Alok Kapali', 'Taskin Ahmed', 'Sohail Tanvir', 'Ebadot Hossain', 'Nabil Samad']","['Johnson Charles', 'Zakir Hasan', 'Shahriar Nafees', 'Laurie Evans', 'Ryan ten Doeschate', 'Christiaan Jonker', 'Soumya Sarkar', 'Kamrul Islam', 'Mustafizur Rahman', 'Arafat Sunny', 'Mehidy Hasan Miraz']",Rajshahi Kings,Wickets,5.0,Laurie Evans,Ranmore Martinesz,Tanvir Ahmed,Masudur Rahman,Mahfuzur Rahman,Akhtar Ahmad
6,244,2019-02-01T00:00:00.000Z,Dhaka,"Shere Bangla National Stadium, Mirpur",day,39th Match,Comilla Victorians,Dhaka Dynamites,Dhaka Dynamites,Bowl,127.0,10.0,20.0,126.0,9.0,20.0,Imrul Kayes,Shakib Al Hasan,"['Tamim Iqbal', 'Evin Lewis', 'Anamul Haque', 'Imrul Kayes', 'Shamsur Rahman', 'Shahid Afridi', 'Thisara Perera', 'Mohammad Saifuddin', 'Mahedi Hasan', 'Wahab Riaz', 'Mosharraf Hossain']","['Mizanur Rahman', 'Upul Tharanga', 'Rony Talukdar', 'Shakib Al Hasan', 'Sunil Narine', 'Kieron Pollard', 'Andre Russell', 'Nurul Hasan', 'Shuvagata Hom', 'Rubel Hossain', 'Shahadat Hossain']",Comilla Victorians,Runs,1.0,Mohammad Saifuddin,Alex Wharf,Masudur Rahman,Ranmore Martinesz,Moniruzzaman,Neeyamur Rashid
6,245,2019-02-01T00:00:00.000Z,Dhaka,"Shere Bangla National Stadium, Mirpur",night,40th Match,Sylhet Sixers,Chittagong Vikings,Chittagong Vikings,Bowl,165.0,5.0,20.0,136.0,10.0,18.3,Alok Kapali,,"['Andre Fletcher', 'Afif Hossain', 'Jason Roy', 'Sabbir Rahman', 'Mohammad Nawaz', 'Jaker Ali', 'Wayne Parnell', 'Taskin Ahmed', 'Ebadot Hossain', 'Nabil Samad', 'Alok Kapali']","['Cameron Delport', 'Mohammad Ashraful', 'Yasir Ali', 'Mushfiqur Rahim', 'Mosaddek Hossain', 'Sikandar Raza', 'Dasun Shanaka', 'Hardus Viljoen', 'Nayeem Hasan', 'Abu Jayed', 'Khaled Ahmed']",Sylhet Sixers,Runs,29.0,Ebadot Hossain,Nadir Shah,Shozab Raza,Masudur Rahman,Moniruzzaman,Neeyamur Rashid
6,246,2019-02-02T00:00:00.000Z,Dhaka,"Shere Bangla National Stadium, Mirpur",day,41st Match,Comilla Victorians,Rangpur Riders,Comilla Victorians,Bat,72.0,10.0,16.3,76.0,1.0,9.3,Imrul Kayes,Mashrafe Mortaza,"['Tamim Iqbal', 'Anamul Haque', 'Shamsur Rahman', 'Imrul Kayes', 'Liam Dawson', 'Thisara Perera', 'Ziaur Rahman', 'Abu Hider', 'Wahab Riaz', 'Sanjit Saha', 'Waqar Salamkheil']","['Chris Gayle', 'Mehedi Maruf', 'AB de Villiers', 'Shohidul Islam', 'Farhad Reza', 'Mohammad Mithun', 'Mashrafe Mortaza', 'Nahidul Islam', 'Rilee Rossouw', 'Ravi Bopara', 'Minhajul Abedin Afridi']",Rangpur Riders,Wickets,9.0,Ravi Bopara,Alex Wharf,Mahfuzur Rahman,Morshed Ali Khan,Moniruzzaman,Akhtar Ahmad
6,247,2019-02-02T00:00:00.000Z,Dhaka,"Shere Bangla National Stadium, Mirpur",night,42nd Match,Khulna Titans,Dhaka Dynamites,Khulna Titans,Bat,123.0,9.0,20.0,124.0,4.0,14.5,Mahmudullah,Shakib Al Hasan,"['Brendan Taylor', 'Zunaed Siddique', 'Dawid Malan', 'Mahmudullah', 'Najmul Hossain Shanto', 'Al-Amin', 'David Wiese', 'Taijul Islam', 'Saddam Hossain', 'Junaid Khan', 'Subashis Roy']","['Upul Tharanga', 'Sunil Narine', 'Shakib Al Hasan', 'Mizanur Rahman', 'Nurul Hasan', 'Kieron Pollard', 'Mahmudul Hasan', 'Andre Russell', 'Qazi Onik', 'Rony Talukdar', 'Rubel Hossain']",Dhaka Dynamites,Wickets,6.0,Upul Tharanga,Nadir Shah,Ranmore Martinesz,Morshed Ali Khan,Moniruzzaman,Akhtar Ahmad
6,248,2019-02-04T00:00:00.000Z,Dhaka,"Shere Bangla National Stadium, Mirpur",day,Eliminator,Chittagong Vikings,Dhaka Dynamites,Chittagong Vikings,Bat,135.0,8.0,20.0,136.0,4.0,16.4,,Shakib Al Hasan,"['Yasir Ali', 'Cameron Delport', 'Shadman Islam', 'Mushfiqur Rahim', 'Mosaddek Hossain', 'Dasun Shanaka', 'Robbie Frylinck', 'Hardus Viljoen', 'Nayeem Hasan', 'Abu Jayed', 'Khaled Ahmed']","['Upul Tharanga', 'Sunil Narine', 'Rony Talukdar', 'Shakib Al Hasan', 'Nurul Hasan', 'Kieron Pollard', 'Andre Russell', 'Mahmudul Hasan', 'Qazi Onik', 'Shuvagata Hom', 'Rubel Hossain']",Dhaka Dynamites,Wickets,6.0,Sunil Narine,Mahfuzur Rahman,Ranmore Martinesz,Sharfuddoula,Akteruzzaman,Raqibul Hasan
6,249,2019-02-04T00:00:00.000Z,Dhaka,"Shere Bangla National Stadium, Mirpur",night,1st Qualifier,Rangpur Riders,Comilla Victorians,Rangpur Riders,Bat,165.0,5.0,20.0,166.0,2.0,18.5,Mashrafe Mortaza,Imrul Kayes,"['Chris Gayle', 'Mehedi Maruf', 'Mohammad Mithun', 'Rilee Rossouw', 'Ravi Bopara', 'Benny Howell', 'Nahidul Islam', 'Farhad Reza', 'Mashrafe Mortaza', 'Shafiul Islam', 'Sohag Gazi']","['Tamim Iqbal', 'Evin Lewis', 'Anamul Haque', 'Shamsur Rahman', 'Imrul Kayes', 'Thisara Perera', 'Shahid Afridi', 'Mohammad Saifuddin', 'Mahedi Hasan', 'Wahab Riaz', 'Sanjit Saha']",Comilla Victorians,Wickets,8.0,Evin Lewis,Alex Wharf,Sharfuddoula,Shozab Raza,Mahfuzur Rahman,Raqibul Hasan
6,250,2019-02-06T00:00:00.000Z,Dhaka,"Shere Bangla National Stadium, Mirpur",night,2nd Qualifier,Rangpur Riders,Dhaka Dynamites,Dhaka Dynamites,Bowl,142.0,10.0,19.4,147.0,5.0,16.4,Mashrafe Mortaza,Shakib Al Hasan,"['Chris Gayle', 'Nadif Chowdhury', 'Mohammad Mithun', 'Rilee Rossouw', 'Ravi Bopara', 'Benny Howell', 'Mashrafe Mortaza', 'Nahidul Islam', 'Farhad Reza', 'Shafiul Islam', 'Nazmul Islam']","['Upul Tharanga', 'Sunil Narine', 'Rony Talukdar', 'Shakib Al Hasan', 'Kieron Pollard', 'Nurul Hasan', 'Andre Russell', 'Mahmudul Hasan', 'Qazi Onik', 'Shuvagata Hom', 'Rubel Hossain']",Dhaka Dynamites,Wickets,5.0,Rubel Hossain,Alex Wharf,Masudur Rahman,Shozab Raza,Mahfuzur Rahman,Samiur Rahman
6,251,2019-02-08T00:00:00.000Z,Dhaka,"Shere Bangla National Stadium, Mirpur",night,Final,Comilla Victorians,Dhaka Dynamites,Dhaka Dynamites,Bowl,199.0,3.0,20.0,182.0,9.0,20.0,Imrul Kayes,Shakib Al Hasan,"['Tamim Iqbal', 'Evin Lewis', 'Anamul Haque', 'Shamsur Rahman', 'Imrul Kayes', 'Mohammad Saifuddin', 'Mahedi Hasan', 'Wahab Riaz', 'Sanjit Saha', 'Shahid Afridi', 'Thisara Perera']","['Upul Tharanga', 'Sunil Narine', 'Rony Talukdar', 'Shakib Al Hasan', 'Kieron Pollard', 'Andre Russell', 'Nurul Hasan', 'Shuvagata Hom', 'Mahmudul Hasan', 'Rubel Hossain', 'Qazi Onik']",Comilla Victorians,Runs,17.0,Tamim Iqbal,Alex Wharf,Ranmore Martinesz,Sharfuddoula,Mahfuzur Rahman,Raqibul Hasan
7,252,2019-12-11T00:00:00.000Z,Dhaka,"Shere Bangla National Stadium, Mirpur",day,1st Match,Sylhet Thunder,Chattogram Challengers,Chattogram Challengers,Bowl,162.0,4.0,20.0,163.0,5.0,19.0,Mosaddek Hossain,Rayad Emrit,"['Rony Talukdar', 'Johnson Charles', 'Mohammad Mithun', 'Jeevan Mendis', 'Mosaddek Hossain', 'Nazmul Hossain Milon', 'Sohag Gazi', 'Nazmul Islam', 'Ebadot Hossain', 'Krishmar Santokie', 'Naveen-ul-Haq']","['Avishka Fernando', 'Zunaed Siddique', 'Nasir Hossain', 'Imrul Kayes', 'Ryan Burl', 'Chadwick Walton', 'Nurul Hasan', 'Rayad Emrit', 'Rubel Hossain', 'Nasum Ahmed', 'Muktar Ali']",Chattogram Challengers,Wickets,5.0,Imrul Kayes,Prageeth Rambukwella,Sharfuddoula,Gazi Sohel,Tanvir Ahmed,Raqibul Hasan
7,253,2019-12-11T00:00:00.000Z,Dhaka,"Shere Bangla National Stadium, Mirpur",night,2nd Match,Cumilla Warriors,Rangpur Rangers,Cumilla Warriors,Bat,173.0,7.0,20.0,68.0,9.0,14.0,Dasun Shanaka,Mohammad Nabi,"['Yasir Ali', 'Bhanuka Rajapaksa', 'Soumya Sarkar', 'Dawid Malan', 'Sabbir Rahman', 'Dasun Shanaka', 'Mahidul Islam Ankon', 'Abu Hider', 'Sunzamul Islam', 'Mujeeb Ur Rahman', 'Al-Amin Hossain']","['Mohammad Shahzad', 'Mohammad Naim', 'Jahurul Islam', 'Fazle Mahmud', 'Lewis Gregory', 'Mohammad Nabi', 'Sanjit Saha', 'Junaid Khan', 'Taskin Ahmed', 'Mustafizur Rahman', 'Zakir Hasan']",Cumilla Warriors,Runs,105.0,Dasun Shanaka,Masudur Rahman,Tanvir Ahmed,Sharfuddoula,Gazi Sohel,Raqibul Hasan
7,254,2019-12-12T00:00:00.000Z,Dhaka,"Shere Bangla National Stadium, Mirpur",day,3rd Match,Dhaka Platoon,Rajshahi Royals,Rajshahi Royals,Bowl,134.0,9.0,20.0,136.0,1.0,18.2,Mashrafe Mortaza,Andre Russell,"['Tamim Iqbal', 'Anamul Haque', 'Laurie Evans', 'Jaker Ali', 'Thisara Perera', 'Ariful Haque', 'Shahid Afridi', 'Mahedi Hasan', 'Wahab Riaz', 'Mashrafe Mortaza', 'Hasan Mahmud']","['Hazratullah Zazai', 'Litton Das', 'Shoaib Malik', 'Alok Kapali', 'Farhad Reza', 'Afif Hossain', 'Minhajul Abedin Afridi', 'Andre Russell', 'Ravi Bopara', 'Abu Jayed', 'Taijul Islam']",Rajshahi Royals,Wickets,9.0,Ravi Bopara,Gazi Sohel,Sharfuddoula,Masudur Rahman,Tanvir Ahmed,Raqibul Hasan
7,255,2019-12-12T00:00:00.000Z,Dhaka,"Shere Bangla National Stadium, Mirpur",night,4th Match,Chattogram Challengers,Khulna Tigers,Khulna Tigers,Bowl,144.0,6.0,20.0,146.0,2.0,13.5,Rayad Emrit,,"['Lendl Simmons', 'Chadwick Walton', 'Imrul Kayes', 'Nasir Hossain', 'Nurul Hasan', 'Muktar Ali', 'Rayad Emrit', 'Rubel Hossain', 'Enamul Haque jnr', 'Nasum Ahmed', 'Kesrick Williams']","['Najmul Hossain Shanto', 'Rahmanullah Gurbaz', 'Rilee Rossouw', 'Mushfiqur Rahim', 'Shamsur Rahman', 'Aminul Islam', 'Robbie Frylinck', 'Mehidy Hasan Miraz', 'Shafiul Islam', 'Mohammad Amir', 'Shohidul Islam']",Khulna Tigers,Wickets,8.0,Rilee Rossouw,Masudur Rahman,Prageeth Rambukwella,Tanvir Ahmed,Gazi Sohel,Raqibul Hasan
7,256,2019-12-13T00:00:00.000Z,Dhaka,"Shere Bangla National Stadium, Mirpur",day,5th Match,Sylhet Thunder,Rajshahi Royals,Rajshahi Royals,Bowl,91.0,10.0,15.3,95.0,2.0,10.5,Mosaddek Hossain,Andre Russell,"['Rony Talukdar', 'Johnson Charles', 'Mohammad Mithun', 'Jeevan Mendis', 'Mosaddek Hossain', 'Nazmul Hossain Milon', 'Nayeem Hasan', 'Naveen-ul-Haq', 'Krishmar Santokie', 'Nazmul Islam', 'Ebadot Hossain']","['Hazratullah Zazai', 'Litton Das', 'Afif Hossain', 'Shoaib Malik', 'Alok Kapali', 'Ravi Bopara', 'Andre Russell', 'Farhad Reza', 'Taijul Islam', 'Abu Jayed', 'Minhajul Abedin Afridi']",Rajshahi Royals,Wickets,8.0,Alok Kapali,Mahfuzur Rahman,Sharfuddoula,Masudur Rahman,Morshed Ali Khan,Neeyamur Rashid
7,257,2019-12-13T00:00:00.000Z,Dhaka,"Shere Bangla National Stadium, Mirpur",night,6th Match,Dhaka Platoon,Cumilla Warriors,Cumilla Warriors,Bowl,180.0,7.0,20.0,160.0,9.0,20.0,Mashrafe Mortaza,Dasun Shanaka,"['Anamul Haque', 'Tamim Iqbal', 'Mahedi Hasan', 'Laurie Evans', 'Thisara Perera', 'Shahid Afridi', 'Wahab Riaz', 'Mashrafe Mortaza', 'Jaker Ali', 'Shuvagata Hom', 'Hasan Mahmud']","['Bhanuka Rajapaksa', 'Yasir Ali', 'Soumya Sarkar', 'Dawid Malan', 'Sabbir Rahman', 'Dasun Shanaka', 'Mahidul Islam Ankon', 'Abu Hider', 'Sunzamul Islam', 'Mujeeb Ur Rahman', 'Al-Amin Hossain']",Dhaka Platoon,Runs,20.0,Thisara Perera,Masudur Rahman,Prageeth Rambukwella,Morshed Ali Khan,Mahfuzur Rahman,Neeyamur Rashid
7,258,2019-12-14T00:00:00.000Z,Dhaka,"Shere Bangla National Stadium, Mirpur",day,7th Match,Rangpur Rangers,Chattogram Challengers,Chattogram Challengers,Bowl,157.0,8.0,20.0,158.0,4.0,18.2,Mohammad Nabi,Mahmudullah,"['Mohammad Shahzad', 'Mohammad Naim', 'Tom Abell', 'Jahurul Islam', 'Mohammad Nabi', 'Lewis Gregory', 'Nadif Chowdhury', 'Rishad Hossain', 'Arafat Sunny', 'Taskin Ahmed', 'Mustafizur Rahman']","['Chadwick Walton', 'Avishka Fernando', 'Imrul Kayes', 'Mahmudullah', 'Nasir Hossain', 'Ryan Burl', 'Nurul Hasan', 'Rubel Hossain', 'Muktar Ali', 'Kesrick Williams', 'Mehedi Hasan Rana']",Chattogram Challengers,Wickets,6.0,Mohammad Naim,Morshed Ali Khan,Sharfuddoula,Masudur Rahman,Mahfuzur Rahman,Neeyamur Rashid
7,259,2019-12-14T00:00:00.000Z,Dhaka,"Shere Bangla National Stadium, Mirpur",night,8th Match,Dhaka Platoon,Sylhet Thunder,Sylhet Thunder,Bowl,182.0,4.0,20.0,158.0,7.0,20.0,Mashrafe Mortaza,Mosaddek Hossain,"['Tamim Iqbal', 'Anamul Haque', 'Laurie Evans', 'Jaker Ali', 'Thisara Perera', 'Wahab Riaz', 'Hasan Mahmud', 'Ariful Haque', 'Mahedi Hasan', 'Shadab Khan', 'Mashrafe Mortaza']","['Rony Talukdar', 'Andre Fletcher', 'Johnson Charles', 'Mohammad Mithun', 'Shafiqullah', 'Mosaddek Hossain', 'Nayeem Hasan', 'Delwar Hossain', 'Krishmar Santokie', 'Nazmul Islam', 'Ebadot Hossain']",Dhaka Platoon,Runs,24.0,Anamul Haque,Masudur Rahman,Prageeth Rambukwella,Morshed Ali Khan,Mahfuzur Rahman,Neeyamur Rashid
7,260,2019-12-17T00:00:00.000Z,Chattogram,"Zahur Ahmed Chowdhury Stadium, Chattogram",day,9th Match,Rajshahi Royals,Khulna Tigers,Khulna Tigers,Bowl,189.0,4.0,20.0,192.0,5.0,19.4,Andre Russell,,"['Litton Das', 'Hazratullah Zazai', 'Afif Hossain', 'Shoaib Malik', 'Ravi Bopara', 'Andre Russell', 'Alok Kapali', 'Farhad Reza', 'Taijul Islam', 'Abu Jayed', 'Kamrul Islam']","['Najmul Hossain Shanto', 'Rahmanullah Gurbaz', 'Rilee Rossouw', 'Mushfiqur Rahim', 'Shamsur Rahman', 'Robbie Frylinck', 'Shohidul Islam', 'Aminul Islam', 'Mehidy Hasan Miraz', 'Shafiul Islam', 'Mohammad Amir']",Khulna Tigers,Wickets,5.0,Mushfiqur Rahim,Prageeth Rambukwella,Sharfuddoula,Tanvir Ahmed,Masudur Rahman,Akhtar Ahmad
7,261,2019-12-17T00:00:00.000Z,Chattogram,"Zahur Ahmed Chowdhury Stadium, Chattogram",night,10th Match,Sylhet Thunder,Chattogram Challengers,Chattogram Challengers,Bowl,129.0,8.0,20.0,130.0,6.0,18.0,Mosaddek Hossain,Mahmudullah,"['Rony Talukdar', 'Andre Fletcher', 'Shafiqullah', 'Mohammad Mithun', 'Johnson Charles', 'Mosaddek Hossain', 'Nayeem Hasan', 'Delwar Hossain', 'Krishmar Santokie', 'Nazmul Islam', 'Ebadot Hossain']","['Lendl Simmons', 'Avishka Fernando', 'Imrul Kayes', 'Mahmudullah', 'Chadwick Walton', 'Nurul Hasan', 'Muktar Ali', 'Kesrick Williams', 'Nasum Ahmed', 'Rubel Hossain', 'Mehedi Hasan Rana']",Chattogram Challengers,Wickets,4.0,Mehedi Hasan Rana,David Millns,Masudur Rahman,Sharfuddoula,Tanvir Ahmed,Akhtar Ahmad
7,262,2019-12-18T00:00:00.000Z,Chattogram,"Zahur Ahmed Chowdhury Stadium, Chattogram",day,11th Match,Rangpur Rangers,Cumilla Warriors,Rangpur Rangers,Bat,181.0,8.0,20.0,182.0,4.0,19.4,Mohammad Nabi,Dasun Shanaka,"['Mohammad Shahzad', 'Mohammad Naim', 'Tom Abell', 'Al-Amin', 'Mohammad Nabi', 'Lewis Gregory', 'Nadif Chowdhury', 'Jahurul Islam', 'Arafat Sunny', 'Mustafizur Rahman', 'Mukidul Islam']","['Bhanuka Rajapaksa', 'Soumya Sarkar', 'Sabbir Rahman', 'Dawid Malan', 'Dasun Shanaka', 'Yasir Ali', 'Mahidul Islam Ankon', 'Abu Hider', 'Sunzamul Islam', 'Mujeeb Ur Rahman', 'Al-Amin Hossain']",Cumilla Warriors,Wickets,6.0,Dawid Malan,David Millns,Mahfuzur Rahman,Masudur Rahman,Tanvir Ahmed,Akhtar Ahmad
7,263,2019-12-18T00:00:00.000Z,Chattogram,"Zahur Ahmed Chowdhury Stadium, Chattogram",night,12th Match,Chattogram Challengers,Dhaka Platoon,Dhaka Platoon,Bowl,221.0,4.0,20.0,205.0,10.0,20.0,Mahmudullah,Mashrafe Mortaza,"['Lendl Simmons', 'Avishka Fernando', 'Imrul Kayes', 'Mahmudullah', 'Chadwick Walton', 'Nurul Hasan', 'Nasir Hossain', 'Nasum Ahmed', 'Kesrick Williams', 'Muktar Ali', 'Mehedi Hasan Rana']","['Mominul Haque', 'Anamul Haque', 'Jaker Ali', 'Laurie Evans', 'Asif Ali', 'Thisara Perera', 'Shahid Afridi', 'Mashrafe Mortaza', 'Mahedi Hasan', 'Hasan Mahmud', 'Salauddin Sakil']",Chattogram Challengers,Runs,16.0,Mehedi Hasan Rana,Prageeth Rambukwella,Sharfuddoula,Tanvir Ahmed,Mahfuzur Rahman,Akhtar Ahmad
7,264,2019-12-20T00:00:00.000Z,Chattogram,"Zahur Ahmed Chowdhury Stadium, Chattogram",day,13th Match,Rangpur Rangers,Khulna Tigers,Khulna Tigers,Bowl,137.0,9.0,20.0,138.0,2.0,12.3,Mohammad Nabi,,"['Mohammad Shahzad', 'Mohammad Naim', 'Cameron Delport', 'Nadif Chowdhury', 'Fazle Mahmud', 'Mohammad Nabi', 'Lewis Gregory', 'Taskin Ahmed', 'Mustafizur Rahman', 'Arafat Sunny', 'Mukidul Islam']","['Rahmanullah Gurbaz', 'Najmul Hossain Shanto', 'Rilee Rossouw', 'Mushfiqur Rahim', 'Shamsur Rahman', 'Robbie Frylinck', 'Mehidy Hasan Miraz', 'Shohidul Islam', 'Mohammad Amir', 'Shafiul Islam', 'Robiul Haque']",Khulna Tigers,Wickets,8.0,Shafiul Islam,Prageeth Rambukwella,Tanvir Ahmed,Masudur Rahman,Mahfuzur Rahman,Debabrata Paul
7,265,2019-12-20T00:00:00.000Z,Chattogram,"Zahur Ahmed Chowdhury Stadium, Chattogram",night,14th Match,Chattogram Challengers,Cumilla Warriors,Cumilla Warriors,Bowl,238.0,4.0,20.0,222.0,7.0,20.0,Imrul Kayes,Dasun Shanaka,"['Lendl Simmons', 'Avishka Fernando', 'Imrul Kayes', 'Chadwick Walton', 'Nasir Hossain', 'Nurul Hasan', 'Nasum Ahmed', 'Kesrick Williams', 'Muktar Ali', 'Rubel Hossain', 'Mehedi Hasan Rana']","['Bhanuka Rajapaksa', 'Soumya Sarkar', 'Sabbir Rahman', 'Dawid Malan', 'Yasir Ali', 'Dasun Shanaka', 'Mahidul Islam Ankon', 'Sumon Khan', 'Abu Hider', 'Mujeeb Ur Rahman', 'Al-Amin Hossain']",Chattogram Challengers,Runs,16.0,Chadwick Walton,D Milns,Masudur Rahman,Tanvir Ahmed,Mahfuzur Rahman,Debabrata Paul
7,266,2019-12-21T00:00:00.000Z,Chattogram,"Zahur Ahmed Chowdhury Stadium, Chattogram",day,15th Match,Sylhet Thunder,Khulna Tigers,Khulna Tigers,Bowl,232.0,5.0,20.0,152.0,9.0,18.3,Mosaddek Hossain,,"['Andre Fletcher', 'Abdul Mazid', 'Johnson Charles', 'Mohammad Mithun', 'Mosaddek Hossain', 'Nazmul Hossain Milon', 'Sohag Gazi', 'Monir Hossain', 'Krishmar Santokie', 'Ebadot Hossain', 'Naveen-ul-Haq']","['Rahmanullah Gurbaz', 'Saif Hassan', 'Rilee Rossouw', 'Mushfiqur Rahim', 'Shamsur Rahman', 'Robbie Frylinck', 'Mehidy Hasan Miraz', 'Shohidul Islam', 'Mohammad Amir', 'Robiul Haque', 'Shafiul Islam']",Sylhet Thunder,Runs,80.0,Andre Fletcher,Mahfuzur Rahman,Prageeth Rambukwella,Masudur Rahman,Gazi Sohel,Debabrata Paul
7,267,2019-12-21T00:00:00.000Z,Chattogram,"Zahur Ahmed Chowdhury Stadium, Chattogram",night,16th Match,Chattogram Challengers,Rangpur Rangers,Rangpur Rangers,Bowl,163.0,7.0,20.0,167.0,4.0,18.4,Imrul Kayes,Tom Abell,"['Lendl Simmons', 'Avishka Fernando', 'Imrul Kayes', 'Nasir Hossain', 'Chadwick Walton', 'Nurul Hasan', 'Muktar Ali', 'Liam Plunkett', 'Rubel Hossain', 'Nasum Ahmed', 'Mehedi Hasan Rana']","['Mohammad Naim', 'Cameron Delport', 'Tom Abell', 'Shadman Islam', 'Lewis Gregory', 'Fazle Mahmud', 'Jahurul Islam', 'Mohammad Nabi', 'Mustafizur Rahman', 'Sanjit Saha', 'Mukidul Islam']",Rangpur Rangers,Wickets,6.0,Lewis Gregory,David Millns,Masudur Rahman,Gazi Sohel,Mahfuzur Rahman,Debabrata Paul
7,268,2019-12-23T00:00:00.000Z,Chattogram,"Zahur Ahmed Chowdhury Stadium, Chattogram",day,17th Match,Cumilla Warriors,Dhaka Platoon,Dhaka Platoon,Bowl,160.0,3.0,20.0,161.0,5.0,19.5,Dasun Shanaka,Mashrafe Mortaza,"['Bhanuka Rajapaksa', 'Soumya Sarkar', 'Sabbir Rahman', 'Dawid Malan', 'Yasir Ali', 'Dasun Shanaka', 'Mujeeb Ur Rahman', 'Al-Amin Hossain', 'Mahidul Islam Ankon', 'Robiul Islam Robi', 'Sumon Khan']","['Tamim Iqbal', 'Anamul Haque', 'Mahedi Hasan', 'Asif Ali', 'Jaker Ali', 'Mominul Haque', 'Shahid Afridi', 'Shadab Khan', 'Wahab Riaz', 'Mashrafe Mortaza', 'Hasan Mahmud']",Dhaka Platoon,Wickets,5.0,Mahedi Hasan,Gazi Sohel,Prageeth Rambukwella,Morshed Ali Khan,Moniruzzaman,Showkatur Rahman
7,269,2019-12-23T00:00:00.000Z,Chattogram,"Zahur Ahmed Chowdhury Stadium, Chattogram",night,18th Match,Khulna Tigers,Rajshahi Royals,Rajshahi Royals,Bowl,145.0,9.0,20.0,149.0,3.0,18.0,,Andre Russell,"['Rahmanullah Gurbaz', 'Mehidy Hasan Miraz', 'Rilee Rossouw', 'Mushfiqur Rahim', 'Najmul Hossain Shanto', 'Shamsur Rahman', 'Robbie Frylinck', 'Shohidul Islam', 'Mohammad Amir', 'Shafiul Islam', 'Tanvir Islam']","['Litton Das', 'Afif Hossain', 'Shoaib Malik', 'Andre Russell', 'Ravi Bopara', 'Alok Kapali', 'Nahidul Islam', 'Farhad Reza', 'Abu Jayed', 'Mohammad Irfan', 'Kamrul Islam']",Rajshahi Royals,Wickets,7.0,Andre Russell,David Millns,Morshed Ali Khan,Gazi Sohel,Moniruzzaman,Showkatur Rahman
7,270,2019-12-24T00:00:00.000Z,Chattogram,"Zahur Ahmed Chowdhury Stadium, Chattogram",day,19th Match,Sylhet Thunder,Dhaka Platoon,Sylhet Thunder,Bat,174.0,4.0,20.0,175.0,2.0,18.3,Mosaddek Hossain,Mashrafe Mortaza,"['Andre Fletcher', 'Abdul Mazid', 'Johnson Charles', 'Mohammad Mithun', 'Mosaddek Hossain', 'Sherfane Rutherford', 'Nazmul Hossain Milon', 'Sohag Gazi', 'Krishmar Santokie', 'Ebadot Hossain', 'Nazmul Islam']","['Anamul Haque', 'Tamim Iqbal', 'Mahedi Hasan', 'Jaker Ali', 'Asif Ali', 'Mominul Haque', 'Shahid Afridi', 'Shadab Khan', 'Wahab Riaz', 'Mashrafe Mortaza', 'Hasan Mahmud']",Dhaka Platoon,Wickets,8.0,Mahedi Hasan,David Millns,Gazi Sohel,Moniruzzaman,Morshed Ali Khan,Showkat Hossain
7,271,2019-12-24T00:00:00.000Z,Chattogram,"Zahur Ahmed Chowdhury Stadium, Chattogram",night,20th Match,Cumilla Warriors,Rajshahi Royals,Rajshahi Royals,Bowl,170.0,8.0,20.0,171.0,3.0,17.5,Dasun Shanaka,Andre Russell,"['Bhanuka Rajapaksa', 'Dawid Malan', 'Sabbir Rahman', 'Soumya Sarkar', 'Dasun Shanaka', 'Yasir Ali', 'Mahidul Islam Ankon', 'Robiul Islam Robi', 'Sumon Khan', 'Mujeeb Ur Rahman', 'Al-Amin Hossain']","['Litton Das', 'Afif Hossain', 'Shoaib Malik', 'Ravi Bopara', 'Andre Russell', 'Alok Kapali', 'Nahidul Islam', 'Farhad Reza', 'Abu Jayed', 'Mohammad Irfan', 'Kamrul Islam']",Rajshahi Royals,Wickets,7.0,Dawid Malan,Morshed Ali Khan,Prageeth Rambukwella,Gazi Sohel,Moniruzzaman,Showkat Hossain
7,272,2019-12-27T00:00:00.000Z,Dhaka,"Shere Bangla National Stadium, Mirpur",day,21st Match,Dhaka Platoon,Chattogram Challengers,Chattogram Challengers,Bowl,124.0,9.0,20.0,125.0,4.0,18.4,Mashrafe Mortaza,Imrul Kayes,"['Tamim Iqbal', 'Anamul Haque', 'Mahedi Hasan', 'Mominul Haque', 'Jaker Ali', 'Shahid Afridi', 'Shadab Khan', 'Thisara Perera', 'Wahab Riaz', 'Mashrafe Mortaza', 'Hasan Mahmud']","['Lendl Simmons', 'Zunaed Siddique', 'Imrul Kayes', 'Chadwick Walton', 'Ryan Burl', 'Nurul Hasan', 'Liam Plunkett', 'Muktar Ali', 'Rubel Hossain', 'Nasum Ahmed', 'Mehedi Hasan Rana']",Chattogram Challengers,Wickets,6.0,Imrul Kayes,David Millns,Sharfuddoula,Gazi Sohel,Mahfuzur Rahman,Neeyamur Rashid
7,273,2019-12-27T00:00:00.000Z,Dhaka,"Shere Bangla National Stadium, Mirpur",night,22nd Match,Khulna Tigers,Rangpur Rangers,Rangpur Rangers,Bowl,182.0,7.0,20.0,130.0,9.0,20.0,,Shane Watson,"['Najmul Hossain Shanto', 'Mehidy Hasan Miraz', 'Rilee Rossouw', 'Shamsur Rahman', 'Mushfiqur Rahim', 'Najibullah Zadran', 'Robbie Frylinck', 'Shohidul Islam', 'Mohammad Amir', 'Tanvir Islam', 'Shafiul Islam']","['Shane Watson', 'Mohammad Naim', 'Cameron Delport', 'Lewis Gregory', 'Fazle Mahmud', 'Mohammad Nabi', 'Shadman Islam', 'Jahurul Islam', 'Sanjit Saha', 'Mukidul Islam', 'Mustafizur Rahman']",Khulna Tigers,Runs,52.0,Shohidul Islam,Mahfuzur Rahman,Prageeth Rambukwella,Sharfuddoula,Gazi Sohel,Neeyamur Rashid
7,274,2019-12-28T00:00:00.000Z,Dhaka,"Shere Bangla National Stadium, Mirpur",day,23rd Match,Rajshahi Royals,Cumilla Warriors,Cumilla Warriors,Bowl,190.0,4.0,20.0,175.0,4.0,20.0,Andre Russell,Dawid Malan,"['Litton Das', 'Afif Hossain', 'Shoaib Malik', 'Ravi Bopara', 'Andre Russell', 'Alok Kapali', 'Irfaan Shukkur', 'Nahidul Islam', 'Taijul Islam', 'Farhad Reza', 'Mohammad Irfan']","['Robiul Islam Robi', 'Stiaan van Zyl', 'Dawid Malan', 'Soumya Sarkar', 'Sabbir Rahman', 'David Wiese', 'Mahidul Islam Ankon', 'Sunzamul Islam', 'Mujeeb Ur Rahman', 'Al-Amin Hossain', 'Abu Hider']",Rajshahi Royals,Runs,15.0,Shoaib Malik,David Millns,Morshed Ali Khan,Gazi Sohel,Mahfuzur Rahman,Mujibul Haque
7,275,2019-12-28T00:00:00.000Z,Dhaka,"Shere Bangla National Stadium, Mirpur",night,24th Match,Sylhet Thunder,Khulna Tigers,Khulna Tigers,Bowl,157.0,4.0,20.0,158.0,2.0,17.5,Mosaddek Hossain,,"['Andre Fletcher', 'Rubel Mia', 'Johnson Charles', 'Sherfane Rutherford', 'Mohammad Mithun', 'Mosaddek Hossain', 'Delwar Hossain', 'Nayeem Hasan', 'Krishmar Santokie', 'Ebadot Hossain', 'Nazmul Islam']","['Najmul Hossain Shanto', 'Mehidy Hasan Miraz', 'Rilee Rossouw', 'Mushfiqur Rahim', 'Shamsur Rahman', 'Najibullah Zadran', 'Robbie Frylinck', 'Shohidul Islam', 'Mohammad Amir', 'Tanvir Islam', 'Shafiul Islam']",Khulna Tigers,Wickets,8.0,Mehidy Hasan Miraz,Mahfuzur Rahman,Prageeth Rambukwella,Morshed Ali Khan,Gazi Sohel,Mujibul Haque
7,276,2019-12-30T00:00:00.000Z,Dhaka,"Shere Bangla National Stadium, Mirpur",day,25th Match,Sylhet Thunder,Rangpur Rangers,Rangpur Rangers,Bowl,133.0,9.0,20.0,134.0,3.0,17.2,Mosaddek Hossain,Shane Watson,"['Andre Fletcher', 'Johnson Charles', 'Mohammad Mithun', 'Mosaddek Hossain', 'Sherfane Rutherford', 'Nazmul Hossain Milon', 'Sohag Gazi', 'Nayeem Hasan', 'Monir Hossain', 'Naveen-ul-Haq', 'Ebadot Hossain']","['Mohammad Naim', 'Shane Watson', 'Cameron Delport', 'Lewis Gregory', 'Mohammad Nabi', 'Jahurul Islam', 'Fazle Mahmud', 'Arafat Sunny', 'Al-Amin', 'Mustafizur Rahman', 'Mukidul Islam']",Rangpur Rangers,Wickets,7.0,Mustafizur Rahman,Moniruzzaman,Prageeth Rambukwella,Tanvir Ahmed,Mahfuzur Rahman,Samiur Rahman
7,277,2019-12-30T00:00:00.000Z,Dhaka,"Shere Bangla National Stadium, Mirpur",night,26th Match,Dhaka Platoon,Rajshahi Royals,Rajshahi Royals,Bowl,174.0,5.0,20.0,100.0,10.0,16.4,Mashrafe Mortaza,Andre Russell,"['Tamim Iqbal', 'Anamul Haque', 'Luis Reece', 'Mahedi Hasan', 'Ariful Haque', 'Mashrafe Mortaza', 'Asif Ali', 'Mominul Haque', 'Shadab Khan', 'Wahab Riaz', 'Hasan Mahmud']","['Litton Das', 'Afif Hossain', 'Alok Kapali', 'Shoaib Malik', 'Ravi Bopara', 'Nahidul Islam', 'Andre Russell', 'Farhad Reza', 'Taijul Islam', 'Kamrul Islam', 'Mohammad Irfan']",Dhaka Platoon,Runs,74.0,Wahab Riaz,D Milns,Tanvir Ahmed,Moniruzzaman,Mahfuzur Rahman,Samiur Rahman
7,278,2019-12-31T00:00:00.000Z,Dhaka,"Shere Bangla National Stadium, Mirpur",day,27th Match,Chattogram Challengers,Cumilla Warriors,Cumilla Warriors,Bowl,159.0,6.0,20.0,161.0,8.0,20.0,,Dawid Malan,"['Lendl Simmons', 'Zunaed Siddique', 'Chadwick Walton', 'Ryan Burl', 'Nurul Hasan', 'Ziaur Rahman', 'Liam Plunkett', 'Pinak Ghosh', 'Rubel Hossain', 'Nasum Ahmed', 'Mehedi Hasan Rana']","['Robiul Islam Robi', 'Stiaan van Zyl', 'Dawid Malan', 'Soumya Sarkar', 'Sabbir Rahman', 'David Wiese', 'Mahidul Islam Ankon', 'Abu Hider', 'Sunzamul Islam', 'Mujeeb Ur Rahman', 'Al-Amin Hossain']",Cumilla Warriors,Wickets,2.0,Dawid Malan,Masudur Rahman,Prageeth Rambukwella,Moniruzzaman,Tanvir Ahmed,Samiur Rahman
7,279,2019-12-31T00:00:00.000Z,Dhaka,"Shere Bangla National Stadium, Mirpur",night,28th Match,Rangpur Rangers,Rajshahi Royals,Rajshahi Royals,Bowl,182.0,6.0,20.0,135.0,8.0,20.0,Shane Watson,Andre Russell,"['Mohammad Naim', 'Shane Watson', 'Cameron Delport', 'Lewis Gregory', 'Mohammad Nabi', 'Fazle Mahmud', 'Al-Amin', 'Jahurul Islam', 'Mustafizur Rahman', 'Arafat Sunny', 'Taskin Ahmed']","['Litton Das', 'Afif Hossain', 'Alok Kapali', 'Shoaib Malik', 'Ravi Bopara', 'Nahidul Islam', 'Andre Russell', 'Farhad Reza', 'Taijul Islam', 'Kamrul Islam', 'Mohammad Irfan']",Rangpur Rangers,Runs,47.0,Lewis Gregory,David Millns,Tanvir Ahmed,Masudur Rahman,Moniruzzaman,Samiur Rahman
7,280,2020-01-02T00:00:00.000Z,Sylhet,Sylhet International Cricket Stadium,day,29th Match,Rajshahi Royals,Rangpur Rangers,Rangpur Rangers,Bowl,179.0,4.0,20.0,149.0,7.0,20.0,Shoaib Malik,Shane Watson,"['Litton Das', 'Afif Hossain', 'Shoaib Malik', 'Irfaan Shukkur', 'Ravi Bopara', 'Mohammad Nawaz', 'Alok Kapali', 'Farhad Reza', 'Mohammad Irfan', 'Kamrul Islam', 'Abu Jayed']","['Mohammad Naim', 'Shane Watson', 'Cameron Delport', 'Tom Abell', 'Fazle Mahmud', 'Mohammad Nabi', 'Al-Amin', 'Jahurul Islam', 'Taskin Ahmed', 'Mustafizur Rahman', 'Arafat Sunny']",Rajshahi Royals,Runs,30.0,Ravi Bopara,David Millns,Mahfuzur Rahman,Masudur Rahman,Gazi Sohel,Raqibul Hasan
7,281,2020-01-02T00:00:00.000Z,Sylhet,Sylhet International Cricket Stadium,night,30th Match,Cumilla Warriors,Sylhet Thunder,Sylhet Thunder,Bowl,140.0,9.0,20.0,140.0,10.0,20.0,Soumya Sarkar,Andre Fletcher,"['Upul Tharanga', 'Stiaan van Zyl', 'Soumya Sarkar', 'Sabbir Rahman', 'Yasir Ali', 'David Wiese', 'Mahidul Islam Ankon', 'Abu Hider', 'Sunzamul Islam', 'Mujeeb Ur Rahman', 'Al-Amin Hossain']","['Johnson Charles', 'Rony Talukdar', 'Mohammad Mithun', 'Sherfane Rutherford', 'Andre Fletcher', 'Nazmul Hossain Milon', 'Sohag Gazi', 'Nayeem Hasan', 'Naveen-ul-Haq', 'Monir Hossain', 'Ebadot Hossain']",,Match tied (Warriors won the one-over eliminator),,Mujeeb Ur Rahman,Masudur Rahman,Prageeth Rambukwella,Gazi Sohel,,Raqibul Hasan
7,282,2020-01-03T00:00:00.000Z,Sylhet,Sylhet International Cricket Stadium,day,31st Match,Dhaka Platoon,Khulna Tigers,Khulna Tigers,Bowl,172.0,4.0,20.0,160.0,8.0,20.0,Mashrafe Mortaza,,"['Tamim Iqbal', 'Anamul Haque', 'Mominul Haque', 'Mahedi Hasan', 'Ariful Haque', 'Asif Ali', 'Mashrafe Mortaza', 'Hasan Mahmud', 'Shadab Khan', 'Faheem Ashraf', 'Thisara Perera']","['Mehidy Hasan Miraz', 'Aminul Islam', 'Rilee Rossouw', 'Shamsur Rahman', 'Mushfiqur Rahim', 'Najibullah Zadran', 'Robbie Frylinck', 'Shohidul Islam', 'Mohammad Amir', 'Shafiul Islam', 'Tanvir Islam']",Dhaka Platoon,Runs,12.0,Hasan Mahmud,Prageeth Rambukwella,Tanvir Ahmed,Masudur Rahman,Mahfuzur Rahman,Raqibul Hasan
7,283,2020-01-03T00:00:00.000Z,Sylhet,Sylhet International Cricket Stadium,night,32nd Match,Rangpur Rangers,Sylhet Thunder,Sylhet Thunder,Bowl,199.0,5.0,20.0,161.0,9.0,19.1,Shane Watson,Andre Fletcher,"['Mohammad Naim', 'Shane Watson', 'Cameron Delport', 'Lewis Gregory', 'Mohammad Nabi', 'Fazle Mahmud', 'Al-Amin', 'Mustafizur Rahman', 'Arafat Sunny', 'Taskin Ahmed', 'Jahurul Islam']","['Andre Fletcher', 'Abdul Mazid', 'Mohammad Mithun', 'Sherfane Rutherford', 'Shafiqullah', 'Sohag Gazi', 'Rony Talukdar', 'Krishmar Santokie', 'Nayeem Hasan', 'Ebadot Hossain', 'Monir Hossain']",Rangpur Rangers,Runs,38.0,Shane Watson,David Millns,Gazi Sohel,Tanvir Ahmed,,Raqibul Hasan
7,284,2020-01-04T00:00:00.000Z,Sylhet,Sylhet International Cricket Stadium,day,33rd Match,Khulna Tigers,Chattogram Challengers,Chattogram Challengers,Bowl,121.0,10.0,19.5,124.0,4.0,18.1,,Imrul Kayes,"['Mehidy Hasan Miraz', 'Hashim Amla', 'Rilee Rossouw', 'Shamsur Rahman', 'Mushfiqur Rahim', 'Robbie Frylinck', 'Aamer Yamin', 'Alauddin Babu', 'Shafiul Islam', 'Tanvir Islam', 'Al Islam']","['Lendl Simmons', 'Zunaed Siddique', 'Imrul Kayes', 'Asela Gunaratne', 'Chadwick Walton', 'Nurul Hasan', 'Rubel Hossain', 'Nasum Ahmed', 'Mehedi Hasan Rana', 'Kesrick Williams', 'Ziaur Rahman']",Chattogram Challengers,Wickets,6.0,Mehedi Hasan Rana,David Millns,Mahfuzur Rahman,Tanvir Ahmed,Gazi Sohel,Raqibul Hasan
7,285,2020-01-04T00:00:00.000Z,Sylhet,Sylhet International Cricket Stadium,night,34th Match,Sylhet Thunder,Rajshahi Royals,Sylhet Thunder,Bat,143.0,6.0,20.0,145.0,4.0,15.1,Andre Fletcher,Shoaib Malik,"['Andre Fletcher', 'Abdul Mazid', 'Johnson Charles', 'Mohammad Mithun', 'Sherfane Rutherford', 'Sohag Gazi', 'Nazmul Hossain Milon', 'Delwar Hossain', 'Nazmul Islam', 'Naveen-ul-Haq', 'Ebadot Hossain']","['Litton Das', 'Afif Hossain', 'Shoaib Malik', 'Irfaan Shukkur', 'Ravi Bopara', 'Mohammad Nawaz', 'Alok Kapali', 'Farhad Reza', 'Abu Jayed', 'Kamrul Islam', 'Mohammad Irfan']",Rajshahi Royals,Wickets,6.0,Afif Hossain,Prageeth Rambukwella,Tanvir Ahmed,Gazi Sohel,Mahfuzur Rahman,Raqibul Hasan
7,286,2020-01-07T00:00:00.000Z,Dhaka,"Shere Bangla National Stadium, Mirpur",day,35th Match,Sylhet Thunder,Cumilla Warriors,Cumilla Warriors,Bowl,141.0,5.0,20.0,142.0,5.0,19.1,Andre Fletcher,Dawid Malan,"['Andre Fletcher', 'Abdul Mazid', 'Johnson Charles', 'Mohammad Mithun', 'Jeevan Mendis', 'Nazmul Hossain Milon', 'Sohag Gazi', 'Nazmul Islam', 'Nayeem Hasan', 'Ebadot Hossain', 'Delwar Hossain']","['Upul Tharanga', 'Fardeen Hasan', 'Dawid Malan', 'Mahidul Islam Ankon', 'Soumya Sarkar', 'David Wiese', 'Yasir Ali', 'Sunzamul Islam', 'Al-Amin Hossain', 'Abu Hider', 'Mujeeb Ur Rahman']",Cumilla Warriors,Wickets,5.0,Dawid Malan,Gazi Sohel,Prageeth Rambukwella,Morshed Ali Khan,Moniruzzaman,Salim Shahed
7,287,2020-01-07T00:00:00.000Z,Dhaka,"Shere Bangla National Stadium, Mirpur",night,36th Match,Rajshahi Royals,Chattogram Challengers,Chattogram Challengers,Bowl,166.0,8.0,20.0,170.0,3.0,18.3,Andre Russell,Mahmudullah,"['Litton Das', 'Afif Hossain', 'Irfaan Shukkur', 'Shoaib Malik', 'Andre Russell', 'Ravi Bopara', 'Alok Kapali', 'Farhad Reza', 'Kamrul Islam', 'Taijul Islam', 'Mohammad Irfan']","['Lendl Simmons', 'Chris Gayle', 'Imrul Kayes', 'Mahmudullah', 'Chadwick Walton', 'Nurul Hasan', 'Nasum Ahmed', 'Muktar Ali', 'Kesrick Williams', 'Ziaur Rahman', 'Rubel Hossain']",Chattogram Challengers,Wickets,7.0,Imrul Kayes,David Millns,Morshed Ali Khan,Moniruzzaman,Gazi Sohel,Salim Shahed
7,288,2020-01-08T00:00:00.000Z,Dhaka,"Shere Bangla National Stadium, Mirpur",day,37th Match,Khulna Tigers,Cumilla Warriors,Cumilla Warriors,Bowl,179.0,2.0,20.0,145.0,10.0,18.2,,Dawid Malan,"['Najmul Hossain Shanto', 'Mehidy Hasan Miraz', 'Rilee Rossouw', 'Mushfiqur Rahim', 'Shamsur Rahman', 'Najibullah Zadran', 'Robbie Frylinck', 'Al Islam', 'Mohammad Amir', 'Shafiul Islam', 'Shohidul Islam']","['Stiaan van Zyl', 'Sabbir Rahman', 'Dawid Malan', 'Soumya Sarkar', 'Mahidul Islam Ankon', 'Yasir Ali', 'David Wiese', 'Abu Hider', 'Sunzamul Islam', 'Mujeeb Ur Rahman', 'Al-Amin Hossain']",Khulna Tigers,Runs,34.0,Robbie Frylinck,David Millns,Gazi Sohel,Morshed Ali Khan,Mahfuzur Rahman,Salim Shahed
7,289,2020-01-08T00:00:00.000Z,Dhaka,"Shere Bangla National Stadium, Mirpur",night,38th Match,Dhaka Platoon,Rangpur Rangers,Rangpur Rangers,Bowl,145.0,9.0,20.0,84.0,10.0,15.3,Mashrafe Mortaza,Shane Watson,"['Tamim Iqbal', 'Anamul Haque', 'Mahedi Hasan', 'Ariful Haque', 'Mominul Haque', 'Asif Ali', 'Thisara Perera', 'Shadab Khan', 'Faheem Ashraf', 'Mashrafe Mortaza', 'Hasan Mahmud']","['Mohammad Naim', 'Shane Watson', 'Cameron Delport', 'Lewis Gregory', 'Fazle Mahmud', 'Al-Amin', 'Mohammad Nabi', 'Jahurul Islam', 'Arafat Sunny', 'Taskin Ahmed', 'Mustafizur Rahman']",Dhaka Platoon,Runs,61.0,Shadab Khan,Mahfuzur Rahman,Prageeth Rambukwella,Gazi Sohel,Morshed Ali Khan,Salim Shahed
7,290,2020-01-10T00:00:00.000Z,Dhaka,"Shere Bangla National Stadium, Mirpur",day,39th Match,Rangpur Rangers,Dhaka Platoon,Dhaka Platoon,Bowl,149.0,9.0,20.0,138.0,9.0,20.0,Shane Watson,Mashrafe Mortaza,"['Shane Watson', 'Mohammad Naim', 'Cameron Delport', 'Lewis Gregory', 'Al-Amin', 'Jahurul Islam', 'Nadif Chowdhury', 'Taskin Ahmed', 'Mustafizur Rahman', 'Arafat Sunny', 'Junaid Khan']","['Tamim Iqbal', 'Anamul Haque', 'Mahedi Hasan', 'Mominul Haque', 'Thisara Perera', 'Shadab Khan', 'Asif Ali', 'Ariful Haque', 'Faheem Ashraf', 'Mashrafe Mortaza', 'Hasan Mahmud']",Rangpur Rangers,Runs,11.0,Lewis Gregory,David Millns,Tanvir Ahmed,Gazi Sohel,Mahfuzur Rahman,Mujibul Haque
7,291,2020-01-10T00:00:00.000Z,Dhaka,"Shere Bangla National Stadium, Mirpur",night,40th Match,Khulna Tigers,Cumilla Warriors,Cumilla Warriors,Bowl,218.0,2.0,20.0,126.0,9.0,20.0,,Soumya Sarkar,"['Najmul Hossain Shanto', 'Mehidy Hasan Miraz', 'Rilee Rossouw', 'Mushfiqur Rahim', 'Najibullah Zadran', 'Shamsur Rahman', 'Robbie Frylinck', 'Mohammad Amir', 'Shafiul Islam', 'Shohidul Islam', 'Aminul Islam']","['Stiaan van Zyl', 'Sabbir Rahman', 'Upul Tharanga', 'Dawid Malan', 'Soumya Sarkar', 'Yasir Ali', 'Fardeen Hasan', 'Abu Hider', 'Mujeeb Ur Rahman', 'Sumon Khan', 'Ifran Hossain']",Khulna Tigers,Runs,92.0,Mushfiqur Rahim,Gazi Sohel,Prageeth Rambukwella,Tanvir Ahmed,Mahfuzur Rahman,Mujibul Haque
7,292,2020-01-11T00:00:00.000Z,Dhaka,"Shere Bangla National Stadium, Mirpur",day,41st Match,Chattogram Challengers,Rajshahi Royals,Rajshahi Royals,Bowl,155.0,5.0,20.0,156.0,2.0,17.4,Mahmudullah,Andre Russell,"['Chris Gayle', 'Zunaed Siddique', 'Imrul Kayes', 'Mahmudullah', 'Chadwick Walton', 'Nurul Hasan', 'Ziaur Rahman', 'Liam Plunkett', 'Rayad Emrit', 'Rubel Hossain', 'Nasum Ahmed']","['Litton Das', 'Afif Hossain', 'Shoaib Malik', 'Andre Russell', 'Ravi Bopara', 'Alok Kapali', 'Farhad Reza', 'Taijul Islam', 'Kamrul Islam', 'Mohammad Irfan', 'Abu Jayed']",Rajshahi Royals,Wickets,8.0,Litton Das,Prageeth Rambukwella,Tanvir Ahmed,Moniruzzaman,Mahfuzur Rahman,Akhtar Ahmad
7,293,2020-01-11T00:00:00.000Z,Dhaka,"Shere Bangla National Stadium, Mirpur",night,42nd Match,Dhaka Platoon,Khulna Tigers,Khulna Tigers,Bowl,205.0,4.0,20.0,207.0,2.0,18.1,Mashrafe Mortaza,,"['Tamim Iqbal', 'Mominul Haque', 'Anamul Haque', 'Jaker Ali', 'Mahedi Hasan', 'Thisara Perera', 'Shadab Khan', 'Asif Ali', 'Faheem Ashraf', 'Mashrafe Mortaza', 'Hasan Mahmud']","['Najmul Hossain Shanto', 'Mehidy Hasan Miraz', 'Rilee Rossouw', 'Mushfiqur Rahim', 'Najibullah Zadran', 'Shamsur Rahman', 'Robbie Frylinck', 'Mohammad Amir', 'Shafiul Islam', 'Shohidul Islam', 'Aminul Islam']",Khulna Tigers,Wickets,8.0,Najmul Hossain Shanto,David Millns,Mahfuzur Rahman,Tanvir Ahmed,Moniruzzaman,Akhtar Ahmad
7,294,2020-01-13T00:00:00.000Z,Dhaka,"Shere Bangla National Stadium, Mirpur",day,Eliminator,Dhaka Platoon,Chattogram Challengers,Chattogram Challengers,Bowl,144.0,8.0,20.0,147.0,3.0,17.4,Mashrafe Mortaza,Mahmudullah,"['Tamim Iqbal', 'Mominul Haque', 'Anamul Haque', 'Luis Reece', 'Mahedi Hasan', 'Jaker Ali', 'Shadab Khan', 'Asif Ali', 'Thisara Perera', 'Mashrafe Mortaza', 'Hasan Mahmud']","['Chris Gayle', 'Ziaur Rahman', 'Imrul Kayes', 'Mahmudullah', 'Chadwick Walton', 'Nurul Hasan', 'Asela Gunaratne', 'Rayad Emrit', 'Rubel Hossain', 'Nasum Ahmed', 'Mehedi Hasan Rana']",Chattogram Challengers,Wickets,7.0,Rayad Emrit,David Millns,Mahfuzur Rahman,Tanvir Ahmed,Gazi Sohel,Akhtar Ahmad
7,295,2020-01-13T00:00:00.000Z,Dhaka,"Shere Bangla National Stadium, Mirpur",night,1st Qualifier,Khulna Tigers,Rajshahi Royals,Rajshahi Royals,Bowl,158.0,3.0,20.0,131.0,10.0,20.0,,Andre Russell,"['Najmul Hossain Shanto', 'Mehidy Hasan Miraz', 'Rilee Rossouw', 'Shamsur Rahman', 'Mushfiqur Rahim', 'Najibullah Zadran', 'Robbie Frylinck', 'Mohammad Amir', 'Shafiul Islam', 'Shohidul Islam', 'Aminul Islam']","['Litton Das', 'Afif Hossain', 'Shoaib Malik', 'Alok Kapali', 'Ravi Bopara', 'Andre Russell', 'Farhad Reza', 'Taijul Islam', 'Kamrul Islam', 'Abu Jayed', 'Mohammad Irfan']",Khulna Tigers,Runs,27.0,Mohammad Amir,Gazi Sohel,Prageeth Rambukwella,Tanvir Ahmed,Mahfuzur Rahman,Neeyamur Rashid
7,296,2020-01-15T00:00:00.000Z,Dhaka,"Shere Bangla National Stadium, Mirpur",night,2nd Qualifier,Chattogram Challengers,Rajshahi Royals,Rajshahi Royals,Bowl,164.0,9.0,20.0,165.0,8.0,19.2,Mahmudullah,Andre Russell,"['Ziaur Rahman', 'Chris Gayle', 'Imrul Kayes', 'Mahmudullah', 'Chadwick Walton', 'Nurul Hasan', 'Asela Gunaratne', 'Rayad Emrit', 'Rubel Hossain', 'Nasum Ahmed', 'Mehedi Hasan Rana']","['Litton Das', 'Afif Hossain', 'Irfaan Shukkur', 'Alok Kapali', 'Shoaib Malik', 'Andre Russell', 'Mohammad Nawaz', 'Farhad Reza', 'Kamrul Islam', 'Abu Jayed', 'Mohammad Irfan']",Rajshahi Royals,Wickets,2.0,Andre Russell,David Millns,Mahfuzur Rahman,Morshed Ali Khan,Moniruzzaman,Raqibul Hasan
7,297,2020-01-17T00:00:00.000Z,Dhaka,"Shere Bangla National Stadium, Mirpur",night,Final,Rajshahi Royals,Khulna Tigers,Khulna Tigers,Bowl,170.0,4.0,20.0,149.0,8.0,20.0,Andre Russell,,"['Litton Das', 'Afif Hossain', 'Irfaan Shukkur', 'Shoaib Malik', 'Andre Russell', 'Mohammad Nawaz', 'Alok Kapali', 'Farhad Reza', 'Kamrul Islam', 'Abu Jayed', 'Mohammad Irfan']","['Najmul Hossain Shanto', 'Mehidy Hasan Miraz', 'Shamsur Rahman', 'Rilee Rossouw', 'Mushfiqur Rahim', 'Najibullah Zadran', 'Robbie Frylinck', 'Shohidul Islam', 'Shafiul Islam', 'Mohammad Amir', 'Tanvir Islam']",Rajshahi Royals,Runs,21.0,Andre Russell,David Millns,Gazi Sohel,Tanvir Ahmed,Mahfuzur Rahman,Raqibul Hasan
8,298,2022-01-21T00:00:00.000Z,Dhaka,"Shere Bangla National Stadium, Mirpur",day,1st Match,Chattogram Challengers,Fortune Barishal,Fortune Barishal,Bowl,125.0,8.0,20.0,126.0,6.0,18.4,Mehidy Hasan Miraz,Shakib Al Hasan,"['Kennar Lewis', 'Will Jacks', 'Afif Hossain', 'Sabbir Rahman', 'Mehidy Hasan Miraz', 'Shamim Hossain', 'Naeem Islam', 'Benny Howell', 'Mukidul Islam', 'Shoriful Islam', 'Nasum Ahmed']","['Najmul Hossain Shanto', 'Shykat Ali', 'Shakib Al Hasan', 'Towhid Hridoy', 'Irfaan Shukkur', 'Dwayne Bravo', 'Salman Hossain Emon', 'Ziaur Rahman', 'Alzarri Joseph', 'Jake Lintott', 'Nayeem Hasan']",Fortune Barishal,Wickets,4.0,Mehidy Hasan Miraz,Sharfuddoula,Tanvir Ahmed,Masudur Rahman,Mozahiduzzaman,Neeyamur Rashid
8,299,2022-01-21T00:00:00.000Z,Dhaka,"Shere Bangla National Stadium, Mirpur",night,2nd Match,Minister Group Dhaka,Khulna Tigers,Khulna Tigers,Bowl,183.0,6.0,20.0,186.0,5.0,19.0,Mahmudullah,,"['Mohammad Shahzad', 'Tamim Iqbal', 'Mohammad Naim', 'Mahmudullah', 'Andre Russell', 'Jahurul Islam', 'Shuvagata Hom', 'Isuru Udana', 'Arafat Sunny', 'Rubel Hossain', 'Ebadot Hossain']","['Tanzid Hasan', 'Andre Fletcher', 'Rony Talukdar', 'Mushfiqur Rahim', 'Yasir Ali', 'Thisara Perera', 'Mahedi Hasan', 'Farhad Reza', 'Sohrawordi Shuvo', 'Naveen-ul-Haq', 'Kamrul Islam']",Khulna Tigers,Wickets,5.0,Rony Talukdar,Masudur Rahman,Morshed Ali Khan,Sharfuddoula,Ali Arman,Akhtar Ahmad
8,300,2022-01-22T00:00:00.000Z,Dhaka,"Shere Bangla National Stadium, Mirpur",day,3rd Match,Sylhet Sunrisers,Comilla Victorians,Comilla Victorians,Bowl,96.0,10.0,19.1,97.0,8.0,18.4,Mosaddek Hossain,Imrul Kayes,"['Anamul Haque', 'Colin Ingram', 'Mohammad Mithun', 'Ravi Bopara', 'Mosaddek Hossain', 'Alok Kapali', 'Sohag Gazi', 'Muktar Ali', 'Kesrick Williams', 'Taskin Ahmed', 'Nazmul Islam']","['Cameron Delport', 'Faf du Plessis', 'Mominul Haque', 'Imrul Kayes', 'Nahidul Islam', 'Ariful Haque', 'Karim Janat', 'Mahidul Islam Ankon', 'Shohidul Islam', 'Tanvir Islam', 'Mustafizur Rahman']",Comilla Victorians,Wickets,2.0,Nahidul Islam,Masudur Rahman,Morshed Ali Khan,Tanvir Ahmed,Ali Arman,Neeyamur Rashid
8,301,2022-01-22T00:00:00.000Z,Dhaka,"Shere Bangla National Stadium, Mirpur",night,4th Match,Chattogram Challengers,Minister Group Dhaka,Minister Group Dhaka,Bowl,161.0,8.0,20.0,131.0,10.0,19.5,Mehidy Hasan Miraz,Mahmudullah,"['Kennar Lewis', 'Will Jacks', 'Afif Hossain', 'Sabbir Rahman', 'Mehidy Hasan Miraz', 'Benny Howell', 'Shamim Hossain', 'Naeem Islam', 'Nasum Ahmed', 'Mukidul Islam', 'Shoriful Islam']","['Tamim Iqbal', 'Mohammad Shahzad', 'Jahurul Islam', 'Mohammad Naim', 'Mahmudullah', 'Andre Russell', 'Shuvagata Hom', 'Isuru Udana', 'Arafat Sunny', 'Ebadot Hossain', 'Rubel Hossain']",Chattogram Challengers,Runs,30.0,Nasum Ahmed,Sharfuddoula,Tanvir Ahmed,Morshed Ali Khan,Mozahiduzzaman,Akhtar Ahmad
8,302,2022-01-24T00:00:00.000Z,Dhaka,"Shere Bangla National Stadium, Mirpur",day,5th Match,Fortune Barishal,Minister Group Dhaka,Minister Group Dhaka,Bowl,129.0,8.0,20.0,130.0,6.0,17.3,Shakib Al Hasan,Mahmudullah,"['Shykat Ali', 'Najmul Hossain Shanto', 'Shakib Al Hasan', 'Towhid Hridoy', 'Chris Gayle', 'Nurul Hasan', 'Dwayne Bravo', 'Ziaur Rahman', 'Alzarri Joseph', 'Taijul Islam', 'Shafiqul Islam']","['Tamim Iqbal', 'Mohammad Shahzad', 'Mohammad Naim', 'Jahurul Islam', 'Mahmudullah', 'Shuvagata Hom', 'Andre Russell', 'Isuru Udana', 'Arafat Sunny', 'Rubel Hossain', 'Hasan Murad']",Minister Group Dhaka,Wickets,4.0,Mahmudullah,Masudur Rahman,Tanvir Ahmed,Sharfuddoula,Ali Arman,Akhtar Ahmad
8,303,2022-01-24T00:00:00.000Z,Dhaka,"Shere Bangla National Stadium, Mirpur",night,6th Match,Chattogram Challengers,Khulna Tigers,Khulna Tigers,Bowl,190.0,7.0,20.0,165.0,9.0,20.0,Mehidy Hasan Miraz,,"['Kennar Lewis', 'Will Jacks', 'Afif Hossain', 'Sabbir Rahman', 'Mehidy Hasan Miraz', 'Benny Howell', 'Shamim Hossain', 'Naeem Islam', 'Nasum Ahmed', 'Rejaur Rahman Raja', 'Shoriful Islam']","['Tanzid Hasan', 'Andre Fletcher', 'Rony Talukdar', 'Mahedi Hasan', 'Mushfiqur Rahim', 'Yasir Ali', 'Sikandar Raza', 'Thisara Perera', 'Farhad Reza', 'Sohrawordi Shuvo', 'Kamrul Islam', 'Naveen-ul-Haq']",Chattogram Challengers,Runs,25.0,Benny Howell,Morshed Ali Khan,Sharfuddoula,Tanvir Ahmed,Mozahiduzzaman,Neeyamur Rashid
8,304,2022-01-25T00:00:00.000Z,Dhaka,"Shere Bangla National Stadium, Mirpur",day,7th Match,Minister Group Dhaka,Sylhet Sunrisers,Sylhet Sunrisers,Bowl,100.0,10.0,18.4,101.0,3.0,17.0,Mahmudullah,Mosaddek Hossain,"['Tamim Iqbal', 'Mohammad Shahzad', 'Mohammad Naim', 'Jahurul Islam', 'Mahmudullah', 'Andre Russell', 'Shuvagata Hom', 'Mashrafe Mortaza', 'Isuru Udana', 'Rubel Hossain', 'Hasan Murad']","['Lendl Simmons', 'Anamul Haque', 'Mohammad Mithun', 'Colin Ingram', 'Ravi Bopara', 'Mosaddek Hossain', 'Nazmul Islam', 'Sohag Gazi', 'Muktar Ali', 'Taskin Ahmed', 'Sunzamul Islam']",Sylhet Sunrisers,Wickets,7.0,Nazmul Islam,Masudur Rahman,Sharfuddoula,Morshed Ali Khan,Mozahiduzzaman,Akhtar Ahmad
8,305,2022-01-25T00:00:00.000Z,Dhaka,"Shere Bangla National Stadium, Mirpur",night,8th Match,Comilla Victorians,Fortune Barishal,Fortune Barishal,Bowl,158.0,7.0,20.0,95.0,10.0,17.3,Imrul Kayes,Shakib Al Hasan,"['Cameron Delport', 'Mahmudul Hasan Joy', 'Faf du Plessis', 'Imrul Kayes', 'Mominul Haque', 'Karim Janat', 'Mahidul Islam Ankon', 'Nahidul Islam', 'Shohidul Islam', 'Tanvir Islam', 'Mustafizur Rahman']","['Shykat Ali', 'Najmul Hossain Shanto', 'Shakib Al Hasan', 'Towhid Hridoy', 'Chris Gayle', 'Nurul Hasan', 'Dwayne Bravo', 'Ziaur Rahman', 'Jake Lintott', 'Nayeem Hasan', 'Taijul Islam']",Comilla Victorians,Runs,63.0,Nahidul Islam,Morshed Ali Khan,Tanvir Ahmed,Masudur Rahman,Ali Arman,Neeyamur Rashid
8,306,2022-01-28T00:00:00.000Z,Chattogram,"Zahur Ahmed Chowdhury Stadium, Chattogram",day,9th Match,Chattogram Challengers,Khulna Tigers,Khulna Tigers,Bowl,143.0,8.0,20.0,144.0,4.0,18.5,Mehidy Hasan Miraz,,"['Kennar Lewis', 'Will Jacks', 'Afif Hossain', 'Sabbir Rahman', 'Mehidy Hasan Miraz', 'Benny Howell', 'Naeem Islam', 'Shamim Hossain', 'Rejaur Rahman Raja', 'Shoriful Islam', 'Nasum Ahmed']","['Andre Fletcher', 'Soumya Sarkar', 'Rony Talukdar', 'Mushfiqur Rahim', 'Seekkuge Prasanna', 'Thisara Perera', 'Yasir Ali', 'Mahedi Hasan', 'Farhad Reza', 'Kamrul Islam', 'Nabil Samad']",Khulna Tigers,Wickets,6.0,Andre Fletcher,Masudur Rahman,Tanvir Ahmed,Sharfuddoula,Mozahiduzzaman,Akhtar Ahmad
8,307,2022-01-28T00:00:00.000Z,Chattogram,"Zahur Ahmed Chowdhury Stadium, Chattogram",night,10th Match,Sylhet Sunrisers,Minister Group Dhaka,Minister Group Dhaka,Bowl,175.0,5.0,20.0,177.0,1.0,17.0,Mosaddek Hossain,Mahmudullah,"['Lendl Simmons', 'Anamul Haque', 'Mohammad Mithun', 'Colin Ingram', 'Ravi Bopara', 'Mosaddek Hossain', 'Alauddin Babu', 'Sohag Gazi', 'Muktar Ali', 'Taskin Ahmed', 'Sunzamul Islam']","['Tamim Iqbal', 'Mohammad Shahzad', 'Imranuzzaman', 'Mohammad Naim', 'Mahmudullah', 'Andre Russell', 'Shuvagata Hom', 'Rubel Hossain', 'Ebadot Hossain', 'Mashrafe Mortaza', 'Qais Ahmad']",Minister Group Dhaka,Wickets,9.0,Tamim Iqbal,Mahfuzur Rahman,Prageeth Rambukwella,Morshed Ali Khan,Muhammad Kamruzzaman,Salim Shahed
8,308,2022-01-29T00:00:00.000Z,Chattogram,"Zahur Ahmed Chowdhury Stadium, Chattogram",day,11th Match,Fortune Barishal,Khulna Tigers,Khulna Tigers,Bowl,141.0,9.0,20.0,124.0,10.0,19.0,Shakib Al Hasan,,"['Jake Lintott', 'Chris Gayle', 'Ziaur Rahman', 'Nurul Hasan', 'Najmul Hossain Shanto', 'Towhid Hridoy', 'Shakib Al Hasan', 'Irfaan Shukkur', 'Mujeeb Ur Rahman', 'Mehedi Hasan Rana', 'Shafiqul Islam']","['Andre Fletcher', 'Soumya Sarkar', 'Rony Talukdar', 'Mahedi Hasan', 'Mushfiqur Rahim', 'Yasir Ali', 'Thisara Perera', 'Seekkuge Prasanna', 'Farhad Reza', 'Sharifullah', 'Kamrul Islam']",Fortune Barishal,Runs,17.0,Mehedi Hasan Rana,Morshed Ali Khan,Prageeth Rambukwella,Masudur Rahman,Muhammad Kamruzzaman,Akhtar Ahmad
8,309,2022-01-29T00:00:00.000Z,Chattogram,"Zahur Ahmed Chowdhury Stadium, Chattogram",night,12th Match,Chattogram Challengers,Sylhet Sunrisers,Sylhet Sunrisers,Bowl,202.0,5.0,20.0,186.0,6.0,20.0,Naeem Islam,Mosaddek Hossain,"['Kennar Lewis', 'Will Jacks', 'Afif Hossain', 'Sabbir Rahman', 'Benny Howell', 'Naeem Islam', 'Mehidy Hasan Miraz', 'Shoriful Islam', 'Rejaur Rahman Raja', 'Nasum Ahmed', 'Mrittunjoy Chowdhury']","['Lendl Simmons', 'Anamul Haque', 'Colin Ingram', 'Alauddin Babu', 'Ravi Bopara', 'Mosaddek Hossain', 'Mohammad Mithun', 'Muktar Ali', 'Sohag Gazi', 'Taskin Ahmed', 'Sunzamul Islam']",Chattogram Challengers,Runs,16.0,Mrittunjoy Chowdhury,Mahfuzur Rahman,Sharfuddoula,Tanvir Ahmed,Mozahiduzzaman,Salim Shahed
8,310,2022-01-31T00:00:00.000Z,Chattogram,"Zahur Ahmed Chowdhury Stadium, Chattogram",day,13th Match,Comilla Victorians,Chattogram Challengers,Chattogram Challengers,Bowl,183.0,3.0,20.0,131.0,10.0,17.3,Imrul Kayes,Naeem Islam,"['Litton Das', 'Mahmudul Hasan Joy', 'Faf du Plessis', 'Imrul Kayes', 'Cameron Delport', 'Karim Janat', 'Ariful Haque', 'Nahidul Islam', 'Shohidul Islam', 'Tanvir Islam', 'Mustafizur Rahman']","['Kennar Lewis', 'Will Jacks', 'Afif Hossain', 'Sabbir Rahman', 'Mehidy Hasan Miraz', 'Naeem Islam', 'Benny Howell', 'Mrittunjoy Chowdhury', 'Rejaur Rahman Raja', 'Nasum Ahmed', 'Shoriful Islam']",Comilla Victorians,Runs,52.0,Faf du Plessis,Morshed Ali Khan,Sharfuddoula,Masudur Rahman,Mozahiduzzaman,Salim Shahed
8,311,2022-01-31T00:00:00.000Z,Chattogram,"Zahur Ahmed Chowdhury Stadium, Chattogram",night,14th Match,Fortune Barishal,Khulna Tigers,Fortune Barishal,Bat,145.0,10.0,18.5,139.0,6.0,20.0,Shakib Al Hasan,,"['Dwayne Bravo', 'Chris Gayle', 'Towhid Hridoy', 'Shakib Al Hasan', 'Najmul Hossain Shanto', 'Nurul Hasan', 'Ziaur Rahman', 'Irfaan Shukkur', 'Mujeeb Ur Rahman', 'Mehedi Hasan Rana', 'Shafiqul Islam']","['Andre Fletcher', 'Soumya Sarkar', 'Rony Talukdar', 'Mushfiqur Rahim', 'Thisara Perera', 'Yasir Ali', 'Seekkuge Prasanna', 'Mahedi Hasan', 'Farhad Reza', 'Kamrul Islam', 'Khaled Ahmed']",Fortune Barishal,Runs,6.0,Shakib Al Hasan,Mahfuzur Rahman,Prageeth Rambukwella,Tanvir Ahmed,Muhammad Kamruzzaman,Akhtar Ahmad
8,312,2022-02-01T00:00:00.000Z,Chattogram,"Zahur Ahmed Chowdhury Stadium, Chattogram",day,15th Match,Minister Group Dhaka,Comilla Victorians,Comilla Victorians,Bowl,181.0,6.0,20.0,131.0,10.0,17.3,Mahmudullah,Imrul Kayes,"['Mohammad Shahzad', 'Tamim Iqbal', 'Imranuzzaman', 'Mahmudullah', 'Shuvagata Hom', 'Andre Russell', 'Mohammad Naim', 'Mashrafe Mortaza', 'Rubel Hossain', 'Ebadot Hossain', 'Qais Ahmad']","['Litton Das', 'Mahmudul Hasan Joy', 'Faf du Plessis', 'Imrul Kayes', 'Cameron Delport', 'Karim Janat', 'Ariful Haque', 'Nahidul Islam', 'Shohidul Islam', 'Tanvir Islam', 'Mustafizur Rahman']",Minister Group Dhaka,Runs,50.0,Mahmudullah,Prageeth Rambukwella,Tanvir Ahmed,Morshed Ali Khan,Muhammad Kamruzzaman,Salim Shahed
8,313,2022-02-01T00:00:00.000Z,Chattogram,"Zahur Ahmed Chowdhury Stadium, Chattogram",night,16th Match,Fortune Barishal,Chattogram Challengers,Fortune Barishal,Bat,149.0,10.0,19.1,135.0,10.0,19.4,Shakib Al Hasan,Naeem Islam,"['Munim Shahriar', 'Chris Gayle', 'Najmul Hossain Shanto', 'Shakib Al Hasan', 'Towhid Hridoy', 'Dwayne Bravo', 'Irfaan Shukkur', 'Nurul Hasan', 'Mujeeb Ur Rahman', 'Mehedi Hasan Rana', 'Shafiqul Islam']","['Will Jacks', 'Afif Hossain', 'Shamim Hossain', 'Chadwick Walton', 'Naeem Islam', 'Benny Howell', 'Akbar Ali', 'Mehidy Hasan Miraz', 'Mrittunjoy Chowdhury', 'Shoriful Islam', 'Nasum Ahmed']",Fortune Barishal,Runs,14.0,Shakib Al Hasan,Mahfuzur Rahman,Masudur Rahman,Morshed Ali Khan,Mozahiduzzaman,Akhtar Ahmad
8,314,2022-02-03T00:00:00.000Z,Dhaka,"Shere Bangla National Stadium, Mirpur",day,17th Match,Sylhet Sunrisers,Khulna Tigers,Khulna Tigers,Bowl,142.0,5.0,20.0,144.0,1.0,14.2,Mosaddek Hossain,,"['Lendl Simmons', 'Anamul Haque', 'Mohammad Mithun', 'Colin Ingram', 'Mosaddek Hossain', 'Muktar Ali', 'Nadif Chowdhury', 'Nazmul Islam', 'Sohag Gazi', 'Jubair Hossain', 'Shiraz Ahmed']","['Andre Fletcher', 'Soumya Sarkar', 'Thisara Perera', 'Yasir Ali', 'Mushfiqur Rahim', 'Mahedi Hasan', 'Seekkuge Prasanna', 'Jaker Ali', 'Kamrul Islam', 'Khaled Ahmed', 'Nabil Samad']",Khulna Tigers,Wickets,9.0,Andre Fletcher,Masudur Rahman,Morshed Ali Khan,Gazi Sohel,Muhammad Kamruzzaman,Showkatur Rahman
8,315,2022-02-03T00:00:00.000Z,Dhaka,"Shere Bangla National Stadium, Mirpur",night,18th Match,Chattogram Challengers,Comilla Victorians,Comilla Victorians,Bowl,138.0,8.0,18.0,148.0,1.0,16.3,Naeem Islam,Imrul Kayes,"['Chadwick Walton', 'Will Jacks', 'Afif Hossain', 'Shamim Hossain', 'Benny Howell', 'Naeem Islam', 'Mehidy Hasan Miraz', 'Akbar Ali', 'Mrittunjoy Chowdhury', 'Shoriful Islam', 'Nasum Ahmed']","['Imrul Kayes', 'Litton Das', 'Faf du Plessis', 'Mahidul Islam Ankon', 'Mahmudul Hasan Joy', 'Moeen Ali', 'Sumon Khan', 'Sunil Narine', 'Nahidul Islam', 'Tanvir Islam', 'Mustafizur Rahman']",Comilla Victorians,Wickets,9.0,Mustafizur Rahman,Mahfuzur Rahman,Prageeth Rambukwella,Tanvir Ahmed,Mozahiduzzaman,Neeyamur Rashid
8,316,2022-02-04T00:00:00.000Z,Dhaka,"Shere Bangla National Stadium, Mirpur",day,19th Match,Sylhet Sunrisers,Fortune Barishal,,Bowl,,,,,,,,Shakib Al Hasan,"['Alok Kapali', 'Ravi Bopara', 'Lendl Simmons', 'Nadif Chowdhury', 'Colin Ingram', 'Devon Thomas', 'Mohammad Mithun', 'Muktar Ali', 'Mizanur Rahman', 'Anamul Haque', 'Sunzamul Islam', 'Sohag Gazi', 'Nazmul Islam', 'Kesrick Williams', 'Al-Amin Hossain', 'Taskin Ahmed', 'Mosaddek Hossain', 'Jubair Hossain', 'Shafiul Hayat Riday', 'Shiraz Ahmed']","['Chris Gayle', 'Dwayne Bravo', 'Ziaur Rahman', 'Fazle Mahmud', 'Shakib Al Hasan', 'Shykat Ali', 'Irfaan Shukkur', 'Taijul Islam', 'Nurul Hasan', 'Jake Lintott', 'Salman Hossain Emon', 'Munim Shahriar', 'Najmul Hossain Shanto', 'Alzarri Joseph', 'Mehedi Hasan Rana', 'Obed McCoy', 'Nayeem Hasan', 'Shafiqul Islam', 'Mujeeb Ur Rahman', 'Towhid Hridoy']",,Match abandoned without a ball bowled,,,Masudur Rahman,Prageeth Rambukwella,Morshed Ali Khan,Muhammad Kamruzzaman,Showkatur Rahman
8,317,2022-02-04T00:00:00.000Z,Dhaka,"Shere Bangla National Stadium, Mirpur",night,20th Match,Comilla Victorians,Minister Group Dhaka,,Bowl,,,,,,,,Mahmudullah,"['Shohidul Islam', 'Moeen Ali', 'Faf du Plessis', 'Sunil Narine', 'Ariful Haque', 'Imrul Kayes', 'Cameron Delport', 'Mustafizur Rahman', 'Mominul Haque', 'Litton Das', 'Abu Hider', 'Nahidul Islam', 'Karim Janat', 'Tanvir Islam', 'Mahidul Islam Ankon', 'Mahmudul Hasan Joy', 'Sumon Khan']","['Mashrafe Mortaza', 'Arafat Sunny', 'Jahurul Islam', 'Mahmudullah', 'Shamsur Rahman', 'Tamim Iqbal', 'Andre Russell', 'Rubel Hossain', 'Isuru Udana', 'Shuvagata Hom', 'Mohammad Shahzad', 'Qais Ahmad', 'Ebadot Hossain', 'Imranuzzaman', 'Mohammad Naim', 'Hasan Murad']",,Match abandoned without a ball bowled,,,Mahfuzur Rahman,Tanvir Ahmed,Gazi Sohel,Mozahiduzzaman,Neeyamur Rashid
8,318,2022-02-07T00:00:00.000Z,Sylhet,Sylhet International Cricket Stadium,day,21st Match,Fortune Barishal,Comilla Victorians,Comilla Victorians,Bowl,155.0,5.0,20.0,123.0,9.0,20.0,Shakib Al Hasan,Imrul Kayes,"['Munim Shahriar', 'Chris Gayle', 'Najmul Hossain Shanto', 'Shakib Al Hasan', 'Towhid Hridoy', 'Dwayne Bravo', 'Nurul Hasan', 'Ziaur Rahman', 'Nayeem Hasan', 'Mujeeb Ur Rahman', 'Mehedi Hasan Rana']","['Litton Das', 'Imrul Kayes', 'Mominul Haque', 'Mahmudul Hasan Joy', 'Moeen Ali', 'Nahidul Islam', 'Sunil Narine', 'Karim Janat', 'Sumon Khan', 'Tanvir Islam', 'Mustafizur Rahman']",Fortune Barishal,Runs,32.0,Shakib Al Hasan,Masudur Rahman,Mozahiduzzaman,Gazi Sohel,Ali Arman,Raqibul Hasan
8,319,2022-02-07T00:00:00.000Z,Sylhet,Sylhet International Cricket Stadium,night,22nd Match,Khulna Tigers,Sylhet Sunrisers,Sylhet Sunrisers,Bowl,182.0,3.0,20.0,167.0,6.0,20.0,,Ravi Bopara,"['Andre Fletcher', 'Soumya Sarkar', 'Mahedi Hasan', 'Yasir Ali', 'Mushfiqur Rahim', 'Thisara Perera', 'Sikandar Raza', 'Jaker Ali', 'Khaled Ahmed', 'Kamrul Islam', 'Nabil Samad']","['Lendl Simmons', 'Anamul Haque', 'Colin Ingram', 'Mohammad Mithun', 'Ravi Bopara', 'Mosaddek Hossain', 'Alok Kapali', 'Alauddin Babu', 'Sohag Gazi', 'Aks Swadhin', 'Nazmul Islam']",Khulna Tigers,Runs,15.0,Soumya Sarkar,Mahfuzur Rahman,Prageeth Rambukwella,Tanvir Ahmed,Muhammad Kamruzzaman,Debabrata Paul
8,320,2022-02-08T00:00:00.000Z,Sylhet,Sylhet International Cricket Stadium,day,23rd Match,Chattogram Challengers,Minister Group Dhaka,Minister Group Dhaka,Bowl,148.0,6.0,20.0,145.0,6.0,20.0,Afif Hossain,Mahmudullah,"['Zakir Hasan', 'Will Jacks', 'Afif Hossain', 'Mehidy Hasan Miraz', 'Shamim Hossain', 'Akbar Ali', 'Benny Howell', 'Mrittunjoy Chowdhury', 'Chadwick Walton', 'Shoriful Islam', 'Nasum Ahmed']","['Tamim Iqbal', 'Mohammad Shahzad', 'Imranuzzaman', 'Mashrafe Mortaza', 'Mahmudullah', 'Shuvagata Hom', 'Qais Ahmad', 'Mohammad Naim', 'Arafat Sunny', 'Ebadot Hossain', 'Fazalhaq Farooqi']",Chattogram Challengers,Runs,3.0,Shamim Hossain,Mahfuzur Rahman,Prageeth Rambukwella,Gazi Sohel,Muhammad Kamruzzaman,Raqibul Hasan
8,321,2022-02-08T00:00:00.000Z,Sylhet,Sylhet International Cricket Stadium,night,24th Match,Fortune Barishal,Sylhet Sunrisers,Sylhet Sunrisers,Bowl,199.0,4.0,20.0,187.0,6.0,20.0,Shakib Al Hasan,Ravi Bopara,"['Munim Shahriar', 'Chris Gayle', 'Nurul Hasan', 'Shakib Al Hasan', 'Towhid Hridoy', 'Dwayne Bravo', 'Najmul Hossain Shanto', 'Ziaur Rahman', 'Mujeeb Ur Rahman', 'Mehedi Hasan Rana', 'Shafiqul Islam']","['Colin Ingram', 'Anamul Haque', 'Mohammad Mithun', 'Ravi Bopara', 'Mosaddek Hossain', 'Mizanur Rahman', 'Alauddin Babu', 'Aks Swadhin', 'Sohag Gazi', 'Nazmul Islam', 'Shiraz Ahmed']",Fortune Barishal,Runs,12.0,Shakib Al Hasan,Mozahiduzzaman,Tanvir Ahmed,Masudur Rahman,Ali Arman,Raqibul Hasan
8,322,2022-02-09T00:00:00.000Z,Sylhet,Sylhet International Cricket Stadium,day,25th Match,Khulna Tigers,Minister Group Dhaka,Khulna Tigers,Bat,129.0,8.0,20.0,131.0,5.0,19.2,,Mahmudullah,"['Andre Fletcher', 'Soumya Sarkar', 'Jaker Ali', 'Yasir Ali', 'Mushfiqur Rahim', 'Mahedi Hasan', 'Sikandar Raza', 'Thisara Perera', 'Ruyel Miah', 'Khaled Ahmed', 'Nabil Samad']","['Tamim Iqbal', 'Imranuzzaman', 'Jahurul Islam', 'Mahmudullah', 'Shamsur Rahman', 'Shuvagata Hom', 'Azmatullah Omarzai', 'Arafat Sunny', 'Rubel Hossain', 'Fazalhaq Farooqi', 'Qais Ahmad']",Minister Group Dhaka,Wickets,5.0,Arafat Sunny,Prageeth Rambukwella,Tanvir Ahmed,Gazi Sohel,Muhammad Kamruzzaman,Debabrata Paul
8,323,2022-02-09T00:00:00.000Z,Sylhet,Sylhet International Cricket Stadium,night,26th Match,Sylhet Sunrisers,Comilla Victorians,Comilla Victorians,Bowl,169.0,5.0,20.0,173.0,6.0,19.5,Ravi Bopara,Imrul Kayes,"['Colin Ingram', 'Anamul Haque', 'Lendl Simmons', 'Ravi Bopara', 'Alauddin Babu', 'Mosaddek Hossain', 'Mohammad Mithun', 'Nazmul Islam', 'Sohag Gazi', 'Muktar Ali', 'Aks Swadhin']","['Litton Das', 'Mahmudul Hasan Joy', 'Faf du Plessis', 'Moeen Ali', 'Imrul Kayes', 'Sunil Narine', 'Ariful Haque', 'Abu Hider', 'Nahidul Islam', 'Tanvir Islam', 'Mustafizur Rahman']",Comilla Victorians,Wickets,4.0,Mahmudul Hasan Joy,Mahfuzur Rahman,Mozahiduzzaman,Masudur Rahman,,Raqibul Hasan
8,324,2022-02-11T00:00:00.000Z,Dhaka,"Shere Bangla National Stadium, Mirpur",day,27th Match,Comilla Victorians,Khulna Tigers,Khulna Tigers,Bowl,188.0,6.0,20.0,123.0,10.0,19.3,Imrul Kayes,,"['Litton Das', 'Mahmudul Hasan Joy', 'Faf du Plessis', 'Imrul Kayes', 'Moeen Ali', 'Sunil Narine', 'Mahidul Islam Ankon', 'Abu Hider', 'Nahidul Islam', 'Tanvir Islam', 'Mustafizur Rahman']","['Andre Fletcher', 'Rony Talukdar', 'Soumya Sarkar', 'Yasir Ali', 'Mushfiqur Rahim', 'Sikandar Raza', 'Mahedi Hasan', 'Thisara Perera', 'Ruyel Miah', 'Khaled Ahmed', 'Nabil Samad']",Comilla Victorians,Runs,65.0,Moeen Ali,Masudur Rahman,Morshed Ali Khan,Gazi Sohel,Ali Arman,Showkatur Rahman
8,325,2022-02-11T00:00:00.000Z,Dhaka,"Shere Bangla National Stadium, Mirpur",night,28th Match,Minister Group Dhaka,Fortune Barishal,Minister Group Dhaka,Bat,128.0,9.0,20.0,129.0,2.0,15.3,Mahmudullah,Shakib Al Hasan,"['Mohammad Naim', 'Tamim Iqbal', 'Jahurul Islam', 'Mahmudullah', 'Shamsur Rahman', 'Shuvagata Hom', 'Azmatullah Omarzai', 'Qais Ahmad', 'Shafiul Islam', 'Rubel Hossain', 'Fazalhaq Farooqi']","['Munim Shahriar', 'Chris Gayle', 'Najmul Hossain Shanto', 'Shakib Al Hasan', 'Towhid Hridoy', 'Dwayne Bravo', 'Ziaur Rahman', 'Nurul Hasan', 'Mujeeb Ur Rahman', 'Mehedi Hasan Rana', 'Shafiqul Islam']",Fortune Barishal,Wickets,8.0,Shakib Al Hasan,Mahfuzur Rahman,Prageeth Rambukwella,Tanvir Ahmed,Muhammad Kamruzzaman,Debabrata Paul
8,326,2022-02-12T00:00:00.000Z,Dhaka,"Shere Bangla National Stadium, Mirpur",day,29th Match,Sylhet Sunrisers,Chattogram Challengers,Chattogram Challengers,Bowl,185.0,6.0,20.0,188.0,6.0,19.1,Ravi Bopara,Afif Hossain,"['Colin Ingram', 'Anamul Haque', 'Mizanur Rahman', 'Lendl Simmons', 'Ravi Bopara', 'Mosaddek Hossain', 'Alauddin Babu', 'Sohag Gazi', 'Shafiul Hayat Riday', 'Jubair Hossain', 'Aks Swadhin']","['Will Jacks', 'Zakir Hasan', 'Afif Hossain', 'Chadwick Walton', 'Benny Howell', 'Shamim Hossain', 'Mehidy Hasan Miraz', 'Akbar Ali', 'Mrittunjoy Chowdhury', 'Shoriful Islam', 'Nasum Ahmed']",Chattogram Challengers,Wickets,4.0,Will Jacks,Masudur Rahman,Prageeth Rambukwella,Morshed Ali Khan,Muhammad Kamruzzaman,Showkatur Rahman
8,327,2022-02-12T00:00:00.000Z,Dhaka,"Shere Bangla National Stadium, Mirpur",night,30th Match,Comilla Victorians,Khulna Tigers,Comilla Victorians,Bat,182.0,5.0,20.0,183.0,1.0,18.4,Faf du Plessis,,"['Mahmudul Hasan Joy', 'Parvez Hossain Emon', 'Mominul Haque', 'Faf du Plessis', 'Moeen Ali', 'Mahidul Islam Ankon', 'Sunil Narine', 'Nahidul Islam', 'Abu Hider', 'Tanvir Islam', 'Shohidul Islam']","['Andre Fletcher', 'Mahedi Hasan', 'Soumya Sarkar', 'Yasir Ali', 'Mushfiqur Rahim', 'Jaker Ali', 'Thisara Perera', 'Farhad Reza', 'Naveen-ul-Haq', 'Khaled Ahmed', 'Nabil Samad']",Khulna Tigers,Wickets,9.0,Andre Fletcher,Mahfuzur Rahman,Tanvir Ahmed,Gazi Sohel,Ali Arman,Debabrata Paul
8,328,2022-02-14T00:00:00.000Z,Dhaka,"Shere Bangla National Stadium, Mirpur",day,Eliminator,Chattogram Challengers,Khulna Tigers,Khulna Tigers,Bowl,189.0,5.0,20.0,182.0,5.0,20.0,Afif Hossain,,"['Kennar Lewis', 'Zakir Hasan', 'Afif Hossain', 'Chadwick Walton', 'Shamim Hossain', 'Mehidy Hasan Miraz', 'Benny Howell', 'Akbar Ali', 'Shoriful Islam', 'Nasum Ahmed', 'Mrittunjoy Chowdhury']","['Andre Fletcher', 'Mahedi Hasan', 'Soumya Sarkar', 'Mushfiqur Rahim', 'Yasir Ali', 'Thisara Perera', 'Farhad Reza', 'Nabil Samad', 'Khaled Ahmed', 'Sikandar Raza', 'Ruyel Miah']",Chattogram Challengers,Runs,7.0,Chadwick Walton,Mahfuzur Rahman,Prageeth Rambukwella,Gazi Sohel,Morshed Ali Khan,Raqibul Hasan
8,329,2022-02-14T00:00:00.000Z,Dhaka,"Shere Bangla National Stadium, Mirpur",night,1st Qualifier,Fortune Barishal,Comilla Victorians,Comilla Victorians,Bowl,143.0,8.0,20.0,133.0,7.0,20.0,Shakib Al Hasan,Imrul Kayes,"['Munim Shahriar', 'Chris Gayle', 'Najmul Hossain Shanto', 'Shakib Al Hasan', 'Ziaur Rahman', 'Towhid Hridoy', 'Dwayne Bravo', 'Nurul Hasan', 'Mujeeb Ur Rahman', 'Mehedi Hasan Rana', 'Shafiqul Islam']","['Litton Das', 'Mahmudul Hasan Joy', 'Imrul Kayes', 'Faf du Plessis', 'Moeen Ali', 'Sunil Narine', 'Mahidul Islam Ankon', 'Nahidul Islam', 'Shohidul Islam', 'Mustafizur Rahman', 'Tanvir Islam']",Fortune Barishal,Runs,10.0,Mehedi Hasan Rana,Masudur Rahman,Tanvir Ahmed,Morshed Ali Khan,Mahfuzur Rahman,Neeyamur Rashid
8,330,2022-02-16T00:00:00.000Z,Dhaka,"Shere Bangla National Stadium, Mirpur",night,2nd Qualifier,Chattogram Challengers,Comilla Victorians,Chattogram Challengers,Bat,148.0,10.0,19.1,149.0,3.0,12.5,Afif Hossain,Imrul Kayes,"['Will Jacks', 'Zakir Hasan', 'Chadwick Walton', 'Afif Hossain', 'Shamim Hossain', 'Mehidy Hasan Miraz', 'Akbar Ali', 'Benny Howell', 'Mrittunjoy Chowdhury', 'Shoriful Islam', 'Nasum Ahmed']","['Litton Das', 'Sunil Narine', 'Imrul Kayes', 'Faf du Plessis', 'Moeen Ali', 'Mahmudul Hasan Joy', 'Ariful Haque', 'Abu Hider', 'Shohidul Islam', 'Tanvir Islam', 'Mustafizur Rahman']",Comilla Victorians,Wickets,7.0,Sunil Narine,Prageeth Rambukwella,Tanvir Ahmed,Gazi Sohel,Mahfuzur Rahman,Raqibul Hasan
8,331,2022-02-18T00:00:00.000Z,Dhaka,"Shere Bangla National Stadium, Mirpur",night,Final,Comilla Victorians,Fortune Barishal,Comilla Victorians,Bat,151.0,9.0,20.0,150.0,8.0,20.0,Imrul Kayes,Shakib Al Hasan,"['Sunil Narine', 'Litton Das', 'Mahmudul Hasan Joy', 'Faf du Plessis', 'Imrul Kayes', 'Moeen Ali', 'Ariful Haque', 'Abu Hider', 'Shohidul Islam', 'Tanvir Islam', 'Mustafizur Rahman']","['Munim Shahriar', 'Chris Gayle', 'Shykat Ali', 'Nurul Hasan', 'Shakib Al Hasan', 'Najmul Hossain Shanto', 'Dwayne Bravo', 'Towhid Hridoy', 'Mujeeb Ur Rahman', 'Mehedi Hasan Rana', 'Shafiqul Islam']",Comilla Victorians,Runs,1.0,Sunil Narine,Masudur Rahman,Prageeth Rambukwella,Gazi Sohel,Tanvir Ahmed,Raqibul Hasan
9,332,2023-01-06T00:00:00.000Z,Dhaka,"Shere Bangla National Stadium, Mirpur",daynight,1st Match,Chattogram Challengers,Sylhet Strikers,Sylhet Strikers,Bowl,89.0,9.0,20.0,90.0,2.0,12.3,Shuvagata Hom,Mashrafe Mortaza,"['Mehedi Maruf', 'Darwish Rasooli', 'Al-Amin', 'Shuvagata Hom', 'Afif Hossain', 'Usman Khan', 'Unmukt Chand', 'Mrittunjoy Chowdhury', 'Nihaduzzaman', 'Malinda Pushpakumara', 'Mehedi Hasan Rana']","['Najmul Hossain Shanto', 'Colin Ackermann', 'Zakir Hasan', 'Mushfiqur Rahim', 'Towhid Hridoy', 'Akbar Ali', 'Thisara Perera', 'Imad Wasim', 'Mashrafe Mortaza', 'Mohammad Amir', 'Rejaur Rahman Raja']",Sylhet Strikers,Wickets,8.0,Rejaur Rahman Raja,Gazi Sohel,Mahfuzur Rahman,Raveendra Wimalasiri,Ali Arman,Raqibul Hasan
9,333,2023-01-06T00:00:00.000Z,Dhaka,"Shere Bangla National Stadium, Mirpur",night,2nd Match,Rangpur Riders,Comilla Victorians,Comilla Victorians,Bowl,176.0,5.0,20.0,142.0,10.0,19.1,,Imrul Kayes,"['Mohammad Naim', 'Rony Talukdar', 'Shoaib Malik', 'Sikandar Raza', 'Nurul Hasan', 'Benny Howell', 'Mahedi Hasan', 'Hasan Mahmud', 'Robiul Haque', 'Rakibul Hasan', 'Azmatullah Omarzai']","['Shykat Ali', 'Litton Das', 'Dawid Malan', 'Imrul Kayes', 'Mosaddek Hossain', 'Mohammad Nabi', 'Jaker Ali', 'Khushdil Shah', 'Mustafizur Rahman', 'Ashiqur Zaman', 'Fazalhaq Farooqi']",Rangpur Riders,Runs,34.0,Rony Talukdar,Morshed Ali Khan,Tanvir Ahmed,David Millns,Muhammad Kamruzzaman,Akhtar Ahmad
9,334,2023-01-07T00:00:00.000Z,Dhaka,"Shere Bangla National Stadium, Mirpur",daynight,3rd Match,Khulna Tigers,Dhaka Dominators,Dhaka Dominators,Bowl,113.0,8.0,20.0,117.0,4.0,19.1,Yasir Ali,Nasir Hossain,"['Tamim Iqbal', 'Sharjeel Khan', 'Munim Shahriar', 'Azam Khan', 'Yasir Ali', 'Mohammad Saifuddin', 'Sabbir Rahman', 'Nahidul Islam', 'Wahab Riaz', 'Paul van Meekeren', 'Nasum Ahmed']","['Dilshan Munaweera', 'Ahmed Shehzad', 'Soumya Sarkar', 'Mohammad Mithun', 'Nasir Hossain', 'Usman Ghani', 'Ariful Haque', 'Muktar Ali', 'Arafat Sunny', 'Taskin Ahmed', 'Al-Amin Hossain']",Dhaka Dominators,Wickets,6.0,Nasir Hossain,Gazi Sohel,Morshed Ali Khan,David Millns,Muhammad Kamruzzaman,Raqibul Hasan
9,335,2023-01-07T00:00:00.000Z,Dhaka,"Shere Bangla National Stadium, Mirpur",night,4th Match,Fortune Barishal,Sylhet Strikers,Fortune Barishal,Bat,194.0,7.0,20.0,196.0,4.0,19.0,Mehidy Hasan Miraz,Mashrafe Mortaza,"['Chaturanga de Silva', 'Anamul Haque', 'Iftikhar Ahmed', 'Shakib Al Hasan', 'Mahmudullah', 'Haider Ali', 'Karim Janat', 'Mehidy Hasan Miraz', 'Kamrul Islam', 'Ebadot Hossain', 'Khaled Ahmed']","['Colin Ackermann', 'Najmul Hossain Shanto', 'Towhid Hridoy', 'Zakir Hasan', 'Mushfiqur Rahim', 'Thisara Perera', 'Mashrafe Mortaza', 'Akbar Ali', 'Imad Wasim', 'Mohammad Amir', 'Rejaur Rahman Raja']",Sylhet Strikers,Wickets,6.0,Towhid Hridoy,Mahfuzur Rahman,Tanvir Ahmed,Raveendra Wimalasiri,Ali Arman,Akhtar Ahmad
9,336,2023-01-09T00:00:00.000Z,Dhaka,"Shere Bangla National Stadium, Mirpur",daynight,5th Match,Comilla Victorians,Sylhet Strikers,Sylhet Strikers,Bowl,149.0,6.0,20.0,150.0,5.0,17.4,Imrul Kayes,Mashrafe Mortaza,"['Litton Das', 'Dawid Malan', 'Shykat Ali', 'Imrul Kayes', 'Jaker Ali', 'Mosaddek Hossain', 'Mohammad Nabi', 'Abu Hider', 'Mustafizur Rahman', 'Khushdil Shah', 'Fazalhaq Farooqi']","['Najmul Hossain Shanto', 'Mohammad Haris', 'Towhid Hridoy', 'Zakir Hasan', 'Mushfiqur Rahim', 'Thisara Perera', 'Akbar Ali', 'Mashrafe Mortaza', 'Imad Wasim', 'Mohammad Amir', 'Rejaur Rahman Raja']",Sylhet Strikers,Wickets,5.0,Towhid Hridoy,David Millns,Masudur Rahman,Gazi Sohel,Muhammad Kamruzzaman,Akhtar Ahmad
9,337,2023-01-09T00:00:00.000Z,Dhaka,"Shere Bangla National Stadium, Mirpur",night,6th Match,Khulna Tigers,Chattogram Challengers,Chattogram Challengers,Bowl,178.0,5.0,20.0,179.0,1.0,19.2,Yasir Ali,Shuvagata Hom,"['Tamim Iqbal', 'Sharjeel Khan', 'Habibur Rahman Sohan', 'Azam Khan', 'Yasir Ali', 'Sabbir Rahman', 'Wahab Riaz', 'Mohammad Saifuddin', 'Nahidul Islam', 'Nasum Ahmed', 'Paul van Meekeren']","['Usman Khan', ""Max O'Dowd"", 'Afif Hossain', 'Shuvagata Hom', 'Irfaan Shukkur', 'Unmukt Chand', 'Vijayakanth Viyaskanth', 'Mrittunjoy Chowdhury', 'Abu Jayed', 'Mehedi Hasan Rana', 'Ziaur Rahman']",Chattogram Challengers,Wickets,9.0,Usman Khan,Raveendra Wimalasiri,Tanvir Ahmed,Morshed Ali Khan,Mozahiduzzaman,Raqibul Hasan
9,338,2023-01-10T00:00:00.000Z,Dhaka,"Shere Bangla National Stadium, Mirpur",daynight,7th Match,Rangpur Riders,Fortune Barishal,Fortune Barishal,Bowl,158.0,7.0,20.0,162.0,4.0,19.2,,Shakib Al Hasan,"['Mohammad Naim', 'Rony Talukdar', 'Mahedi Hasan', 'Sikandar Raza', 'Shoaib Malik', 'Nurul Hasan', 'Benny Howell', 'Azmatullah Omarzai', 'Robiul Haque', 'Hasan Mahmud', 'Rakibul Hasan']","['Chaturanga de Silva', 'Anamul Haque', 'Ibrahim Zadran', 'Mehidy Hasan Miraz', 'Iftikhar Ahmed', 'Karim Janat', 'Shakib Al Hasan', 'Mahmudullah', 'Ebadot Hossain', 'Khaled Ahmed', 'Kamrul Islam']",Fortune Barishal,Wickets,6.0,Mehidy Hasan Miraz,Gazi Sohel,Raveendra Wimalasiri,Morshed Ali Khan,Mozahiduzzaman,Akhtar Ahmad
9,339,2023-01-10T00:00:00.000Z,Dhaka,"Shere Bangla National Stadium, Mirpur",night,8th Match,Sylhet Strikers,Dhaka Dominators,Dhaka Dominators,Bowl,201.0,8.0,20.0,139.0,9.0,19.3,Mashrafe Mortaza,Nasir Hossain,"['Mohammad Haris', 'Najmul Hossain Shanto', 'Towhid Hridoy', 'Zakir Hasan', 'Mushfiqur Rahim', 'Thisara Perera', 'Imad Wasim', 'Akbar Ali', 'Mashrafe Mortaza', 'Rejaur Rahman Raja', 'Mohammad Amir']","['Dilshan Munaweera', 'Ahmed Shehzad', 'Soumya Sarkar', 'Mohammad Mithun', 'Nasir Hossain', 'Usman Ghani', 'Ariful Haque', 'Taskin Ahmed', 'Arafat Sunny', 'Al-Amin Hossain', 'Muktar Ali']",Sylhet Strikers,Runs,62.0,Towhid Hridoy,David Millns,Masudur Rahman,Tanvir Ahmed,Muhammad Kamruzzaman,Raqibul Hasan
9,340,2023-01-13T00:00:00.000Z,Chattogram,"Zahur Ahmed Chowdhury Stadium, Chattogram",daynight,9th Match,Fortune Barishal,Chattogram Challengers,Chattogram Challengers,Bowl,202.0,7.0,20.0,176.0,4.0,20.0,Shakib Al Hasan,Shuvagata Hom,"['Anamul Haque', 'Mehidy Hasan Miraz', 'Shakib Al Hasan', 'Ibrahim Zadran', 'Mahmudullah', 'Iftikhar Ahmed', 'Karim Janat', 'Chaturanga de Silva', 'Kamrul Islam', 'Khaled Ahmed', 'Sunzamul Islam']","['Usman Khan', ""Max O'Dowd"", 'Unmukt Chand', 'Afif Hossain', 'Ziaur Rahman', 'Shuvagata Hom', 'Irfaan Shukkur', 'Vijayakanth Viyaskanth', 'Mrittunjoy Chowdhury', 'Abu Jayed', 'Taijul Islam']",Fortune Barishal,Runs,26.0,Iftikhar Ahmed,Ali Arman,Raveendra Wimalasiri,David Millns,Moniruzzaman,Showkatur Rahman
9,341,2023-01-13T00:00:00.000Z,Chattogram,"Zahur Ahmed Chowdhury Stadium, Chattogram",night,10th Match,Khulna Tigers,Rangpur Riders,Rangpur Riders,Bowl,130.0,10.0,19.4,131.0,6.0,19.3,Yasir Ali,,"['Habibur Rahman Sohan', 'Tamim Iqbal', 'Sharjeel Khan', 'Azam Khan', 'Yasir Ali', 'Sabbir Rahman', 'Amad Butt', 'Mohammad Saifuddin', 'Nahidul Islam', 'Wahab Riaz', 'Nasum Ahmed']","['Rony Talukdar', 'Saim Ayub', 'Mahedi Hasan', 'Mohammad Naim', 'Shoaib Malik', 'Nurul Hasan', 'Shamim Hossain', 'Azmatullah Omarzai', 'Hasan Mahmud', 'Robiul Haque', 'Rakibul Hasan']",Rangpur Riders,Wickets,4.0,Robiul Haque,Prageeth Rambukwella,Tanvir Ahmed,Morshed Ali Khan,Mozahiduzzaman,Debabrata Paul
9,342,2023-01-14T00:00:00.000Z,Chattogram,"Zahur Ahmed Chowdhury Stadium, Chattogram",daynight,11th Match,Fortune Barishal,Comilla Victorians,Comilla Victorians,Bowl,177.0,6.0,20.0,165.0,7.0,20.0,Shakib Al Hasan,Imrul Kayes,"['Mehidy Hasan Miraz', 'Anamul Haque', 'Chaturanga de Silva', 'Shakib Al Hasan', 'Ibrahim Zadran', 'Iftikhar Ahmed', 'Mahmudullah', 'Karim Janat', 'Kamrul Islam', 'Qazi Onik', 'Sunzamul Islam']","['Litton Das', 'Mohammad Rizwan', 'Imrul Kayes', 'Chadwick Walton', 'Khushdil Shah', 'Jaker Ali', 'Mosaddek Hossain', 'Hasan Ali', 'Nayeem Hasan', 'Mustafizur Rahman', 'Tanvir Islam']",Fortune Barishal,Runs,12.0,Shakib Al Hasan,David Millns,Morshed Ali Khan,Tanvir Ahmed,Mozahiduzzaman,Debabrata Paul
9,343,2023-01-14T00:00:00.000Z,Chattogram,"Zahur Ahmed Chowdhury Stadium, Chattogram",night,12th Match,Dhaka Dominators,Chattogram Challengers,Dhaka Dominators,Bat,158.0,6.0,20.0,159.0,2.0,17.4,Nasir Hossain,Shuvagata Hom,"['Mizanur Rahman', 'Usman Ghani', 'Soumya Sarkar', 'Mohammad Mithun', 'Nasir Hossain', 'Ariful Haque', 'Mohammad Imran', 'Amir Hamza', 'Arafat Sunny', 'Taskin Ahmed', 'Al-Amin Hossain']","['Usman Khan', 'Al-Amin', 'Afif Hossain', 'Darwish Rasooli', 'Shuvagata Hom', ""Max O'Dowd"", 'Mrittunjoy Chowdhury', 'Nihaduzzaman', 'Mehedi Hasan Rana', 'Malinda Pushpakumara', 'Zia-ur-Rehman']",Chattogram Challengers,Wickets,8.0,Afif Hossain,Ali Arman,Prageeth Rambukwella,Raveendra Wimalasiri,Moniruzzaman,Showkatur Rahman
9,344,2023-01-16T00:00:00.000Z,Chattogram,"Zahur Ahmed Chowdhury Stadium, Chattogram",daynight,13th Match,Dhaka Dominators,Sylhet Strikers,Dhaka Dominators,Bat,128.0,7.0,20.0,134.0,5.0,19.2,Nasir Hossain,Mashrafe Mortaza,"['Usman Ghani', 'Soumya Sarkar', 'Dilshan Munaweera', 'Robin Das', 'Mohammad Mithun', 'Nasir Hossain', 'Ariful Haque', 'Taskin Ahmed', 'Arafat Sunny', 'Al-Amin Hossain', 'Salman Irshad']","['Mohammad Haris', 'Najmul Hossain Shanto', 'Zakir Hasan', 'Mushfiqur Rahim', 'Imad Wasim', 'Thisara Perera', 'Akbar Ali', 'Mashrafe Mortaza', 'Mohammad Amir', 'Nazmul Islam', 'Rubel Hossain']",Sylhet Strikers,Wickets,5.0,Imad Wasim,David Millns,Morshed Ali Khan,Tanvir Ahmed,Moniruzzaman,Showkatur Rahman
9,345,2023-01-16T00:00:00.000Z,Chattogram,"Zahur Ahmed Chowdhury Stadium, Chattogram",night,14th Match,Chattogram Challengers,Comilla Victorians,Chattogram Challengers,Bat,135.0,8.0,20.0,137.0,4.0,17.3,Shuvagata Hom,Imrul Kayes,"['Usman Khan', ""Max O'Dowd"", 'Afif Hossain', 'Irfaan Shukkur', 'Darwish Rasooli', 'Ziaur Rahman', 'Shuvagata Hom', 'Mrittunjoy Chowdhury', 'Mehedi Hasan Rana', 'Nihaduzzaman', 'Malinda Pushpakumara']","['Litton Das', 'Mohammad Rizwan', 'Imrul Kayes', 'Johnson Charles', 'Jaker Ali', 'Khushdil Shah', 'Mosaddek Hossain', 'Abu Hider', 'Tanvir Islam', 'Mukidul Islam', 'Hasan Ali']",Comilla Victorians,Wickets,6.0,Litton Das,Ali Arman,Raveendra Wimalasiri,Prageeth Rambukwella,Mozahiduzzaman,Raqibul Hasan
9,346,2023-01-17T00:00:00.000Z,Chattogram,"Zahur Ahmed Chowdhury Stadium, Chattogram",daynight,15th Match,Rangpur Riders,Khulna Tigers,Khulna Tigers,Bowl,129.0,10.0,20.0,130.0,1.0,18.2,Shoaib Malik,Yasir Ali,"['Rony Talukdar', 'Parvez Hossain Emon', 'Mohammad Naim', 'Mahedi Hasan', 'Shoaib Malik', 'Shamim Hossain', 'Mohammad Nawaz', 'Azmatullah Omarzai', 'Rakibul Hasan', 'Haris Rauf', 'Hasan Mahmud']","['Tamim Iqbal', 'Munim Shahriar', 'Mahmudul Hasan Joy', 'Azam Khan', 'Yasir Ali', 'Amad Butt', 'Mohammad Saifuddin', 'Nahidul Islam', 'Paul van Meekeren', 'Wahab Riaz', 'Nasum Ahmed']",Khulna Tigers,Wickets,9.0,Wahab Riaz,Ali Arman,David Millns,Raveendra Wimalasiri,Mozahiduzzaman,Raqibul Hasan
9,347,2023-01-17T00:00:00.000Z,Chattogram,"Zahur Ahmed Chowdhury Stadium, Chattogram",night,16th Match,Sylhet Strikers,Comilla Victorians,Comilla Victorians,Bowl,133.0,7.0,20.0,134.0,5.0,19.0,Mashrafe Mortaza,Imrul Kayes,"['Mohammad Haris', 'Najmul Hossain Shanto', 'Akbar Ali', 'Zakir Hasan', 'Mushfiqur Rahim', 'Sharifullah', 'Mashrafe Mortaza', 'Imad Wasim', 'Thisara Perera', 'Mohammad Amir', 'Rubel Hossain']","['Litton Das', 'Mohammad Rizwan', 'Imrul Kayes', 'Johnson Charles', 'Khushdil Shah', 'Jaker Ali', 'Mosaddek Hossain', 'Abu Hider', 'Tanvir Islam', 'Hasan Ali', 'Mukidul Islam']",Comilla Victorians,Wickets,5.0,Litton Das,Prageeth Rambukwella,Tanvir Ahmed,Moniruzzaman,Mozahiduzzaman,Showkatur Rahman
9,348,2023-01-19T00:00:00.000Z,Chattogram,"Zahur Ahmed Chowdhury Stadium, Chattogram",daynight,17th Match,Comilla Victorians,Dhaka Dominators,Dhaka Dominators,Bowl,184.0,4.0,20.0,151.0,4.0,20.0,Imrul Kayes,Nasir Hossain,"['Litton Das', 'Mohammad Rizwan', 'Imrul Kayes', 'Johnson Charles', 'Khushdil Shah', 'Jaker Ali', 'Mosaddek Hossain', 'Abu Hider', 'Tanvir Islam', 'Mukidul Islam', 'Hasan Ali']","['Ahmed Shehzad', 'Soumya Sarkar', 'Robin Das', 'Mohammad Mithun', 'Nasir Hossain', 'Ariful Haque', 'Jubair Hossain', 'Amir Hamza', 'Taskin Ahmed', 'Muktar Ali', 'Mohammad Imran']",Comilla Victorians,Runs,33.0,Khushdil Shah,Mahfuzur Rahman,Raveendra Wimalasiri,Gazi Sohel,Muhammad Kamruzzaman,Akhtar Ahmad
9,349,2023-01-19T00:00:00.000Z,Chattogram,"Zahur Ahmed Chowdhury Stadium, Chattogram",night,18th Match,Fortune Barishal,Rangpur Riders,Rangpur Riders,Bowl,238.0,4.0,20.0,171.0,9.0,20.0,Shakib Al Hasan,Shoaib Malik,"['Anamul Haque', 'Mehidy Hasan Miraz', 'Ibrahim Zadran', 'Shakib Al Hasan', 'Mahmudullah', 'Iftikhar Ahmed', 'Ebadot Hossain', 'Kamrul Islam', 'Fazle Mahmud', 'Karim Janat', 'Mohammad Wasim']","['Saim Ayub', 'Rony Talukdar', 'Parvez Hossain Emon', 'Shoaib Malik', 'Mohammad Naim', 'Mahedi Hasan', 'Mohammad Nawaz', 'Shamim Hossain', 'Robiul Haque', 'Haris Rauf', 'Hasan Mahmud']",Fortune Barishal,Runs,67.0,Iftikhar Ahmed,Masudur Rahman,Prageeth Rambukwella,David Millns,Muhammad Kamruzzaman,Showkatur Rahman
9,350,2023-01-20T00:00:00.000Z,Chattogram,"Zahur Ahmed Chowdhury Stadium, Chattogram",daynight,19th Match,Chattogram Challengers,Khulna Tigers,Khulna Tigers,Bowl,157.0,9.0,20.0,159.0,3.0,19.2,Shuvagata Hom,Yasir Ali,"['Usman Khan', ""Max O'Dowd"", 'Afif Hossain', 'Darwish Rasooli', 'Khawaja Nafay', 'Ziaur Rahman', 'Shuvagata Hom', 'Farhad Reza', 'Mehedi Hasan Rana', 'Nihaduzzaman', 'Taijul Islam']","['Munim Shahriar', 'Tamim Iqbal', 'Mahmudul Hasan Joy', 'Azam Khan', 'Yasir Ali', 'Amad Butt', 'Mohammad Saifuddin', 'Nahidul Islam', 'Wahab Riaz', 'Nasum Ahmed', 'Paul van Meekeren']",Khulna Tigers,Wickets,7.0,Mahmudul Hasan Joy,Mahfuzur Rahman,Raveendra Wimalasiri,Gazi Sohel,Muhammad Kamruzzaman,Showkatur Rahman
9,351,2023-01-20T00:00:00.000Z,Chattogram,"Zahur Ahmed Chowdhury Stadium, Chattogram",night,20th Match,Fortune Barishal,Dhaka Dominators,Dhaka Dominators,Bowl,173.0,5.0,20.0,160.0,4.0,20.0,Shakib Al Hasan,Nasir Hossain,"['Saif Hassan', 'Anamul Haque', 'Mehidy Hasan Miraz', 'Chaturanga de Silva', 'Shakib Al Hasan', 'Iftikhar Ahmed', 'Mahmudullah', 'Kamrul Islam', 'Fazle Mahmud', 'Karim Janat', 'Mohammad Wasim']","['Usman Ghani', 'Soumya Sarkar', 'Mohammad Mithun', 'Mohammad Imran', 'Nasir Hossain', 'Ariful Haque', 'Jubair Hossain', 'Arafat Sunny', 'Taskin Ahmed', 'Muktar Ali', 'Salman Irshad']",Fortune Barishal,Runs,13.0,Iftikhar Ahmed,David Millns,Masudur Rahman,Prageeth Rambukwella,Mahfuzur Rahman,
9,352,2023-01-23T00:00:00.000Z,Dhaka,"Shere Bangla National Stadium, Mirpur",daynight,21st Match,Rangpur Riders,Chattogram Challengers,Chattogram Challengers,Bowl,179.0,6.0,20.0,124.0,9.0,16.3,,Shuvagata Hom,"['Mahedi Hasan', 'Mohammad Naim', 'Parvez Hossain Emon', 'Shoaib Malik', 'Azmatullah Omarzai', 'Mohammad Nawaz', 'Shamim Hossain', 'Rakibul Hasan', 'Nurul Hasan', 'Hasan Mahmud', 'Haris Rauf']","['Usman Khan', 'Khawaja Nafay', 'Tawfique Khan', 'Darwish Rasooli', 'Shuvagata Hom', 'Ziaur Rahman', 'Vijayakanth Viyaskanth', 'Mrittunjoy Chowdhury', 'Mehedi Hasan Rana', 'Taijul Islam', 'Afif Hossain']",Rangpur Riders,Runs,55.0,Shoaib Malik,Muhammad Kamruzzaman,Prageeth Rambukwella,David Millns,Ali Arman,Salim Shahed
9,353,2023-01-23T00:00:00.000Z,Dhaka,"Shere Bangla National Stadium, Mirpur",night,22nd Match,Comilla Victorians,Dhaka Dominators,Dhaka Dominators,Bowl,164.0,6.0,20.0,104.0,9.0,20.0,Imrul Kayes,Nasir Hossain,"['Mohammad Rizwan', 'Litton Das', 'Imrul Kayes', 'Johnson Charles', 'Mosaddek Hossain', 'Khushdil Shah', 'Jaker Ali', 'Abu Hider', 'Tanvir Islam', 'Mukidul Islam', 'Naseem Shah']","['Mizanur Rahman', 'Soumya Sarkar', 'Usman Ghani', 'Mohammad Mithun', 'Nasir Hossain', 'Ariful Haque', 'Muktar Ali', 'Amir Hamza', 'Taskin Ahmed', 'Al-Amin Hossain', 'Arafat Sunny']",Comilla Victorians,Runs,60.0,Khushdil Shah,Masudur Rahman,Raveendra Wimalasiri,Tanvir Ahmed,Mozahiduzzaman,Debabrata Paul
9,354,2023-01-24T00:00:00.000Z,Dhaka,"Shere Bangla National Stadium, Mirpur",daynight,23rd Match,Sylhet Strikers,Fortune Barishal,Fortune Barishal,Bowl,173.0,5.0,20.0,171.0,8.0,20.0,Mashrafe Mortaza,Shakib Al Hasan,"['Najmul Hossain Shanto', 'Zakir Hasan', 'Towhid Hridoy', 'Mushfiqur Rahim', 'Tom Moores', 'Thisara Perera', 'Imad Wasim', 'Tanzim Hasan Sakib', 'Mashrafe Mortaza', 'Mohammad Amir', 'Rejaur Rahman Raja']","['Saif Hassan', 'Ibrahim Zadran', 'Anamul Haque', 'Shakib Al Hasan', 'Iftikhar Ahmed', 'Karim Janat', 'Mahmudullah', 'Mehidy Hasan Miraz', 'Mohammad Wasim', 'Kamrul Islam', 'Khaled Ahmed']",Sylhet Strikers,Runs,2.0,Najmul Hossain Shanto,David Millns,Masudur Rahman,Tanvir Ahmed,Ali Arman,Debabrata Paul
9,355,2023-01-24T00:00:00.000Z,Dhaka,"Shere Bangla National Stadium, Mirpur",night,24th Match,Dhaka Dominators,Khulna Tigers,Khulna Tigers,Bowl,108.0,10.0,19.4,84.0,10.0,15.3,Nasir Hossain,Yasir Ali,"['Soumya Sarkar', 'Mizanur Rahman', 'Usman Ghani', 'Mohammad Mithun', 'Alex Blake', 'Nasir Hossain', 'Ariful Haque', 'Taskin Ahmed', 'Amir Hamza', 'Al-Amin Hossain', 'Salman Irshad']","['Tamim Iqbal', 'Shai Hope', 'Mahmudul Hasan Joy', 'Azam Khan', 'Yasir Ali', 'Mohammad Saifuddin', 'Amad Butt', 'Nahidul Islam', 'Nasum Ahmed', 'Wahab Riaz', 'Nahid Rana']",Dhaka Dominators,Runs,24.0,Taskin Ahmed,Muhammad Kamruzzaman,Raveendra Wimalasiri,Prageeth Rambukwella,Mozahiduzzaman,Salim Shahed
9,356,2023-01-27T00:00:00.000Z,Sylhet,Sylhet International Cricket Stadium,daynight,25th Match,Sylhet Strikers,Rangpur Riders,Rangpur Riders,Bowl,92.0,9.0,20.0,93.0,4.0,15.4,Mashrafe Mortaza,,"['Najmul Hossain Shanto', 'Tom Moores', 'Towhid Hridoy', 'Zakir Hasan', 'Mushfiqur Rahim', 'Imad Wasim', 'Thisara Perera', 'Tanzim Hasan Sakib', 'Mashrafe Mortaza', 'Mohammad Amir', 'Rejaur Rahman Raja']","['Mohammad Naim', 'Rony Talukdar', 'Mahedi Hasan', 'Shoaib Malik', 'Azmatullah Omarzai', 'Mohammad Nawaz', 'Shamim Hossain', 'Robiul Haque', 'Nurul Hasan', 'Haris Rauf', 'Hasan Mahmud']",Rangpur Riders,Wickets,6.0,Azmatullah Omarzai,Gazi Sohel,Prageeth Rambukwella,Tanvir Ahmed,Ali Arman,Debabrata Paul
9,357,2023-01-27T00:00:00.000Z,Sylhet,Sylhet International Cricket Stadium,night,26th Match,Chattogram Challengers,Fortune Barishal,Fortune Barishal,Bowl,168.0,6.0,20.0,171.0,7.0,19.2,Shuvagata Hom,Shakib Al Hasan,"['Mehedi Maruf', ""Max O'Dowd"", 'Unmukt Chand', 'Afif Hossain', 'Shuvagata Hom', 'Curtis Campher', 'Irfaan Shukkur', 'Vijayakanth Viyaskanth', 'Mrittunjoy Chowdhury', 'Nihaduzzaman', 'Mehedi Hasan Rana']","['Anamul Haque', 'Saif Hassan', 'Shakib Al Hasan', 'Mahmudullah', 'Chaturanga de Silva', 'Iftikhar Ahmed', 'Salman Hossain Emon', 'Karim Janat', 'Mohammad Wasim', 'Kamrul Islam', 'Khaled Ahmed']",Fortune Barishal,Wickets,3.0,Anamul Haque,David Millns,Mahfuzur Rahman,Raveendra Wimalasiri,Mozahiduzzaman,Salim Shahed
9,358,2023-01-28T00:00:00.000Z,Sylhet,Sylhet International Cricket Stadium,daynight,27th Match,Comilla Victorians,Khulna Tigers,Khulna Tigers,Bowl,165.0,2.0,20.0,161.0,6.0,20.0,Imrul Kayes,Yasir Ali,"['Litton Das', 'Mohammad Rizwan', 'Johnson Charles', 'Khushdil Shah', 'Imrul Kayes', 'Mosaddek Hossain', 'Jaker Ali', 'Tanvir Islam', 'Mukidul Islam', 'Naseem Shah', 'Mustafizur Rahman']","['Tamim Iqbal', 'Andy Balbirnie', 'Shai Hope', 'Mahmudul Hasan Joy', 'Azam Khan', 'Mohammad Saifuddin', 'Yasir Ali', 'Wahab Riaz', 'Nahidul Islam', 'Nasum Ahmed', 'Nahid Rana']",Comilla Victorians,Runs,4.0,Mohammad Rizwan,Mahfuzur Rahman,Raveendra Wimalasiri,Gazi Sohel,Mozahiduzzaman,Salim Shahed
9,359,2023-01-28T00:00:00.000Z,Sylhet,Sylhet International Cricket Stadium,night,28th Match,Chattogram Challengers,Sylhet Strikers,Chattogram Challengers,Bat,174.0,6.0,20.0,177.0,3.0,18.0,Shuvagata Hom,Mashrafe Mortaza,"['Usman Khan', 'Mehedi Maruf', 'Afif Hossain', ""Max O'Dowd"", 'Shuvagata Hom', 'Curtis Campher', 'Irfaan Shukkur', 'Mrittunjoy Chowdhury', 'Vijayakanth Viyaskanth', 'Nihaduzzaman', 'Mehedi Hasan Rana']","['Najmul Hossain Shanto', 'Towhid Hridoy', 'Mushfiqur Rahim', 'Ryan Burl', 'Zakir Hasan', 'Mashrafe Mortaza', 'Akbar Ali', 'Thisara Perera', 'Imad Wasim', 'Mohammad Amir', 'Tanzim Hasan Sakib']",Sylhet Strikers,Wickets,7.0,Najmul Hossain Shanto,David Millns,Tanvir Ahmed,Prageeth Rambukwella,Ali Arman,Debabrata Paul
9,360,2023-01-30T00:00:00.000Z,Sylhet,Sylhet International Cricket Stadium,daynight,29th Match,Dhaka Dominators,Rangpur Riders,Rangpur Riders,Bowl,144.0,5.0,20.0,146.0,5.0,19.0,Nasir Hossain,,"['Mizanur Rahman', 'Soumya Sarkar', 'Usman Ghani', 'Alex Blake', 'Mohammad Mithun', 'Nasir Hossain', 'Ariful Haque', 'Salman Irshad', 'Taskin Ahmed', 'Amir Hamza', 'Al-Amin Hossain']","['Mohammad Naim', 'Rony Talukdar', 'Mahedi Hasan', 'Shoaib Malik', 'Nurul Hasan', 'Mohammad Nawaz', 'Azmatullah Omarzai', 'Shamim Hossain', 'Rakibul Hasan', 'Haris Rauf', 'Hasan Mahmud']",Rangpur Riders,Wickets,5.0,Mahedi Hasan,Ali Arman,Prageeth Rambukwella,David Millns,Mozahiduzzaman,Salim Shahed
9,361,2023-01-30T00:00:00.000Z,Sylhet,Sylhet International Cricket Stadium,night,30th Match,Sylhet Strikers,Khulna Tigers,Khulna Tigers,Bowl,192.0,4.0,20.0,161.0,9.0,20.0,Mashrafe Mortaza,Yasir Ali,"['Towhid Hridoy', 'Najmul Hossain Shanto', 'Zakir Hasan', 'Ryan Burl', 'Mushfiqur Rahim', 'Thisara Perera', 'Mashrafe Mortaza', 'Imad Wasim', 'Mohammad Amir', 'Rubel Hossain', 'Rejaur Rahman Raja']","['Tamim Iqbal', 'Andy Balbirnie', 'Shai Hope', 'Mahmudul Hasan Joy', 'Azam Khan', 'Yasir Ali', 'Mark Deyal', 'Mohammad Saifuddin', 'Nahidul Islam', 'Nasum Ahmed', 'Nahid Rana']",Sylhet Strikers,Runs,31.0,Towhid Hridoy,Morshed Ali Khan,Raveendra Wimalasiri,Muhammad Kamruzzaman,Mozahiduzzaman,Raqibul Hasan
9,362,2023-01-31T00:00:00.000Z,Sylhet,Sylhet International Cricket Stadium,daynight,31st Match,Fortune Barishal,Dhaka Dominators,Fortune Barishal,Bat,156.0,8.0,20.0,157.0,5.0,18.5,Shakib Al Hasan,Nasir Hossain,"['Anamul Haque', 'Saif Hassan', 'Shakib Al Hasan', 'Ibrahim Zadran', 'Iftikhar Ahmed', 'Mahmudullah', 'Salman Hossain Emon', 'Karim Janat', 'Mohammad Wasim', 'Khaled Ahmed', 'Sunzamul Islam']","['Soumya Sarkar', 'Mohammad Mithun', 'Abdullah Al Mamun', 'Nasir Hossain', 'Alex Blake', 'Ariful Haque', 'Usman Ghani', 'Muktar Ali', 'Salman Irshad', 'Shoriful Islam', 'Amir Hamza']",Dhaka Dominators,Wickets,5.0,Mohammad Mithun,Mozahiduzzaman,Prageeth Rambukwella,Morshed Ali Khan,Muhammad Kamruzzaman,Raqibul Hasan
9,363,2023-01-31T00:00:00.000Z,Sylhet,Sylhet International Cricket Stadium,night,32nd Match,Khulna Tigers,Comilla Victorians,Comilla Victorians,Bowl,210.0,2.0,20.0,213.0,3.0,18.2,Shai Hope,Imrul Kayes,"['Tamim Iqbal', 'Mahmudul Hasan Joy', 'Shai Hope', 'Azam Khan', 'Yasir Ali', 'Mark Deyal', 'Amad Butt', 'Mohammad Saifuddin', 'Nahidul Islam', 'Nasum Ahmed', 'Shafiqul Islam']","['Litton Das', 'Mohammad Rizwan', 'Imrul Kayes', 'Johnson Charles', 'Khushdil Shah', 'Mosaddek Hossain', 'Jaker Ali', 'Tanvir Islam', 'Naseem Shah', 'Mustafizur Rahman', 'Ashiqur Zaman']",Comilla Victorians,Wickets,7.0,Johnson Charles,David Millns,Raveendra Wimalasiri,Ali Arman,Muhammad Kamruzzaman,Salim Shahed
9,364,2023-02-03T00:00:00.000Z,Dhaka,"Shere Bangla National Stadium, Mirpur",daynight,33rd Match,Fortune Barishal,Khulna Tigers,Khulna Tigers,Bowl,194.0,5.0,20.0,157.0,8.0,20.0,Shakib Al Hasan,,"['Anamul Haque', 'Fazle Mahmud', 'Ibrahim Zadran', 'Shakib Al Hasan', 'Iftikhar Ahmed', 'Karim Janat', 'Mahmudullah', 'Salman Hossain Emon', 'Mohammad Wasim', 'Khaled Ahmed', 'Ebadot Hossain']","['Tamim Iqbal', 'Andy Balbirnie', 'Shai Hope', 'Mahmudul Hasan Joy', 'Yasir Ali', 'Nahidul Islam', 'Mark Deyal', 'Nasum Ahmed', 'Paul van Meekeren', 'Hasan Murad', 'Shafiqul Islam']",Fortune Barishal,Runs,37.0,Shakib Al Hasan,David Millns,Masudur Rahman,Morshed Ali Khan,Mozahiduzzaman,Neeyamur Rashid
9,365,2023-02-03T00:00:00.000Z,Dhaka,"Shere Bangla National Stadium, Mirpur",night,34th Match,Dhaka Dominators,Rangpur Riders,Rangpur Riders,Bowl,130.0,8.0,20.0,133.0,8.0,19.3,Nasir Hossain,,"['Mohammad Mithun', 'Soumya Sarkar', 'Nasir Hossain', 'Abdullah Al Mamun', 'Alex Blake', 'Ariful Haque', 'Muktar Ali', 'Shoriful Islam', 'Amir Hamza', 'Arafat Sunny', 'Mohor Sheikh']","['Mohammad Naim', 'Rony Talukdar', 'Mahedi Hasan', 'Nurul Hasan', 'Shoaib Malik', 'Mohammad Nawaz', 'Azmatullah Omarzai', 'Shamim Hossain', 'Rakibul Hasan', 'Haris Rauf', 'Hasan Mahmud']",Rangpur Riders,Wickets,2.0,Nurul Hasan,Gazi Sohel,Prageeth Rambukwella,Ali Arman,Muhammad Kamruzzaman,Akhtar Ahmad
9,366,2023-02-04T00:00:00.000Z,Dhaka,"Shere Bangla National Stadium, Mirpur",daynight,35th Match,Chattogram Challengers,Comilla Victorians,Chattogram Challengers,Bat,156.0,7.0,20.0,157.0,4.0,19.0,Shuvagata Hom,Imrul Kayes,"['Mehedi Maruf', 'Usman Khan', 'Khawaja Nafay', 'Afif Hossain', 'Shuvagata Hom', 'Curtis Campher', 'Ziaur Rahman', 'Darwish Rasooli', 'Mrittunjoy Chowdhury', 'Mehedi Hasan Rana', 'Nihaduzzaman']","['Shykat Ali', 'Mohammad Rizwan', 'Imrul Kayes', 'Johnson Charles', 'Mosaddek Hossain', 'Jaker Ali', 'Mahidul Islam Ankon', 'Tanvir Islam', 'Mustafizur Rahman', 'Hasan Ali', 'Abrar Ahmed']",Comilla Victorians,Wickets,6.0,Mohammad Rizwan,Gazi Sohel,Raveendra Wimalasiri,Muhammad Kamruzzaman,Mozahiduzzaman,Akhtar Ahmad
9,367,2023-02-04T00:00:00.000Z,Dhaka,"Shere Bangla National Stadium, Mirpur",night,36th Match,Sylhet Strikers,Rangpur Riders,Rangpur Riders,Bowl,170.0,2.0,20.0,176.0,2.0,18.0,Mushfiqur Rahim,,"['Towhid Hridoy', 'Najmul Hossain Shanto', 'Zakir Hasan', 'Mushfiqur Rahim', 'Mohammad Irfan', 'Tom Moores', 'Ryan Burl', 'Thisara Perera', 'Rejaur Rahman Raja', 'Rubel Hossain', 'Nabil Samad']","['Mohammad Naim', 'Rony Talukdar', 'Shoaib Malik', 'Nurul Hasan', 'Mahedi Hasan', 'Azmatullah Omarzai', 'Aaron Jones', 'Shamim Hossain', 'Haris Rauf', 'Hasan Mahmud', 'Robiul Haque']",Rangpur Riders,Wickets,8.0,Rony Talukdar,Masudur Rahman,Prageeth Rambukwella,Morshed Ali Khan,Ali Arman,Neeyamur Rashid
9,368,2023-02-07T00:00:00.000Z,Dhaka,"Shere Bangla National Stadium, Mirpur",daynight,37th Match,Chattogram Challengers,Dhaka Dominators,Chattogram Challengers,Bat,118.0,8.0,20.0,103.0,9.0,20.0,Shuvagata Hom,Nasir Hossain,"['Mehedi Maruf', 'Irfaan Shukkur', 'Unmukt Chand', 'Afif Hossain', 'Usman Khan', 'Shuvagata Hom', 'Curtis Campher', 'Darwish Rasooli', 'Ziaur Rahman', 'Mrittunjoy Chowdhury', 'Nihaduzzaman']","['Soumya Sarkar', 'Abdullah Al Mamun', 'Ariful Haque', 'Nasir Hossain', 'Alex Blake', 'Zahiduzzaman', 'Amir Hamza', 'Shoriful Islam', 'Al-Amin Hossain', 'Arafat Sunny', 'Jubair Hossain']",Chattogram Challengers,Runs,15.0,Ziaur Rahman,David Millns,Mozahiduzzaman,Morshed Ali Khan,Muhammad Kamruzzaman,Akhtar Ahmad
9,369,2023-02-07T00:00:00.000Z,Dhaka,"Shere Bangla National Stadium, Mirpur",night,38th Match,Fortune Barishal,Comilla Victorians,Comilla Victorians,Bowl,121.0,10.0,19.1,122.0,5.0,18.3,Shakib Al Hasan,Imrul Kayes,"['Anamul Haque', 'Fazle Mahmud', 'Mahmudullah', 'Shakib Al Hasan', 'Iftikhar Ahmed', 'Mehidy Hasan Miraz', 'Karim Janat', 'Chaturanga de Silva', 'Mohammad Wasim', 'Khaled Ahmed', 'Ebadot Hossain']","['Mohammad Rizwan', 'Litton Das', 'Jaker Ali', 'Imrul Kayes', 'Mosaddek Hossain', 'Khushdil Shah', 'Andre Russell', 'Tanvir Islam', 'Mustafizur Rahman', 'Mukidul Islam', 'Sunil Narine']",Comilla Victorians,Wickets,5.0,Mukidul Islam,Mahfuzur Rahman,Raveendra Wimalasiri,Ali Arman,Mozahiduzzaman,Neeyamur Rashid
9,370,2023-02-08T00:00:00.000Z,Dhaka,"Shere Bangla National Stadium, Mirpur",daynight,39th Match,Khulna Tigers,Sylhet Strikers,Khulna Tigers,Bat,113.0,8.0,20.0,114.0,4.0,17.3,,Mashrafe Mortaza,"['Munim Shahriar', 'Andy Balbirnie', 'Shai Hope', 'Mahmudul Hasan Joy', 'Yasir Ali', 'Sabbir Rahman', 'Mohammad Saifuddin', 'Nahidul Islam', 'Nasum Ahmed', 'Paul van Meekeren', 'Hasan Murad']","['Towhid Hridoy', 'Najmul Hossain Shanto', 'Zakir Hasan', 'Mushfiqur Rahim', 'Ryan Burl', 'Gulbadin Naib', 'Mashrafe Mortaza', 'Imad Wasim', 'Mohammad Amir', 'Tanzim Hasan Sakib', 'Rubel Hossain']",Sylhet Strikers,Wickets,6.0,Imad Wasim,David Millns,Mahfuzur Rahman,Morshed Ali Khan,Ali Arman,Akhtar Ahmad
9,371,2023-02-08T00:00:00.000Z,Dhaka,"Shere Bangla National Stadium, Mirpur",night,40th Match,Chattogram Challengers,Rangpur Riders,Chattogram Challengers,Bat,132.0,8.0,20.0,135.0,3.0,16.0,Ziaur Rahman,,"['Usman Khan', ""Max O'Dowd"", 'Mehedi Maruf', 'Afif Hossain', 'Tawfique Khan', 'Curtis Campher', 'Ziaur Rahman', 'Mrittunjoy Chowdhury', 'Vijayakanth Viyaskanth', 'Nihaduzzaman', 'Mehedi Hasan Rana']","['Mohammad Naim', 'Rony Talukdar', 'Rahmanullah Gurbaz', 'Nurul Hasan', 'Tom Kohler-Cadmore', 'Shamim Hossain', 'Azmatullah Omarzai', 'Hasan Mahmud', 'Haris Rauf', 'Ripon Mondol', 'Rakibul Hasan']",Rangpur Riders,Wickets,7.0,Haris Rauf,Mozahiduzzaman,Prageeth Rambukwella,Muhammad Kamruzzaman,Mahfuzur Rahman,Salim Shahed
9,372,2023-02-10T00:00:00.000Z,Dhaka,"Shere Bangla National Stadium, Mirpur",daynight,41st Match,Comilla Victorians,Rangpur Riders,Rangpur Riders,Bowl,177.0,5.0,20.0,107.0,10.0,17.0,Imrul Kayes,,"['Mohammad Rizwan', 'Litton Das', 'Sunil Narine', 'Imrul Kayes', 'Jaker Ali', 'Khushdil Shah', 'Andre Russell', 'Mosaddek Hossain', 'Tanvir Islam', 'Mustafizur Rahman', 'Mukidul Islam']","['Mohammad Naim', 'Rony Talukdar', 'Rahmanullah Gurbaz', 'Tom Kohler-Cadmore', 'Nurul Hasan', 'Shamim Hossain', 'Azmatullah Omarzai', 'Rakibul Hasan', 'Ripon Mondol', 'Naveen-ul-Haq', 'Hasan Mahmud']",Comilla Victorians,Runs,70.0,Tanvir Islam,Mahfuzur Rahman,Prageeth Rambukwella,Tanvir Ahmed,Mozahiduzzaman,Showkatur Rahman
9,373,2023-02-10T00:00:00.000Z,Dhaka,"Shere Bangla National Stadium, Mirpur",night,42nd Match,Fortune Barishal,Khulna Tigers,Fortune Barishal,Bat,169.0,8.0,20.0,172.0,4.0,19.3,Mehidy Hasan Miraz,,"['Anamul Haque', 'Mahmudullah', 'Chaturanga de Silva', 'Shakib Al Hasan', 'Dwaine Pretorius', 'Ibrahim Zadran', 'Karim Janat', 'Mehidy Hasan Miraz', 'Salman Hossain Emon', 'Khaled Ahmed', 'Ebadot Hossain']","['Andy Balbirnie', 'Sabbir Rahman', 'Shai Hope', 'Mahmudul Hasan Joy', 'Yasir Ali', 'Habibur Rahman Sohan', 'Hasan Murad', 'Shafiqul Islam', 'Nahidul Islam', 'Nasum Ahmed', 'Mohammad Saifuddin']",Khulna Tigers,Wickets,6.0,Mahmudul Hasan Joy,Ali Arman,Raveendra Wimalasiri,Muhammad Kamruzzaman,Mahfuzur Rahman,Debabrata Paul
9,374,2023-02-12T00:00:00.000Z,Dhaka,"Shere Bangla National Stadium, Mirpur",daynight,Eliminator,Fortune Barishal,Rangpur Riders,Rangpur Riders,Bowl,170.0,3.0,20.0,172.0,6.0,19.3,Shakib Al Hasan,,"['Mehidy Hasan Miraz', 'Andre Fletcher', 'Mahmudullah', 'Karim Janat', 'Bhanuka Rajapaksa', 'Shakib Al Hasan', 'Anamul Haque', 'Kamrul Islam', 'Khaled Ahmed', 'Sunzamul Islam', 'Dwaine Pretorius']","['Mohammad Naim', 'Rony Talukdar', 'Shamim Hossain', 'Nurul Hasan', 'Nicholas Pooran', 'Dasun Shanaka', 'Dwayne Bravo', 'Mahedi Hasan', 'Rakibul Hasan', 'Hasan Mahmud', 'Mujeeb Ur Rahman']",Rangpur Riders,Wickets,4.0,Shamim Hossain,Ali Arman,Prageeth Rambukwella,Tanvir Ahmed,Mahfuzur Rahman,Akhtar Ahmad
9,375,2023-02-12T00:00:00.000Z,Dhaka,"Shere Bangla National Stadium, Mirpur",night,Qualifier 1,Sylhet Strikers,Comilla Victorians,Comilla Victorians,Bowl,125.0,10.0,17.1,130.0,6.0,16.4,Mashrafe Mortaza,Imrul Kayes,"['Najmul Hossain Shanto', 'Shafiqullah Ghafari', 'Towhid Hridoy', 'Zakir Hasan', 'Mashrafe Mortaza', 'Mushfiqur Rahim', 'Ryan Burl', 'George Linde', 'Tanzim Hasan Sakib', 'Isuru Udana', 'Rubel Hossain']","['Litton Das', 'Sunil Narine', 'Johnson Charles', 'Imrul Kayes', 'Mosaddek Hossain', 'Moeen Ali', 'Jaker Ali', 'Andre Russell', 'Tanvir Islam', 'Mustafizur Rahman', 'Mukidul Islam']",Comilla Victorians,Wickets,4.0,Tanvir Islam,David Millns,Raveendra Wimalasiri,Muhammad Kamruzzaman,Moniruzzaman,Neeyamur Rashid
9,376,2023-02-14T00:00:00.000Z,Dhaka,"Shere Bangla National Stadium, Mirpur",night,Qualifier 2,Sylhet Strikers,Rangpur Riders,Rangpur Riders,Bowl,182.0,7.0,20.0,163.0,8.0,20.0,Mashrafe Mortaza,,"['Towhid Hridoy', 'Najmul Hossain Shanto', 'Mashrafe Mortaza', 'Zakir Hasan', 'Ryan Burl', 'Mushfiqur Rahim', 'Thisara Perera', 'George Linde', 'Tanzim Hasan Sakib', 'Luke Wood', 'Rubel Hossain']","['Rony Talukdar', 'Sam Billings', 'Shamim Hossain', 'Nicholas Pooran', 'Nurul Hasan', 'Dasun Shanaka', 'Mahedi Hasan', 'Dwayne Bravo', 'Robiul Haque', 'Hasan Mahmud', 'Rakibul Hasan']",Sylhet Strikers,Runs,19.0,Tanzim Hasan Sakib,Prageeth Rambukwella,Raveendra Wimalasiri,Tanvir Ahmed,Ali Arman,Raqibul Hasan
9,377,2023-02-16T00:00:00.000Z,Dhaka,"Shere Bangla National Stadium, Mirpur",night,Final,Sylhet Strikers,Comilla Victorians,Comilla Victorians,Bowl,175.0,7.0,20.0,176.0,3.0,19.2,Mashrafe Mortaza,Imrul Kayes,"['Najmul Hossain Shanto', 'Towhid Hridoy', 'Mashrafe Mortaza', 'Mushfiqur Rahim', 'Ryan Burl', 'Thisara Perera', 'George Linde', 'Zakir Hasan', 'Tanzim Hasan Sakib', 'Luke Wood', 'Rubel Hossain']","['Litton Das', 'Sunil Narine', 'Imrul Kayes', 'Johnson Charles', 'Moeen Ali', 'Mosaddek Hossain', 'Jaker Ali', 'Andre Russell', 'Tanvir Islam', 'Mustafizur Rahman', 'Mukidul Islam']",Comilla Victorians,Wickets,7.0,Johnson Charles,David Millns,Tanvir Ahmed,Muhammad Kamruzzaman,Ali Arman,Raqibul Hasan
10,378,2024-01-19T00:00:00.000Z,Dhaka,"Shere Bangla National Stadium, Mirpur",day,1st Match,Comilla Victorians,Durdanto Dhaka,Durdanto Dhaka,Bowl,143.0,6.0,20.0,147.0,5.0,19.3,,Mosaddek Hossain,"['Litton Das', 'Imrul Kayes', 'Towhid Hridoy', 'Khushdil Shah', 'Jaker Ali', 'Roston Chase', 'Mahidul Islam Ankon', 'Tanvir Islam', 'Mustafizur Rahman', 'Matthew Forde', 'Musfik Hasan']","['Danushka Gunathilaka', 'Mohammad Naim', 'Lasith Croospulle', 'Irfaan Shukkur', 'Saif Hassan', 'Mosaddek Hossain', 'Chaturanga de Silva', 'Taskin Ahmed', 'Arafat Sunny', 'Shoriful Islam', 'Usman Qadir']",Durdanto Dhaka,Wickets,5.0,Shoriful Islam,David Millns,Mahfuzur Rahman,Tanvir Ahmed,Ali Arman,Neeyamur Rashid
10,379,2024-01-19T00:00:00.000Z,Dhaka,"Shere Bangla National Stadium, Mirpur",night,2nd Match,Sylhet Strikers,Chattogram Challengers,Chattogram Challengers,Bowl,177.0,2.0,20.0,180.0,3.0,18.3,Mashrafe Mortaza,Shuvagata Hom,"['Mohammad Mithun', 'Najmul Hossain Shanto', 'Zakir Hasan', 'Harry Tector', 'Yasir Ali', 'Ben Cutting', 'Mashrafe Mortaza', 'Benny Howell', 'Tanzim Hasan Sakib', 'Nazmul Islam', 'Richard Ngarava']","['Avishka Fernando', 'Tanzid Hasan', 'Imranuzzaman', 'Shahadat Hossain', 'Najibullah Zadran', 'Shuvagata Hom', 'Curtis Campher', 'Nihaduzzaman', 'Shohidul Islam', 'Al-Amin Hossain', 'Bilal Khan']",Chattogram Challengers,Wickets,7.0,Najibullah Zadran,Asif Yaqoob,Morshed Ali Khan,Muhammad Kamruzzaman,Moniruzzaman,Raqibul Hasan
10,380,2024-01-20T00:00:00.000Z,Dhaka,"Shere Bangla National Stadium, Mirpur",day,3rd Match,Rangpur Riders,Fortune Barishal,Fortune Barishal,Bowl,134.0,9.0,20.0,138.0,5.0,19.1,,Tamim Iqbal,"['Brandon King', 'Rony Talukdar', 'Shakib Al Hasan', 'Nurul Hasan', 'Azmatullah Omarzai', 'Shamim Hossain', 'Mohammad Nabi', 'Mahedi Hasan', 'Hasan Murad', 'Hasan Mahmud', 'Salman Irshad']","['Tamim Iqbal', 'Ibrahim Zadran', 'Mehidy Hasan Miraz', 'Soumya Sarkar', 'Mushfiqur Rahim', 'Shoaib Malik', 'Mahmudullah', 'Dunith Wellalage', 'Khaled Ahmed', 'Rakibul Hasan', 'Mohammad Imran']",Fortune Barishal,Wickets,5.0,Khaled Ahmed,Ali Arman,Asif Yaqoob,Moniruzzaman,Muhammad Kamruzzaman,Raqibul Hasan
10,381,2024-01-20T00:00:00.000Z,Dhaka,"Shere Bangla National Stadium, Mirpur",night,4th Match,Chattogram Challengers,Khulna Tigers,Khulna Tigers,Bowl,121.0,10.0,19.5,122.0,6.0,18.2,Shuvagata Hom,Anamul Haque,"['Avishka Fernando', 'Tanzid Hasan', 'Imranuzzaman', 'Shahadat Hossain', 'Najibullah Zadran', 'Shuvagata Hom', 'Curtis Campher', 'Shohidul Islam', 'Nihaduzzaman', 'Bilal Khan', 'Al-Amin Hossain']","['Anamul Haque', 'Evin Lewis', 'Shai Hope', 'Afif Hossain', 'Mahmudul Hasan Joy', 'Habibur Rahman Sohan', 'Faheem Ashraf', 'Nahidul Islam', 'Nasum Ahmed', 'Mukidul Islam', 'Oshane Thomas']",Khulna Tigers,Wickets,4.0,Nahidul Islam,David Millns,Morshed Ali Khan,Tanvir Ahmed,Mahfuzur Rahman,Neeyamur Rashid
10,382,2024-01-22T00:00:00.000Z,Dhaka,"Shere Bangla National Stadium, Mirpur",day,5th Match,Durdanto Dhaka,Chattogram Challengers,Chattogram Challengers,Bowl,136.0,8.0,20.0,137.0,4.0,18.2,Mosaddek Hossain,Shuvagata Hom,"['Danushka Gunathilaka', 'Mohammad Naim', 'Saif Hassan', 'Mosaddek Hossain', 'Alex Ross', 'Irfaan Shukkur', 'Lasith Croospulle', 'Chaturanga de Silva', 'Usman Qadir', 'Taskin Ahmed', 'Shoriful Islam', 'Arafat Sunny']","['Avishka Fernando', 'Tanzid Hasan', 'Imranuzzaman', 'Shahadat Hossain', 'Najibullah Zadran', 'Shuvagata Hom', 'Nihaduzzaman', 'Shohidul Islam', 'Al-Amin Hossain', 'Bilal Khan', 'Curtis Campher']",Chattogram Challengers,Wickets,6.0,Tanzid Hasan,Asif Yaqoob,Muhammad Kamruzzaman,Ali Arman,Mozahiduzzaman,Raqibul Hasan
10,383,2024-01-22T00:00:00.000Z,Dhaka,"Shere Bangla National Stadium, Mirpur",night,6th Match,Fortune Barishal,Khulna Tigers,Khulna Tigers,Bowl,187.0,4.0,20.0,188.0,2.0,18.0,Tamim Iqbal,Anamul Haque,"['Tamim Iqbal', 'Ibrahim Zadran', 'Soumya Sarkar', 'Mushfiqur Rahim', 'Mahmudullah', 'Shoaib Malik', 'Mehidy Hasan Miraz', 'Dunith Wellalage', 'Khaled Ahmed', 'Rakibul Hasan', 'Mohammad Imran']","['Anamul Haque', 'Evin Lewis', 'Afif Hossain', 'Shai Hope', 'Habibur Rahman Sohan', 'Mahmudul Hasan Joy', 'Mukidul Islam', 'Faheem Ashraf', 'Nahidul Islam', 'Nasum Ahmed', 'Oshane Thomas']",Khulna Tigers,Wickets,8.0,Anamul Haque,David Millns,Tanvir Ahmed,Morshed Ali Khan,,Neeyamur Rashid
10,384,2024-01-23T00:00:00.000Z,Dhaka,"Shere Bangla National Stadium, Mirpur",day,7th Match,Sylhet Strikers,Rangpur Riders,Rangpur Riders,Bowl,120.0,8.0,20.0,125.0,6.0,18.2,Mashrafe Mortaza,,"['Najmul Hossain Shanto', 'Mohammad Mithun', 'Mashrafe Mortaza', 'Yasir Ali', 'Zakir Hasan', 'Benny Howell', 'Ben Cutting', 'Tanzim Hasan Sakib', 'Dushan Hemantha', 'Richard Ngarava', 'Nazmul Islam']","['Rony Talukdar', 'Babar Azam', 'Brandon King', 'Nurul Hasan', 'Shamim Hossain', 'Mohammad Nabi', 'Mahedi Hasan', 'Azmatullah Omarzai', 'Hasan Mahmud', 'Hasan Murad', 'Ripon Mondol']",Rangpur Riders,Wickets,4.0,Azmatullah Omarzai,David Millns,Mahfuzur Rahman,Tanvir Ahmed,Ali Arman,Raqibul Hasan
10,385,2024-01-23T00:00:00.000Z,Dhaka,"Shere Bangla National Stadium, Mirpur",night,8th Match,Fortune Barishal,Comilla Victorians,Comilla Victorians,Bowl,161.0,9.0,20.0,162.0,6.0,19.5,Tamim Iqbal,,"['Tamim Iqbal', 'Mehidy Hasan Miraz', 'Pritom Kumar', 'Soumya Sarkar', 'Mushfiqur Rahim', 'Shoaib Malik', 'Mahmudullah', 'Dunith Wellalage', 'Abbas Afridi', 'Mohammad Imran', 'Khaled Ahmed']","['Litton Das', 'Mohammad Rizwan', 'Towhid Hridoy', 'Imrul Kayes', 'Roston Chase', 'Jaker Ali', 'Khushdil Shah', 'Matthew Forde', 'Tanvir Islam', 'Mustafizur Rahman', 'Al Islam']",Comilla Victorians,Wickets,4.0,Matthew Forde,Asif Yaqoob,Moniruzzaman,Muhammad Kamruzzaman,Morshed Ali Khan,Neeyamur Rashid
10,386,2024-01-26T00:00:00.000Z,Sylhet,Sylhet International Cricket Stadium,day,9th Match,Khulna Tigers,Rangpur Riders,Rangpur Riders,Bowl,160.0,6.0,20.0,132.0,10.0,18.4,,,"['Anamul Haque', 'Evin Lewis', 'Mahmudul Hasan Joy', 'Afif Hossain', 'Dasun Shanaka', 'Mohammad Nawaz', 'Mohammad Wasim', 'Habibur Rahman Sohan', 'Mukidul Islam', 'Nahidul Islam', 'Nasum Ahmed']","['Rony Talukdar', 'Babar Azam', 'Brandon King', 'Shamim Hossain', 'Mohammad Nabi', 'Azmatullah Omarzai', 'Nurul Hasan', 'Shakib Al Hasan', 'Mahedi Hasan', 'Ripon Mondol', 'Hasan Mahmud']",Khulna Tigers,Runs,28.0,Dasun Shanaka,Asif Yaqoob,Muhammad Kamruzzaman,Tanvir Ahmed,Moniruzzaman,Akhtar Ahmad
10,387,2024-01-26T00:00:00.000Z,Sylhet,Sylhet International Cricket Stadium,night,10th Match,Comilla Victorians,Sylhet Strikers,Sylhet Strikers,Bowl,130.0,8.0,20.0,78.0,10.0,16.2,,Mashrafe Mortaza,"['Litton Das', 'Mohammad Rizwan', 'Imrul Kayes', 'Towhid Hridoy', 'Roston Chase', 'Jaker Ali', 'Khushdil Shah', 'Matthew Forde', 'Tanvir Islam', 'Al Islam', 'Mustafizur Rahman']","['Najmul Hossain Shanto', 'Mohammad Mithun', 'Samit Patel', 'Zakir Hasan', 'Yasir Ali', 'Ben Cutting', 'Mashrafe Mortaza', 'Ryan Burl', 'Tanzim Hasan Sakib', 'Rejaur Rahman Raja', 'Richard Ngarava']",Comilla Victorians,Runs,52.0,Al Islam,David Millns,Mahfuzur Rahman,Morshed Ali Khan,Ali Arman,Salim Shahed
10,388,2024-01-27T00:00:00.000Z,Sylhet,Sylhet International Cricket Stadium,day,11th Match,Chattogram Challengers,Fortune Barishal,Fortune Barishal,Bowl,193.0,4.0,20.0,183.0,7.0,20.0,Shuvagata Hom,Tamim Iqbal,"['Tanzid Hasan', 'Avishka Fernando', 'Imranuzzaman', 'Shahadat Hossain', 'Najibullah Zadran', 'Curtis Campher', 'Shuvagata Hom', 'Nihaduzzaman', 'Shohidul Islam', 'Al-Amin Hossain', 'Bilal Khan']","['Ahmed Shehzad', 'Tamim Iqbal', 'Soumya Sarkar', 'Mushfiqur Rahim', 'Mahmudullah', 'Yannic Cariah', 'Mehidy Hasan Miraz', 'Abbas Afridi', 'Dunith Wellalage', 'Taijul Islam', 'Kamrul Islam']",Chattogram Challengers,Runs,10.0,Curtis Campher,David Millns,Morshed Ali Khan,Ali Arman,Mahfuzur Rahman,Salim Shahed
10,389,2024-01-27T00:00:00.000Z,Sylhet,Sylhet International Cricket Stadium,night,12th Match,Rangpur Riders,Durdanto Dhaka,Durdanto Dhaka,Bowl,183.0,8.0,20.0,104.0,9.0,16.3,,Mosaddek Hossain,"['Brandon King', 'Babar Azam', 'Rony Talukdar', 'Nurul Hasan', 'Mohammad Nabi', 'Azmatullah Omarzai', 'Shamim Hossain', 'Mahedi Hasan', 'Ripon Mondol', 'Hasan Mahmud', 'Shakib Al Hasan']","['Danushka Gunathilaka', 'Mohammad Naim', 'Saim Ayub', 'Lasith Croospulle', 'Alex Ross', 'Mosaddek Hossain', 'Irfaan Shukkur', 'Alauddin Babu', 'Shoriful Islam', 'Arafat Sunny', 'Taskin Ahmed']",Rangpur Riders,Runs,79.0,Babar Azam,Asif Yaqoob,Tanvir Ahmed,Muhammad Kamruzzaman,Moniruzzaman,Akhtar Ahmad
10,390,2024-01-29T00:00:00.000Z,Sylhet,Sylhet International Cricket Stadium,day,13th Match,Sylhet Strikers,Chattogram Challengers,Sylhet Strikers,Bat,137.0,4.0,20.0,138.0,2.0,17.4,Mashrafe Mortaza,Shuvagata Hom,"['Najmul Hossain Shanto', 'Mohammad Mithun', 'Harry Tector', 'Zakir Hasan', 'Ryan Burl', 'Ariful Haque', 'Samit Patel', 'Dushan Hemantha', 'Mashrafe Mortaza', 'Tanzim Hasan Sakib', 'Rejaur Rahman Raja']","['Tanzid Hasan', 'Avishka Fernando', 'Tom Bruce', 'Shahadat Hossain', 'Shuvagata Hom', 'Najibullah Zadran', 'Shykat Ali', 'Nihaduzzaman', 'Shohidul Islam', 'Al-Amin Hossain', 'Bilal Khan']",Chattogram Challengers,Wickets,8.0,Bilal Khan,David Millns,Moniruzzaman,Morshed Ali Khan,Muhammad Kamruzzaman,Showkatur Rahman
10,391,2024-01-29T00:00:00.000Z,Sylhet,Sylhet International Cricket Stadium,night,14th Match,Durdanto Dhaka,Khulna Tigers,Durdanto Dhaka,Bat,130.0,9.0,20.0,131.0,0.0,14.4,Mosaddek Hossain,,"['Saim Ayub', 'Mohammad Naim', 'Gulbadin Naib', 'SM Meherob', 'Alex Ross', 'Irfaan Shukkur', 'Mosaddek Hossain', 'Taskin Ahmed', 'Usman Qadir', 'Arafat Sunny', 'Shoriful Islam']","['Anamul Haque', 'Evin Lewis', 'Afif Hossain', 'Dasun Shanaka', 'Habibur Rahman Sohan', 'Mahmudul Hasan Joy', 'Mukidul Islam', 'Nahidul Islam', 'Mohammad Nawaz', 'Mohammad Wasim', 'Nasum Ahmed']",Khulna Tigers,Wickets,10.0,Mohammad Nawaz,Ali Arman,Asif Yaqoob,Tanvir Ahmed,Mahfuzur Rahman,Akhtar Ahmad
10,392,2024-01-30T00:00:00.000Z,Sylhet,Sylhet International Cricket Stadium,day,15th Match,Rangpur Riders,Comilla Victorians,Rangpur Riders,Bat,165.0,5.0,20.0,157.0,6.0,20.0,,Litton Das,"['Brandon King', 'Babar Azam', 'Fazle Mahmud', 'Shamim Hossain', 'Azmatullah Omarzai', 'Mohammad Nabi', 'Nurul Hasan', 'Shakib Al Hasan', 'Mahedi Hasan', 'Hasan Mahmud', 'Hasan Murad']","['Mohammad Rizwan', 'Litton Das', 'Mahidul Islam Ankon', 'Towhid Hridoy', 'Khushdil Shah', 'Raymon Reifer', 'Aamer Jamal', 'Jaker Ali', 'Tanvir Islam', 'Al Islam', 'Mustafizur Rahman']",Rangpur Riders,Runs,8.0,Azmatullah Omarzai,Asif Yaqoob,Muhammad Kamruzzaman,Tanvir Ahmed,Ali Arman,Akhtar Ahmad
10,393,2024-01-30T00:00:00.000Z,Sylhet,Sylhet International Cricket Stadium,night,16th Match,Fortune Barishal,Sylhet Strikers,Sylhet Strikers,Bowl,186.0,5.0,20.0,137.0,10.0,17.3,Tamim Iqbal,Mashrafe Mortaza,"['Tamim Iqbal', 'Ahmed Shehzad', 'Pritom Kumar', 'Soumya Sarkar', 'Mushfiqur Rahim', 'Mahmudullah', 'Mehidy Hasan Miraz', 'Mohammad Imran', 'Dunith Wellalage', 'Akif Javed', 'Khaled Ahmed']","['Najmul Hossain Shanto', 'Shamsur Rahman', 'Zakir Hasan', 'Mashrafe Mortaza', 'Benny Howell', 'Ryan Burl', 'Ariful Haque', 'Samit Patel', 'Nayeem Hasan', 'Rejaur Rahman Raja', 'Richard Ngarava']",Fortune Barishal,Runs,49.0,Mahmudullah,David Millns,Mahfuzur Rahman,Moniruzzaman,Morshed Ali Khan,Showkatur Rahman
10,394,2024-02-02T00:00:00.000Z,Sylhet,Sylhet International Cricket Stadium,day,17th Match,Sylhet Strikers,Durdanto Dhaka,Durdanto Dhaka,Bowl,142.0,8.0,20.0,127.0,9.0,20.0,,Mosaddek Hossain,"['Najmul Hossain Shanto', 'Shamsur Rahman', 'Samit Patel', 'Zakir Hasan', 'Mohammad Mithun', 'Ryan Burl', 'Benny Howell', 'Ariful Haque', 'Rejaur Rahman Raja', 'Nayeem Hasan', 'Richard Ngarava']","['Saim Ayub', 'Mohammad Naim', 'Saif Hassan', 'Alex Ross', 'Gulbadin Naib', 'Irfaan Shukkur', 'Mosaddek Hossain', 'Arafat Sunny', 'Taskin Ahmed', 'Shoriful Islam', 'Usman Qadir']",Sylhet Strikers,Runs,15.0,Richard Ngarava,Ali Arman,Asif Yaqoob,Muhammad Kamruzzaman,Mahfuzur Rahman,Showkatur Rahman
10,395,2024-02-02T00:00:00.000Z,Sylhet,Sylhet International Cricket Stadium,night,18th Match,Chattogram Challengers,Comilla Victorians,Comilla Victorians,Bowl,72.0,10.0,16.3,73.0,3.0,9.2,Shuvagata Hom,Litton Das,"['Tanzid Hasan', 'Avishka Fernando', 'Tom Bruce', 'Shahadat Hossain', 'Shykat Ali', 'Najibullah Zadran', 'Shuvagata Hom', 'Ziaur Rahman', 'Nihaduzzaman', 'Al-Amin Hossain', 'Bilal Khan']","['Mohammad Rizwan', 'Litton Das', 'Mahidul Islam Ankon', 'Towhid Hridoy', 'Raymon Reifer', 'Khushdil Shah', 'Aamer Jamal', 'Jaker Ali', 'Tanvir Islam', 'Al Islam', 'Mustafizur Rahman']",Comilla Victorians,Wickets,7.0,Tanvir Islam,David Millns,Tanvir Ahmed,Moniruzzaman,Morshed Ali Khan,Raqibul Hasan
10,396,2024-02-03T00:00:00.000Z,Sylhet,Sylhet International Cricket Stadium,day,19th Match,Khulna Tigers,Fortune Barishal,Fortune Barishal,Bowl,155.0,8.0,20.0,156.0,5.0,19.4,,Tamim Iqbal,"['Anamul Haque', 'Parvez Hossain Emon', 'Habibur Rahman Sohan', 'Mahmudul Hasan Joy', 'Afif Hossain', 'Dasun Shanaka', 'Mohammad Nawaz', 'Nahidul Islam', 'Faheem Ashraf', 'Mohammad Wasim', 'Nasum Ahmed']","['Tamim Iqbal', 'Ahmed Shehzad', 'Soumya Sarkar', 'Mushfiqur Rahim', 'Shoaib Malik', 'Mahmudullah', 'Mehidy Hasan Miraz', 'Mohammad Imran', 'Taijul Islam', 'Akif Javed', 'Khaled Ahmed']",Fortune Barishal,Wickets,5.0,Shoaib Malik,David Millns,Morshed Ali Khan,Tanvir Ahmed,Mahfuzur Rahman,Raqibul Hasan
10,397,2024-02-03T00:00:00.000Z,Sylhet,Sylhet International Cricket Stadium,night,20th Match,Rangpur Riders,Sylhet Strikers,Sylhet Strikers,Bowl,162.0,7.0,20.0,85.0,10.0,16.5,,,"['Brandon King', 'Babar Azam', 'Fazle Mahmud', 'Shakib Al Hasan', 'Nurul Hasan', 'Azmatullah Omarzai', 'Mohammad Nabi', 'Shamim Hossain', 'Mahedi Hasan', 'Hasan Mahmud', 'Abu Hider']","['Najmul Hossain Shanto', 'Harry Tector', 'Samit Patel', 'Zakir Hasan', 'Mohammad Mithun', 'Shamsur Rahman', 'Ryan Burl', 'Ariful Haque', 'Nayeem Hasan', 'Rejaur Rahman Raja', 'Richard Ngarava']",Rangpur Riders,Runs,77.0,Nurul Hasan,Asif Yaqoob,Moniruzzaman,Ali Arman,Muhammad Kamruzzaman,Showkatur Rahman
10,398,2024-02-06T00:00:00.000Z,Dhaka,"Shere Bangla National Stadium, Mirpur",day,21st Match,Rangpur Riders,Durdanto Dhaka,Durdanto Dhaka,Bowl,175.0,4.0,20.0,115.0,10.0,18.0,,Mosaddek Hossain,"['Rony Talukdar', 'Babar Azam', 'Shakib Al Hasan', 'Azmatullah Omarzai', 'Nurul Hasan', 'Mohammad Nabi', 'Fazle Mahmud', 'Salman Irshad', 'Shamim Hossain', 'Mahedi Hasan', 'Hasan Mahmud']","['Mohammad Naim', 'Sabbir Hossain', 'Saim Ayub', 'Alex Ross', 'Gulbadin Naib', 'Mosaddek Hossain', 'Irfaan Shukkur', 'Chaturanga de Silva', 'Taskin Ahmed', 'Shoriful Islam', 'Arafat Sunny']",Rangpur Riders,Runs,60.0,Shakib Al Hasan,Asif Yaqoob,Mahfuzur Rahman,Moniruzzaman,Sajedul Islam,Salim Shahed
10,399,2024-02-06T00:00:00.000Z,Dhaka,"Shere Bangla National Stadium, Mirpur",night,22nd Match,Chattogram Challengers,Fortune Barishal,Fortune Barishal,Bowl,145.0,5.0,20.0,129.0,8.0,20.0,Shuvagata Hom,Tamim Iqbal,"['Tanzid Hasan', 'Josh Brown', 'Tom Bruce', 'Shahadat Hossain', 'Najibullah Zadran', 'Shykat Ali', 'Shuvagata Hom', 'Nihaduzzaman', 'Shohidul Islam', 'Al-Amin Hossain', 'Bilal Khan']","['Tamim Iqbal', 'Ahmed Shehzad', 'Soumya Sarkar', 'Mehidy Hasan Miraz', 'Mushfiqur Rahim', 'Shoaib Malik', 'Mahmudullah', 'Mohammad Saifuddin', 'Abbas Afridi', 'Mohammad Imran', 'Taijul Islam']",Chattogram Challengers,Runs,16.0,Shohidul Islam,David Millns,Morshed Ali Khan,Tanvir Ahmed,Kamruzzaman Limon,Akhtar Ahmad
10,400,2024-02-07T00:00:00.000Z,Dhaka,"Shere Bangla National Stadium, Mirpur",day,23rd Match,Comilla Victorians,Khulna Tigers,Comilla Victorians,Bat,149.0,7.0,20.0,115.0,10.0,18.5,Litton Das,,"['Mohammad Rizwan', 'Litton Das', 'Will Jacks', 'Towhid Hridoy', 'Khushdil Shah', 'Jaker Ali', 'Mahidul Islam Ankon', 'Aamer Jamal', 'Tanvir Islam', 'Al Islam', 'Mustafizur Rahman']","['Anamul Haque', 'Evin Lewis', 'Afif Hossain', 'Akbar Ali', 'Parvez Hossain Emon', 'Nahidul Islam', 'Mohammad Nawaz', 'Faheem Ashraf', 'Mohammad Wasim', 'Nasum Ahmed', 'Mukidul Islam']",Comilla Victorians,Runs,34.0,Aamer Jamal,David Millns,Moniruzzaman,Morshed Ali Khan,Sajedul Islam,Salim Shahed
10,401,2024-02-07T00:00:00.000Z,Dhaka,"Shere Bangla National Stadium, Mirpur",night,24th Match,Durdanto Dhaka,Sylhet Strikers,Sylhet Strikers,Bowl,124.0,8.0,20.0,129.0,5.0,19.0,Taskin Ahmed,,"['Sabbir Hossain', 'Mohammad Naim', 'Saif Hassan', 'Alex Ross', 'Saim Ayub', 'Lasith Croospulle', 'Irfaan Shukkur', 'Taskin Ahmed', 'Shoriful Islam', 'Arafat Sunny', 'Usman Qadir']","['Harry Tector', 'Samit Patel', 'Najmul Hossain Shanto', 'Zakir Hasan', 'Mohammad Mithun', 'Benny Howell', 'Ryan Burl', 'Ariful Haque', 'Nayeem Hasan', 'Rejaur Rahman Raja', 'Tanzim Hasan Sakib']",Sylhet Strikers,Wickets,5.0,Benny Howell,Mahfuzur Rahman,Tanvir Ahmed,Asif Yaqoob,Kamruzzaman Limon,Akhtar Ahmad
10,402,2024-02-09T00:00:00.000Z,Dhaka,"Shere Bangla National Stadium, Mirpur",day,25th Match,Khulna Tigers,Sylhet Strikers,Khulna Tigers,Bat,153.0,3.0,20.0,159.0,5.0,19.0,,,"['Anamul Haque', 'Evin Lewis', 'Afif Hossain', 'Mahmudul Hasan Joy', 'Habibur Rahman Sohan', 'Sumon Khan', 'Nahidul Islam', 'Mark Deyal', 'Nasum Ahmed', 'Kasun Rajitha', 'Rubel Hossain']","['Harry Tector', 'Samit Patel', 'Najmul Hossain Shanto', 'Zakir Hasan', 'Mohammad Mithun', 'Ryan Burl', 'Ariful Haque', 'Benny Howell', 'Tanzim Hasan Sakib', 'Rejaur Rahman Raja', 'Sunzamul Islam']",Sylhet Strikers,Wickets,5.0,Harry Tector,Asif Yaqoob,Mahfuzur Rahman,Morshed Ali Khan,Sajedul Islam,Ehsanul Hoque
10,403,2024-02-09T00:00:00.000Z,Dhaka,"Shere Bangla National Stadium, Mirpur",night,26th Match,Durdanto Dhaka,Comilla Victorians,Durdanto Dhaka,Bat,175.0,4.0,20.0,176.0,6.0,19.5,Taskin Ahmed,Litton Das,"['Chaturanga de Silva', 'Mohammad Naim', 'Saif Hassan', 'Alex Ross', 'Andre McCarthy', 'SM Meherob', 'Taskin Ahmed', 'Arafat Sunny', 'Shoriful Islam', 'Tahjibul Islam', 'Mohammad Irfan']","['Will Jacks', 'Litton Das', 'Towhid Hridoy', 'Imrul Kayes', 'Brooke Guest', 'Raymon Reifer', 'Jaker Ali', 'Matthew Forde', 'Tanvir Islam', 'Al Islam', 'Mustafizur Rahman']",Comilla Victorians,Wickets,4.0,Towhid Hridoy,David Millns,Tanvir Ahmed,Moniruzzaman,Shafeen Shareef,Showkatur Rahman
10,404,2024-02-10T00:00:00.000Z,Dhaka,"Shere Bangla National Stadium, Mirpur",day,27th Match,Rangpur Riders,Chattogram Challengers,Rangpur Riders,Bat,211.0,3.0,20.0,158.0,6.0,20.0,,Shuvagata Hom,"['Rony Talukdar', 'Reeza Hendricks', 'Shakib Al Hasan', 'Nurul Hasan', 'James Neesham', 'Mahedi Hasan', 'Shamim Hossain', 'Hasan Mahmud', 'Ashiqur Zaman', 'Tom Moores', 'Imran Tahir']","['Josh Brown', 'Shykat Ali', 'Tom Bruce', 'Shahadat Hossain', 'Curtis Campher', 'Shuvagata Hom', 'Shohidul Islam', 'Nihaduzzaman', 'Salauddin Sakil', 'Bilal Khan', 'Al-Amin Hossain']",Rangpur Riders,Runs,53.0,James Neesham,Asif Yaqoob,Moniruzzaman,Tanvir Ahmed,Sajedul Islam,Ehsanul Hoque
10,405,2024-02-10T00:00:00.000Z,Dhaka,"Shere Bangla National Stadium, Mirpur",night,28th Match,Fortune Barishal,Durdanto Dhaka,Fortune Barishal,Bat,189.0,4.0,20.0,149.0,10.0,19.4,Tamim Iqbal,Taskin Ahmed,"['Ahmed Shehzad', 'Tamim Iqbal', 'Soumya Sarkar', 'Mushfiqur Rahim', 'Mahmudullah', 'Shoaib Malik', 'Mehidy Hasan Miraz', 'Mohammad Saifuddin', 'Taijul Islam', 'Obed McCoy', 'Akif Javed']","['Sabbir Hossain', 'Mohammad Naim', 'Saif Hassan', 'Alex Ross', 'SM Meherob', 'Chaturanga de Silva', 'Tahjibul Islam', 'Lahiru Samarakoon', 'Taskin Ahmed', 'Shoriful Islam', 'Arafat Sunny']",Fortune Barishal,Runs,40.0,Soumya Sarkar,David Millns,Mahfuzur Rahman,Morshed Ali Khan,Shafeen Shareef,Showkatur Rahman
10,406,2024-02-13T00:00:00.000Z,Chattogram,"Zahur Ahmed Chowdhury Stadium, Chattogram",day,29th Match,Comilla Victorians,Chattogram Challengers,Chattogram Challengers,Bowl,239.0,3.0,20.0,166.0,10.0,16.3,Litton Das,Shuvagata Hom,"['Litton Das', 'Will Jacks', 'Towhid Hridoy', 'Brooke Guest', 'Moeen Ali', 'Mahidul Islam Ankon', 'Jaker Ali', 'Matthew Forde', 'Tanvir Islam', 'Rishad Hossain', 'Mustafizur Rahman']","['Josh Brown', 'Tanzid Hasan', 'Tom Bruce', 'Shahadat Hossain', 'Shykat Ali', 'Curtis Campher', 'Shuvagata Hom', 'Shohidul Islam', 'Nihaduzzaman', 'Al-Amin Hossain', 'Bilal Khan']",Comilla Victorians,Runs,73.0,Will Jacks,Deighton Butler,Masudur Rahman,Tanvir Ahmed,Ali Arman,Akhtar Ahmad
10,407,2024-02-13T00:00:00.000Z,Chattogram,"Zahur Ahmed Chowdhury Stadium, Chattogram",night,30th Match,Rangpur Riders,Khulna Tigers,Rangpur Riders,Bat,219.0,5.0,20.0,141.0,10.0,18.2,,,"['Rony Talukdar', 'Reeza Hendricks', 'Shakib Al Hasan', 'Mahedi Hasan', 'James Neesham', 'Nurul Hasan', 'Dwaine Pretorius', 'Shamim Hossain', 'Hasan Mahmud', 'Ripon Mondol', 'Imran Tahir']","['Evin Lewis', 'Alex Hales', 'Anamul Haque', 'Afif Hossain', 'Habibur Rahman Sohan', 'Akbar Ali', 'Nahidul Islam', 'Luke Wood', 'Nasum Ahmed', 'Mukidul Islam', 'Nahid Rana']",Rangpur Riders,Runs,78.0,Imran Tahir,David Millns,Mahfuzur Rahman,Gazi Sohel,Morshed Ali Khan,Salim Shahed
10,408,2024-02-14T00:00:00.000Z,Chattogram,"Zahur Ahmed Chowdhury Stadium, Chattogram",day,31st Match,Fortune Barishal,Durdanto Dhaka,Fortune Barishal,Bat,186.0,6.0,20.0,159.0,8.0,20.0,Tamim Iqbal,Mosaddek Hossain,"['Ahmed Shehzad', 'Tamim Iqbal', 'Soumya Sarkar', 'Mahmudullah', 'Shoaib Malik', 'Mushfiqur Rahim', 'Mehidy Hasan Miraz', 'Mohammad Saifuddin', 'Keshav Maharaj', 'Khaled Ahmed', 'Obed McCoy']","['Mohammad Naim', 'Adam Rossington', 'Saif Hassan', 'Alex Ross', 'Sean Williams', 'SM Meherob', 'Mosaddek Hossain', 'Alauddin Babu', 'Taskin Ahmed', 'Arafat Sunny', 'Shoriful Islam']",Fortune Barishal,Runs,27.0,Tamim Iqbal,David Millns,Gazi Sohel,Morshed Ali Khan,,Salim Shahed
10,409,2024-02-14T00:00:00.000Z,Chattogram,"Zahur Ahmed Chowdhury Stadium, Chattogram",night,32nd Match,Khulna Tigers,Comilla Victorians,Khulna Tigers,Bat,164.0,8.0,20.0,168.0,3.0,16.3,,Litton Das,"['Alex Hales', 'Afif Hossain', 'Anamul Haque', 'Evin Lewis', 'Mahmudul Hasan Joy', 'Wayne Parnell', 'Luke Wood', 'Nasum Ahmed', 'Rubel Hossain', 'Mukidul Islam', 'Nahid Rana']","['Litton Das', 'Will Jacks', 'Towhid Hridoy', 'Johnson Charles', 'Jaker Ali', 'Moeen Ali', 'Matthew Forde', 'Tanvir Islam', 'Rishad Hossain', 'Mustafizur Rahman', 'Al Islam']",Comilla Victorians,Wickets,7.0,Towhid Hridoy,Deighton Butler,Tanvir Ahmed,,Ali Arman,Akhtar Ahmad
10,410,2024-02-16T00:00:00.000Z,Chattogram,"Zahur Ahmed Chowdhury Stadium, Chattogram",day,33rd Match,Durdanto Dhaka,Khulna Tigers,Durdanto Dhaka,Bat,128.0,7.0,20.0,131.0,5.0,15.2,Mosaddek Hossain,Anamul Haque,"['Mohammad Naim', 'Adam Rossington', 'Saif Hassan', 'Alex Ross', 'Irfaan Shukkur', 'Sean Williams', 'Mosaddek Hossain', 'Chaturanga de Silva', 'Alauddin Babu', 'Taskin Ahmed', 'Shoriful Islam']","['Anamul Haque', 'Evin Lewis', 'Parvez Hossain Emon', 'Shai Hope', 'Afif Hossain', 'Mahmudul Hasan Joy', 'Wayne Parnell', 'Mukidul Islam', 'Arif Ahmed', 'Nahidul Islam', 'Oshane Thomas']",Khulna Tigers,Wickets,5.0,Wayne Parnell,David Millns,Masudur Rahman,Ali Arman,Morshed Ali Khan,Akhtar Ahmad
10,411,2024-02-16T00:00:00.000Z,Chattogram,"Zahur Ahmed Chowdhury Stadium, Chattogram",night,34th Match,Rangpur Riders,Chattogram Challengers,Rangpur Riders,Bat,187.0,8.0,20.0,169.0,6.0,20.0,,Shuvagata Hom,"['Rony Talukdar', 'Reeza Hendricks', 'Brandon King', 'Shakib Al Hasan', 'Nurul Hasan', 'Mahedi Hasan', 'James Neesham', 'Shamim Hossain', 'Dwaine Pretorius', 'Hasan Mahmud', 'Hasan Murad']","['Tanzid Hasan', 'Josh Brown', 'Shykat Ali', 'Tom Bruce', 'Shuvagata Hom', 'Romario Shepherd', 'Ziaur Rahman', 'Shohidul Islam', 'Nihaduzzaman', 'Bilal Khan', 'Salauddin Sakil']",Rangpur Riders,Runs,18.0,Mahedi Hasan,Deighton Butler,Gazi Sohel,Tanvir Ahmed,Mahfuzur Rahman,Salim Shahed
10,412,2024-02-17T00:00:00.000Z,Chattogram,"Zahur Ahmed Chowdhury Stadium, Chattogram",day,35th Match,Fortune Barishal,Sylhet Strikers,Fortune Barishal,Bat,183.0,6.0,20.0,165.0,8.0,20.0,Tamim Iqbal,,"['Tamim Iqbal', 'Ahmed Shehzad', 'Kyle Mayers', 'Soumya Sarkar', 'Mushfiqur Rahim', 'Mahmudullah', 'Mehidy Hasan Miraz', 'Mohammad Saifuddin', 'Keshav Maharaj', 'Khaled Ahmed', 'Obed McCoy']","['Harry Tector', 'Zakir Hasan', 'Najmul Hossain Shanto', 'Angelo Perera', 'Mohammad Mithun', 'Benny Howell', 'Ryan Burl', 'Ariful Haque', 'Tanzim Hasan Sakib', 'Sunzamul Islam', 'Shafiqul Islam']",Fortune Barishal,Runs,18.0,Kyle Mayers,Deighton Butler,Tanvir Ahmed,Masudur Rahman,Ali Arman,Salim Shahed
10,413,2024-02-17T00:00:00.000Z,Chattogram,"Zahur Ahmed Chowdhury Stadium, Chattogram",night,36th Match,Chattogram Challengers,Durdanto Dhaka,Chattogram Challengers,Bat,159.0,6.0,20.0,149.0,5.0,20.0,Shuvagata Hom,Mosaddek Hossain,"['Shykat Ali', 'Tanzid Hasan', 'Josh Brown', 'Tom Bruce', 'Romario Shepherd', 'Shuvagata Hom', 'Shahadat Hossain', 'Shohidul Islam', 'Nihaduzzaman', 'Salauddin Sakil', 'Bilal Khan']","['Mohammad Naim', 'Adam Rossington', 'Sabbir Hossain', 'Alex Ross', 'Sean Williams', 'Mosaddek Hossain', 'Irfaan Shukkur', 'Taskin Ahmed', 'Shoriful Islam', 'Anamul Haque', 'Chaturanga de Silva']",Chattogram Challengers,Runs,10.0,Tanzid Hasan,David Millns,Mahfuzur Rahman,Gazi Sohel,Morshed Ali Khan,Akhtar Ahmad
10,414,2024-02-19T00:00:00.000Z,Chattogram,"Zahur Ahmed Chowdhury Stadium, Chattogram",day,37th Match,Sylhet Strikers,Comilla Victorians,Sylhet Strikers,Bat,177.0,5.0,20.0,165.0,6.0,20.0,,,"['Kennar Lewis', 'Zakir Hasan', 'Najmul Hossain Shanto', 'Yasir Ali', 'Mohammad Mithun', 'Benny Howell', 'Ariful Haque', 'Samit Patel', 'Tanzim Hasan Sakib', 'Sunzamul Islam', 'Shafiqul Islam']","['Imrul Kayes', 'Litton Das', 'Towhid Hridoy', 'Johnson Charles', 'Moeen Ali', 'Andre Russell', 'Jaker Ali', 'Sunil Narine', 'Rishad Hossain', 'Musfik Hasan', 'Al Islam']",Sylhet Strikers,Runs,12.0,Benny Howell,Deighton Butler,Gazi Sohel,Masudur Rahman,Mahfuzur Rahman,Raqibul Hasan
10,415,2024-02-19T00:00:00.000Z,Chattogram,"Zahur Ahmed Chowdhury Stadium, Chattogram",night,38th Match,Fortune Barishal,Rangpur Riders,Fortune Barishal,Bat,151.0,9.0,20.0,155.0,9.0,19.3,Tamim Iqbal,,"['Tamim Iqbal', 'Tom Banton', 'Kyle Mayers', 'Mushfiqur Rahim', 'Soumya Sarkar', 'Mahmudullah', 'Mehidy Hasan Miraz', 'Mohammad Saifuddin', 'Keshav Maharaj', 'Obed McCoy', 'Kamrul Islam']","['Brandon King', 'Mominul Haque', 'Shakib Al Hasan', 'Mahedi Hasan', 'Nurul Hasan', 'Tom Moores', 'James Neesham', 'Dwaine Pretorius', 'Shamim Hossain', 'Abu Hider', 'Hasan Mahmud']",Rangpur Riders,Wickets,1.0,Abu Hider,David Millns,Tanvir Ahmed,Moniruzzaman,Morshed Ali Khan,Ehsanul Hoque
10,416,2024-02-20T00:00:00.000Z,Chattogram,"Zahur Ahmed Chowdhury Stadium, Chattogram",day,39th Match,Chattogram Challengers,Khulna Tigers,Chattogram Challengers,Bat,192.0,4.0,20.0,127.0,10.0,19.5,Shuvagata Hom,Anamul Haque,"['Muhammad Waseem', 'Tanzid Hasan', 'Shykat Ali', 'Tom Bruce', 'Romario Shepherd', 'Shuvagata Hom', 'Shahadat Hossain', 'Shohidul Islam', 'Nihaduzzaman', 'Salauddin Sakil', 'Bilal Khan']","['Anamul Haque', 'Parvez Hossain Emon', 'Shai Hope', 'Evin Lewis', 'Afif Hossain', 'Mahmudul Hasan Joy', 'Jason Holder', 'Wayne Parnell', 'Nasum Ahmed', 'Mukidul Islam', 'Arif Ahmed']",Chattogram Challengers,Runs,65.0,Tanzid Hasan,David Millns,Morshed Ali Khan,Tanvir Ahmed,Mahfuzur Rahman,Raqibul Hasan
10,417,2024-02-20T00:00:00.000Z,Chattogram,"Zahur Ahmed Chowdhury Stadium, Chattogram",night,40th Match,Rangpur Riders,Comilla Victorians,Comilla Victorians,Bowl,150.0,10.0,19.5,151.0,4.0,17.4,,,"['Brandon King', 'Rony Talukdar', 'Shakib Al Hasan', 'Mahedi Hasan', 'Nurul Hasan', 'James Neesham', 'Tom Moores', 'Shamim Hossain', 'Abu Hider', 'Hasan Mahmud', 'Imran Tahir']","['Litton Das', 'Sunil Narine', 'Towhid Hridoy', 'Mahidul Islam Ankon', 'Moeen Ali', 'Andre Russell', 'Jaker Ali', 'Matthew Forde', 'Tanvir Islam', 'Rishad Hossain', 'Musfik Hasan']",Comilla Victorians,Wickets,6.0,Andre Russell,Deighton Butler,Masudur Rahman,Gazi Sohel,Moniruzzaman,Ehsanul Hoque
10,418,2024-02-23T00:00:00.000Z,Dhaka,"Shere Bangla National Stadium, Mirpur",day,41st Match,Comilla Victorians,Fortune Barishal,Fortune Barishal,Bowl,140.0,8.0,20.0,141.0,4.0,19.4,Litton Das,Tamim Iqbal,"['Sunil Narine', 'Litton Das', 'Towhid Hridoy', 'Mahidul Islam Ankon', 'Moeen Ali', 'Andre Russell', 'Jaker Ali', 'Matthew Forde', 'Mohammad Enamul', 'Tanvir Islam', 'Musfik Hasan']","['Tamim Iqbal', 'Ahmed Shehzad', 'Kyle Mayers', 'Mushfiqur Rahim', 'Mahmudullah', 'Soumya Sarkar', 'Mehidy Hasan Miraz', 'Obed McCoy', 'Mohammad Saifuddin', 'Taijul Islam', 'Akif Javed']",Fortune Barishal,Wickets,6.0,Tamim Iqbal,Deighton Butler,Gazi Sohel,Morshed Ali Khan,Mahfuzur Rahman,Showkatur Rahman
10,419,2024-02-23T00:00:00.000Z,Dhaka,"Shere Bangla National Stadium, Mirpur",night,42nd Match,Khulna Tigers,Sylhet Strikers,Sylhet Strikers,Bowl,128.0,8.0,20.0,130.0,4.0,18.0,,,"['Anamul Haque', 'Afif Hossain', 'Habibur Rahman Sohan', 'Mahmudul Hasan Joy', 'Jason Holder', 'Wayne Parnell', 'Nahidul Islam', 'Arif Ahmed', 'Rubel Hossain', 'Jon-Russ Jaggesar', 'Oshane Thomas']","['Kennar Lewis', 'Zakir Hasan', 'Najmul Hossain Shanto', 'Yasir Ali', 'Mohammad Mithun', 'Benny Howell', 'Ariful Haque', 'Samit Patel', 'Tanzim Hasan Sakib', 'Shafiqul Islam', 'Sunzamul Islam']",Sylhet Strikers,Wickets,6.0,Benny Howell,David Millns,Tanvir Ahmed,Masudur Rahman,Mahfuzur Rahman,Ehsanul Hoque
10,420,2024-02-26T00:00:00.000Z,Dhaka,"Shere Bangla National Stadium, Mirpur",day,Eliminator,Chattogram Challengers,Fortune Barishal,Fortune Barishal,Bowl,135.0,9.0,20.0,136.0,3.0,14.5,Shuvagata Hom,Tamim Iqbal,"['Josh Brown', 'Tanzid Hasan', 'Imranuzzaman', 'Tom Bruce', 'Shykat Ali', 'Shuvagata Hom', 'Romario Shepherd', 'Nihaduzzaman', 'Salauddin Sakil', 'Al-Amin Hossain', 'Bilal Khan']","['Tamim Iqbal', 'Soumya Sarkar', 'Kyle Mayers', 'David Miller', 'Mushfiqur Rahim', 'Mahmudullah', 'Mehidy Hasan Miraz', 'Mohammad Saifuddin', 'James Fuller', 'Obed McCoy', 'Taijul Islam']",Fortune Barishal,Wickets,7.0,Kyle Mayers,David Millns,Masudur Rahman,Gazi Sohel,Morshed Ali Khan,Raqibul Hasan
10,421,2024-02-26T00:00:00.000Z,Dhaka,"Shere Bangla National Stadium, Mirpur",night,Qualifier 1,Rangpur Riders,Comilla Victorians,Comilla Victorians,Bowl,185.0,6.0,20.0,186.0,4.0,18.3,,,"['Rony Talukdar', 'Shamim Hossain', 'Shakib Al Hasan', 'Mahedi Hasan', 'James Neesham', 'Nicholas Pooran', 'Nurul Hasan', 'Mohammad Nabi', 'Abu Hider', 'Hasan Mahmud', 'Fazalhaq Farooqi']","['Sunil Narine', 'Litton Das', 'Towhid Hridoy', 'Johnson Charles', 'Moeen Ali', 'Andre Russell', 'Mahidul Islam Ankon', 'Jaker Ali', 'Tanvir Islam', 'Musfik Hasan', 'Rohanat Doullah Borson']",Comilla Victorians,Wickets,6.0,Litton Das,Deighton Butler,Sharfuddoula,Tanvir Ahmed,Ali Arman,Salim Shahed
10,422,2024-02-28T00:00:00.000Z,Dhaka,"Shere Bangla National Stadium, Mirpur",night,Qualifier 2,Rangpur Riders,Fortune Barishal,Fortune Barishal,Bowl,149.0,7.0,20.0,152.0,4.0,18.3,,Tamim Iqbal,"['Rony Talukdar', 'Mahedi Hasan', 'Shakib Al Hasan', 'James Neesham', 'Nicholas Pooran', 'Mohammad Nabi', 'Nurul Hasan', 'Shamim Hossain', 'Abu Hider', 'Hasan Mahmud', 'Fazalhaq Farooqi']","['Mehidy Hasan Miraz', 'Tamim Iqbal', 'Soumya Sarkar', 'Mushfiqur Rahim', 'Kyle Mayers', 'David Miller', 'Mahmudullah', 'James Fuller', 'Mohammad Saifuddin', 'Obed McCoy', 'Taijul Islam']",Fortune Barishal,Wickets,6.0,Mushfiqur Rahim,Deighton Butler,Gazi Sohel,Sharfuddoula,Moniruzzaman,Neeyamur Rashid
10,423,2024-03-01T00:00:00.000Z,Dhaka,"Shere Bangla National Stadium, Mirpur",night,Final,Comilla Victorians,Fortune Barishal,Fortune Barishal,Bowl,154.0,6.0,20.0,157.0,4.0,19.0,Litton Das,Tamim Iqbal,"['Sunil Narine', 'Litton Das', 'Towhid Hridoy', 'Johnson Charles', 'Mahidul Islam Ankon', 'Moeen Ali', 'Jaker Ali', 'Andre Russell', 'Tanvir Islam', 'Rohanat Doullah Borson', 'Mustafizur Rahman']","['Tamim Iqbal', 'Mehidy Hasan Miraz', 'Kyle Mayers', 'Mushfiqur Rahim', 'Mahmudullah', 'David Miller', 'Soumya Sarkar', 'James Fuller', 'Mohammad Saifuddin', 'Obed McCoy', 'Taijul Islam']",Fortune Barishal,Wickets,6.0,Kyle Mayers,David Millns,Sharfuddoula,Masudur Rahman,Tanvir Ahmed,Raqibul Hasan
11,424,2024-12-30T00:00:00.000Z,Dhaka,"Shere Bangla National Stadium, Mirpur",day,1st Match,Durbar Rajshahi,Fortune Barishal,Fortune Barishal,Bowl,197.0,3.0,20.0,200.0,6.0,18.1,Anamul Haque,Tamim Iqbal,"['Mohammad Haris', 'Jishan Alam', 'Anamul Haque', 'Yasir Ali', 'Ryan Burl', 'Akbar Ali', 'SM Meherob', 'Lahiru Samarakoon', 'Mrittunjoy Chowdhury', 'Taskin Ahmed', 'Hasan Murad']","['Najmul Hossain Shanto', 'Tamim Iqbal', 'Towhid Hridoy', 'Kyle Mayers', 'Mushfiqur Rahim', 'Mahmudullah', 'Shaheen Shah Afridi', 'Faheem Ashraf', 'Mohammad Nabi', 'Tanvir Islam', 'Ripon Mondol']",Fortune Barishal,Wickets,4.0,Mahmudullah,Asif Yaqoob,Masudur Rahman,Tanvir Ahmed,Moniruzzaman,Neeyamur Rashid
11,425,2024-12-30T00:00:00.000Z,Dhaka,"Shere Bangla National Stadium, Mirpur",night,2nd Match,Rangpur Riders,Dhaka Capital,Dhaka Capital,Bowl,191.0,6.0,20.0,151.0,9.0,20.0,,Thisara Perera,"['Steven Taylor', 'Alex Hales', 'Saif Hassan', 'Iftikhar Ahmed', 'Khushdil Shah', 'Nurul Hasan', 'Mohammad Saifuddin', 'Mahedi Hasan', 'Rakibul Hasan', 'Kamrul Islam', 'Nahid Rana']","['Tanzid Hasan', 'Litton Das', 'Habibur Rahman Sohan', 'Stephen Eskinazi', 'Farmanullah', 'Thisara Perera', 'Alauddin Babu', 'Amir Hamza', 'Mukidul Islam', 'Nazmul Islam', 'Mustafizur Rahman']",Rangpur Riders,Runs,40.0,Khushdil Shah,Mahfuzur Rahman,Raveendra Wimalasiri,Gazi Sohel,Muhammad Kamruzzaman,Akhtar Ahmad
11,426,2024-12-31T00:00:00.000Z,Dhaka,"Shere Bangla National Stadium, Mirpur",day,3rd Match,Khulna Tigers,Chittagong Kings,Chittagong Kings,Bowl,203.0,4.0,20.0,166.0,10.0,18.5,Mehidy Hasan Miraz,,"['Mohammad Naim', 'William Bosisto', 'Mehidy Hasan Miraz', 'Ibrahim Zadran', 'Afif Hossain', 'Mahidul Islam Ankon', 'Nasum Ahmed', 'Hasan Mahmud', 'Abu Hider', 'Mohammad Nawaz', 'Oshane Thomas']","['Naeem Islam', 'Parvez Hossain Emon', 'Usman Khan', 'Mohammad Mithun', 'Haider Ali', 'Shamim Hossain', ""Tom O'Connell"", 'Mohammad Wasim', 'Shoriful Islam', 'Al Islam', 'Khaled Ahmed']",Khulna Tigers,Runs,37.0,Mahidul Islam Ankon,Raveendra Wimalasiri,Tanvir Ahmed,Masudur Rahman,Mahfuzur Rahman,Akhtar Ahmad
11,427,2024-12-31T00:00:00.000Z,Dhaka,"Shere Bangla National Stadium, Mirpur",night,4th Match,Rangpur Riders,Sylhet Strikers,Rangpur Riders,Bat,155.0,6.0,20.0,121.0,9.0,20.0,,Ariful Haque,"['Steven Taylor', 'Alex Hales', 'Saif Hassan', 'Iftikhar Ahmed', 'Khushdil Shah', 'Nurul Hasan', 'Mahedi Hasan', 'Mohammad Saifuddin', 'Rakibul Hasan', 'Kamrul Islam', 'Nahid Rana']","['Rony Talukdar', 'George Munsey', 'Zakir Hasan', 'Paul Stirling', 'Jaker Ali', 'Ariful Haque', 'Samiullah Shinwari', 'Tanzim Hasan Sakib', 'Nihaduzzaman', 'Reece Topley', 'Al-Amin Hossain']",Rangpur Riders,Runs,34.0,Nahid Rana,Asif Yaqoob,Gazi Sohel,Moniruzzaman,Muhammad Kamruzzaman,Neeyamur Rashid
11,428,2025-01-02T00:00:00.000Z,Dhaka,"Shere Bangla National Stadium, Mirpur",day,5th Match,Dhaka Capital,Durbar Rajshahi,Dhaka Capital,Bat,174.0,9.0,20.0,179.0,3.0,18.1,Thisara Perera,Anamul Haque,"['Litton Das', 'Tanzid Hasan', 'Stephen Eskinazi', 'Shahadat Hossain', 'Thisara Perera', 'Shubham Ranjane', 'Chaturanga de Silva', 'Alauddin Babu', 'Mukidul Islam', 'Nazmul Islam', 'Mustafizur Rahman']","['Mohammad Haris', 'Jishan Alam', 'Anamul Haque', 'Yasir Ali', 'Ryan Burl', 'Akbar Ali', 'Sabbir Hossain', 'Taskin Ahmed', 'Hasan Murad', 'Mohor Sheikh', 'Shafiul Islam']",Durbar Rajshahi,Wickets,7.0,Taskin Ahmed,Mahfuzur Rahman,Raveendra Wimalasiri,Muhammad Kamruzzaman,Ali Arman,Akhtar Ahmad
11,429,2025-01-02T00:00:00.000Z,Dhaka,"Shere Bangla National Stadium, Mirpur",night,6th Match,Fortune Barishal,Rangpur Riders,Rangpur Riders,Bowl,124.0,10.0,18.2,128.0,2.0,15.0,Tamim Iqbal,,"['Tamim Iqbal', 'Najmul Hossain Shanto', 'Towhid Hridoy', 'Kyle Mayers', 'Mushfiqur Rahim', 'Mahmudullah', 'Faheem Ashraf', 'Mohammad Nabi', 'Shaheen Shah Afridi', 'Tanvir Islam', 'Iqbal Hossain Emon']","['Alex Hales', 'Azizul Hakim', 'Tawfique Khan', 'Saif Hassan', 'Iftikhar Ahmed', 'Khushdil Shah', 'Nurul Hasan', 'Mahedi Hasan', 'Kamrul Islam', 'Nahid Rana', 'Akif Javed']",Rangpur Riders,Wickets,8.0,Saif Hassan,Asif Yaqoob,Morshed Ali Khan,Gazi Sohel,Moniruzzaman,Debabrata Paul
11,430,2025-01-03T00:00:00.000Z,Dhaka,"Shere Bangla National Stadium, Mirpur",day,7th Match,Chittagong Kings,Durbar Rajshahi,Durbar Rajshahi,Bowl,219.0,5.0,20.0,114.0,10.0,17.1,,Anamul Haque,"['Parvez Hossain Emon', 'Usman Khan', 'Graham Clark', 'Mohammad Mithun', 'Shamim Hossain', 'Haider Ali', 'Mohammad Wasim', 'Shoriful Islam', 'Al Islam', 'Khaled Ahmed', 'Arafat Sunny']","['Mohammad Haris', 'Sabbir Hossain', 'Anamul Haque', 'Yasir Ali', 'Akbar Ali', 'Ryan Burl', 'Sohag Gazi', 'Taskin Ahmed', 'Shafiul Islam', 'Hasan Murad', 'Mohor Sheikh']",Chittagong Kings,Runs,105.0,Usman Khan,Asif Yaqoob,Muhammad Kamruzzaman,Morshed Ali Khan,Moniruzzaman,
11,431,2025-01-03T00:00:00.000Z,Dhaka,"Shere Bangla National Stadium, Mirpur",night,8th Match,Khulna Tigers,Dhaka Capital,Dhaka Capital,Bowl,173.0,8.0,20.0,153.0,6.0,20.0,Mehidy Hasan Miraz,Thisara Perera,"['Mohammad Naim', 'William Bosisto', 'Afif Hossain', 'Ibrahim Zadran', 'Mehidy Hasan Miraz', 'Mohammad Nawaz', 'Mahidul Islam Ankon', 'Ziaur Rahman', 'Abu Hider', 'Nasum Ahmed', 'Hasan Mahmud']","['Tanzid Hasan', 'Litton Das', 'Stephen Eskinazi', 'Shahadat Hossain', 'Shubham Ranjane', 'Thisara Perera', 'Alauddin Babu', 'Chaturanga de Silva', 'Nazmul Islam', 'Mustafizur Rahman', 'Abu Jayed']",Khulna Tigers,Runs,20.0,Mehidy Hasan Miraz,Gazi Sohel,Raveendra Wimalasiri,Ali Arman,Mahfuzur Rahman,Debabrata Paul
11,432,2025-01-06T00:00:00.000Z,Sylhet,Sylhet International Cricket Stadium,day,9th Match,Sylhet Strikers,Rangpur Riders,Rangpur Riders,Bowl,205.0,4.0,20.0,210.0,2.0,19.0,Ariful Haque,,"['Rony Talukdar', 'George Munsey', 'Zakir Hasan', 'Paul Stirling', 'Aaron Jones', 'Jaker Ali', 'Ariful Haque', 'Tanzim Hasan Sakib', 'Nihaduzzaman', 'Reece Topley', 'Al-Amin Hossain']","['Alex Hales', 'Azizul Hakim', 'Saif Hassan', 'Iftikhar Ahmed', 'Khushdil Shah', 'Mohammad Saifuddin', 'Nurul Hasan', 'Mahedi Hasan', 'Nahid Rana', 'Akif Javed', 'Rakibul Hasan']",Rangpur Riders,Wickets,8.0,Alex Hales,Asif Yaqoob,Moniruzzaman,Tanvir Ahmed,Ali Arman,Akhtar Ahmad
11,433,2025-01-06T00:00:00.000Z,Sylhet,Sylhet International Cricket Stadium,night,10th Match,Durbar Rajshahi,Fortune Barishal,Fortune Barishal,Bowl,168.0,4.0,20.0,169.0,3.0,17.3,Anamul Haque,Tamim Iqbal,"['Mohammad Haris', 'Jishan Alam', 'Anamul Haque', 'Yasir Ali', 'Ryan Burl', 'Akbar Ali', 'Sabbir Hossain', 'Hasan Murad', 'Mohor Sheikh', 'Shafiul Islam', 'Taskin Ahmed']","['Tamim Iqbal', 'Pritom Kumar', 'Kyle Mayers', 'Towhid Hridoy', 'Mushfiqur Rahim', 'Mahmudullah', 'Rishad Hossain', 'Faheem Ashraf', 'Shaheen Shah Afridi', 'Tanvir Islam', 'Jahandad Khan']",Fortune Barishal,Wickets,7.0,Tamim Iqbal,Mahfuzur Rahman,Raveendra Wimalasiri,Morshed Ali Khan,Sajedul Islam,Neeyamur Rashid
11,434,2025-01-07T00:00:00.000Z,Sylhet,Sylhet International Cricket Stadium,day,11th Match,Dhaka Capital,Rangpur Riders,Rangpur Riders,Bowl,111.0,10.0,16.3,113.0,3.0,13.2,Thisara Perera,,"['Habibur Rahman Sohan', 'Jason Roy', 'Tanzid Hasan', 'Litton Das', 'Sabbir Rahman', 'Thisara Perera', 'Mosaddek Hossain', 'Alauddin Babu', 'Amir Hamza', 'Mukidul Islam', 'Mustafizur Rahman']","['Azizul Hakim', 'Alex Hales', 'Saif Hassan', 'Iftikhar Ahmed', 'Khushdil Shah', 'Mohammad Saifuddin', 'Nurul Hasan', 'Mahedi Hasan', 'Nahid Rana', 'Akif Javed', 'Kamrul Islam']",Rangpur Riders,Wickets,7.0,Nahid Rana,Raveendra Wimalasiri,Tanvir Ahmed,Ali Arman,Mahfuzur Rahman,Neeyamur Rashid
11,435,2025-01-07T00:00:00.000Z,Sylhet,Sylhet International Cricket Stadium,night,12th Match,Sylhet Strikers,Fortune Barishal,Fortune Barishal,Bowl,125.0,10.0,18.2,126.0,3.0,10.3,Ariful Haque,Tamim Iqbal,"['Rony Talukdar', 'Rahkeem Cornwall', 'Zakir Hasan', 'George Munsey', 'Aaron Jones', 'Jaker Ali', 'Ariful Haque', 'Tanzim Hasan Sakib', 'Ruyel Miah', 'Reece Topley', 'Al-Amin Hossain']","['Tamim Iqbal', 'Najmul Hossain Shanto', 'Kyle Mayers', 'Towhid Hridoy', 'Jahandad Khan', 'Mahmudullah', 'Rishad Hossain', 'Faheem Ashraf', 'Shaheen Shah Afridi', 'Mushfiqur Rahim', 'Tanvir Islam']",Fortune Barishal,Wickets,7.0,Jahandad Khan,Asif Yaqoob,Morshed Ali Khan,Moniruzzaman,Sajedul Islam,Akhtar Ahmad
11,436,2025-01-09T00:00:00.000Z,Sylhet,Sylhet International Cricket Stadium,day,13th Match,Fortune Barishal,Rangpur Riders,Rangpur Riders,Bowl,197.0,5.0,20.0,202.0,7.0,20.0,Tamim Iqbal,,"['Tamim Iqbal', 'Najmul Hossain Shanto', 'Kyle Mayers', 'Towhid Hridoy', 'Mahmudullah', 'Faheem Ashraf', 'Jahandad Khan', 'Mushfiqur Rahim', 'Rishad Hossain', 'Shaheen Shah Afridi', 'Tanvir Islam']","['Tawfique Khan', 'Alex Hales', 'Saif Hassan', 'Iftikhar Ahmed', 'Khushdil Shah', 'Nurul Hasan', 'Mahedi Hasan', 'Mohammad Saifuddin', 'Kamrul Islam', 'Nahid Rana', 'Akif Javed']",Rangpur Riders,Wickets,3.0,Nurul Hasan,Ali Arman,Asif Yaqoob,Tanvir Ahmed,Sajedul Islam,Neeyamur Rashid
11,437,2025-01-09T00:00:00.000Z,Sylhet,Sylhet International Cricket Stadium,night,14th Match,Dhaka Capital,Chittagong Kings,Chittagong Kings,Bowl,177.0,5.0,20.0,180.0,3.0,19.3,Thisara Perera,,"['Jason Roy', 'Tanzid Hasan', 'Stephen Eskinazi', 'Shahadat Hossain', 'Sabbir Rahman', 'Thisara Perera', 'Farmanullah', 'Mosaddek Hossain', 'Mukidul Islam', 'Nazmul Islam', 'Mustafizur Rahman']","['Parvez Hossain Emon', 'Usman Khan', 'Graham Clark', 'Mohammad Mithun', 'Shamim Hossain', 'Haider Ali', 'Mohammad Wasim', 'Arafat Sunny', 'Shoriful Islam', 'Khaled Ahmed', 'Al Islam']",Chittagong Kings,Wickets,7.0,Khaled Ahmed,Gazi Sohel,Morshed Ali Khan,Masudur Rahman,Sajedul Islam,Debabrata Paul
11,438,2025-01-10T00:00:00.000Z,Sylhet,Sylhet International Cricket Stadium,day,15th Match,Durbar Rajshahi,Khulna Tigers,Khulna Tigers,Bowl,178.0,5.0,20.0,150.0,10.0,19.3,Anamul Haque,Mehidy Hasan Miraz,"['Mohammad Haris', 'Jishan Alam', 'Anamul Haque', 'SM Meherob', 'Yasir Ali', 'Ryan Burl', 'Akbar Ali', 'Sohag Gazi', 'Taskin Ahmed', 'Shafiul Islam', 'Mrittunjoy Chowdhury']","['William Bosisto', 'Mohammad Naim', 'Mehidy Hasan Miraz', 'Afif Hossain', 'Mahidul Islam Ankon', 'Imrul Kayes', 'Abu Hider', 'Mohammad Nawaz', 'Nasum Ahmed', 'Hasan Mahmud', 'Salman Irshad']",Durbar Rajshahi,Runs,28.0,Ryan Burl,Raveendra Wimalasiri,Tanvir Ahmed,Morshed Ali Khan,Sajedul Islam,Debabrata Paul
11,439,2025-01-10T00:00:00.000Z,Sylhet,Sylhet International Cricket Stadium,night,16th Match,Dhaka Capital,Sylhet Strikers,Dhaka Capital,Bat,193.0,6.0,20.0,195.0,7.0,18.4,Thisara Perera,Ariful Haque,"['Litton Das', 'Tanzid Hasan', 'Munim Shahriar', 'Sabbir Rahman', 'Thisara Perera', 'Riaz Hassan', 'Mosaddek Hossain', 'Shubham Ranjane', 'Farmanullah', 'Abu Jayed', 'Mustafizur Rahman']","['Rahkeem Cornwall', 'George Munsey', 'Zakir Hasan', 'Aaron Jones', 'Nahidul Islam', 'Rony Talukdar', 'Jaker Ali', 'Ariful Haque', 'Tanzim Hasan Sakib', 'Reece Topley', 'Al-Amin Hossain']",Sylhet Strikers,Wickets,3.0,Zakir Hasan,Asif Yaqoob,Masudur Rahman,Gazi Sohel,Ali Arman,Neeyamur Rashid
11,440,2025-01-12T00:00:00.000Z,Sylhet,Sylhet International Cricket Stadium,day,17th Match,Sylhet Strikers,Khulna Tigers,Khulna Tigers,Bowl,182.0,5.0,20.0,174.0,9.0,20.0,Ariful Haque,Mehidy Hasan Miraz,"['Rony Talukdar', 'Rahkeem Cornwall', 'George Munsey', 'Zakir Hasan', 'Aaron Jones', 'Jaker Ali', 'Ariful Haque', 'Nahidul Islam', 'Tanzim Hasan Sakib', 'Reece Topley', 'Ruyel Miah']","['William Bosisto', 'Mohammad Naim', 'Imrul Kayes', 'Darwish Rasooli', 'Mehidy Hasan Miraz', 'Mohammad Nawaz', 'Mahidul Islam Ankon', 'Ziaur Rahman', 'Abu Hider', 'Nasum Ahmed', 'Hasan Mahmud']",Sylhet Strikers,Runs,8.0,Zakir Hasan,Gazi Sohel,Raveendra Wimalasiri,Muhammad Kamruzzaman,Ali Arman,Ehsanul Hoque
11,441,2025-01-12T00:00:00.000Z,Sylhet,Sylhet International Cricket Stadium,night,18th Match,Dhaka Capital,Durbar Rajshahi,Durbar Rajshahi,Bowl,254.0,1.0,20.0,105.0,10.0,15.2,Thisara Perera,Anamul Haque,"['Tanzid Hasan', 'Litton Das', 'Sabbir Rahman', 'Riaz Hassan', 'Munim Shahriar', 'Thisara Perera', 'Farmanullah', 'Mosaddek Hossain', 'Abu Jayed', 'Mustafizur Rahman', 'Mukidul Islam']","['Mohammad Haris', 'Sabbir Hossain', 'Anamul Haque', 'Yasir Ali', 'Akbar Ali', 'SM Meherob', 'Ryan Burl', 'Sohag Gazi', 'Sunzamul Islam', 'Taskin Ahmed', 'Shafiul Islam']",Dhaka Capital,Runs,149.0,Litton Das,Asif Yaqoob,Morshed Ali Khan,Masudur Rahman,Shafeen Shareef,Neeyamur Rashid
11,442,2025-01-13T00:00:00.000Z,Sylhet,Sylhet International Cricket Stadium,day,19th Match,Chittagong Kings,Sylhet Strikers,Sylhet Strikers,Bowl,203.0,6.0,20.0,173.0,8.0,20.0,,Ariful Haque,"['Usman Khan', 'Parvez Hossain Emon', 'Graham Clark', 'Mohammad Mithun', 'Haider Ali', 'Shamim Hossain', 'Mohammad Wasim', 'Shoriful Islam', 'Khaled Ahmed', 'Al Islam', 'Nabil Samad']","['Rony Talukdar', 'Paul Stirling', 'Zakir Hasan', 'George Munsey', 'Aaron Jones', 'Jaker Ali', 'Ariful Haque', 'Tanzim Hasan Sakib', 'Nahidul Islam', 'Nihaduzzaman', 'Ruyel Miah']",Chittagong Kings,Runs,30.0,Graham Clark,Ali Arman,Asif Yaqoob,Morshed Ali Khan,Shafeen Shareef,Neeyamur Rashid
11,443,2025-01-13T00:00:00.000Z,Sylhet,Sylhet International Cricket Stadium,night,20th Match,Rangpur Riders,Khulna Tigers,Rangpur Riders,Bat,186.0,5.0,20.0,178.0,9.0,20.0,,Mehidy Hasan Miraz,"['Tawfique Khan', 'Steven Taylor', 'Saif Hassan', 'Iftikhar Ahmed', 'Khushdil Shah', 'Nurul Hasan', 'Mahedi Hasan', 'Mohammad Saifuddin', 'Rejaur Rahman Raja', 'Nahid Rana', 'Akif Javed']","['Darwish Rasooli', 'Mohammad Naim', 'Mehidy Hasan Miraz', 'Afif Hossain', 'Mahidul Islam Ankon', 'Mohammad Nawaz', 'Imrul Kayes', 'Abu Hider', 'Nasum Ahmed', 'Hasan Mahmud', 'Salman Irshad']",Rangpur Riders,Runs,8.0,Akif Javed,Masudur Rahman,Raveendra Wimalasiri,Gazi Sohel,Muhammad Kamruzzaman,Ehsanul Hoque
11,444,2025-01-16T00:00:00.000Z,Chattogram,"Zahur Ahmed Chowdhury Stadium, Chattogram",day,21st Match,Dhaka Capital,Fortune Barishal,Dhaka Capital,Bat,139.0,10.0,19.3,145.0,2.0,16.0,Thisara Perera,Tamim Iqbal,"['Tanzid Hasan', 'Litton Das', 'Munim Shahriar', 'JP Kotze', 'Sabbir Rahman', 'Thisara Perera', 'Mosaddek Hossain', 'Farmanullah', 'Chaturanga de Silva', 'Abu Jayed', 'Mustafizur Rahman']","['Tamim Iqbal', 'Najmul Hossain Shanto', 'Dawid Malan', 'Jahandad Khan', 'Towhid Hridoy', 'Mushfiqur Rahim', 'Mahmudullah', 'Ripon Mondol', 'Faheem Ashraf', 'Mohammad Nabi', 'Tanvir Islam']",Fortune Barishal,Wickets,8.0,Tamim Iqbal,Asif Yaqoob,Moniruzzaman,Masudur Rahman,Ali Arman,Salim Shahed
11,445,2025-01-16T00:00:00.000Z,Chattogram,"Zahur Ahmed Chowdhury Stadium, Chattogram",night,22nd Match,Chittagong Kings,Khulna Tigers,Khulna Tigers,Bowl,200.0,7.0,20.0,155.0,9.0,20.0,,Mehidy Hasan Miraz,"['Parvez Hossain Emon', 'Usman Khan', 'Graham Clark', 'Shamim Hossain', 'Haider Ali', 'Mohammad Mithun', 'Mohammad Wasim', 'Shoriful Islam', 'Khaled Ahmed', 'Arafat Sunny', 'Al Islam']","['Mohammad Naim', 'Dom Sibley', 'Mehidy Hasan Miraz', 'Afif Hossain', 'Darwish Rasooli', 'Mahfuzur Rahman Rabby', 'Mohammad Nawaz', 'Mahidul Islam Ankon', 'Abu Hider', 'Hasan Mahmud', 'Salman Irshad']",Chittagong Kings,Runs,45.0,Graham Clark,Mahfuzur Rahman,Sharfuddoula,Raveendra Wimalasiri,Muhammad Kamruzzaman,Ehsanul Hoque
11,446,2025-01-17T00:00:00.000Z,Chattogram,"Zahur Ahmed Chowdhury Stadium, Chattogram",day,23rd Match,Durbar Rajshahi,Sylhet Strikers,Durbar Rajshahi,Bat,184.0,7.0,20.0,119.0,10.0,17.3,Anamul Haque,Ariful Haque,"['Mohammad Haris', 'Jishan Alam', 'Anamul Haque', 'Ryan Burl', 'Yasir Ali', 'Akbar Ali', 'Mark Deyal', 'Mrittunjoy Chowdhury', 'Aftab Alam', 'Sunzamul Islam', 'Taskin Ahmed']","['Rony Talukdar', 'Paul Stirling', 'Zakir Hasan', 'George Munsey', 'Aaron Jones', 'Jaker Ali', 'Nahidul Islam', 'Ariful Haque', 'Nihaduzzaman', 'Ruyel Miah', 'Reece Topley']",Durbar Rajshahi,Runs,65.0,Sunzamul Islam,Ali Arman,Raveendra Wimalasiri,Moniruzzaman,Mahfuzur Rahman,Ehsanul Hoque
11,447,2025-01-17T00:00:00.000Z,Chattogram,"Zahur Ahmed Chowdhury Stadium, Chattogram",night,24th Match,Rangpur Riders,Chittagong Kings,Chittagong Kings,Bowl,164.0,7.0,20.0,131.0,8.0,20.0,,,"['Tawfique Khan', 'Steven Taylor', 'Saif Hassan', 'Iftikhar Ahmed', 'Khushdil Shah', 'Nurul Hasan', 'Mahedi Hasan', 'Mohammad Saifuddin', 'Kamrul Islam', 'Rakibul Hasan', 'Akif Javed']","['Usman Khan', 'Parvez Hossain Emon', 'Graham Clark', 'Mohammad Mithun', 'Naeem Islam', 'Shamim Hossain', 'Mohammad Wasim', 'Al Islam', 'Arafat Sunny', 'Maruf Mridha', 'Binura Fernando']",Rangpur Riders,Runs,33.0,Khushdil Shah,Masudur Rahman,Sharfuddoula,Asif Yaqoob,Muhammad Kamruzzaman,Salim Shahed
11,448,2025-01-19T00:00:00.000Z,Chattogram,"Zahur Ahmed Chowdhury Stadium, Chattogram",day,25th Match,Chittagong Kings,Fortune Barishal,Fortune Barishal,Bowl,121.0,8.0,20.0,122.0,4.0,16.5,,Tamim Iqbal,"['Usman Khan', 'Parvez Hossain Emon', 'Graham Clark', 'Mohammad Mithun', 'Haider Ali', 'Shamim Hossain', 'Al Islam', 'Arafat Sunny', 'Khaled Ahmed', 'Shoriful Islam', 'Binura Fernando']","['Tamim Iqbal', 'Dawid Malan', 'Towhid Hridoy', 'Mushfiqur Rahim', 'Mahmudullah', 'Mohammad Nabi', 'Jahandad Khan', 'Faheem Ashraf', 'Tanvir Islam', 'Rishad Hossain', 'Ripon Mondol']",Fortune Barishal,Wickets,6.0,Dawid Malan,Sharfuddoula,Tanvir Ahmed,Morshed Ali Khan,Muhammad Kamruzzaman,Akhtar Ahmad
11,449,2025-01-19T00:00:00.000Z,Chattogram,"Zahur Ahmed Chowdhury Stadium, Chattogram",night,26th Match,Khulna Tigers,Durbar Rajshahi,Khulna Tigers,Bat,209.0,4.0,20.0,202.0,4.0,20.0,Mehidy Hasan Miraz,Anamul Haque,"['Mohammad Naim', 'Mehidy Hasan Miraz', 'Afif Hossain', 'Alex Ross', 'William Bosisto', 'Mahidul Islam Ankon', 'Mohammad Nawaz', 'Abu Hider', 'Hasan Mahmud', 'Salman Irshad', 'Rubel Hossain']","['Mohammad Haris', 'Jishan Alam', 'Anamul Haque', 'Yasir Ali', 'Ryan Burl', 'Akbar Ali', 'Taskin Ahmed', 'Sunzamul Islam', 'Aftab Alam', 'Mark Deyal', 'Mrittunjoy Chowdhury']",Khulna Tigers,Runs,7.0,Hasan Mahmud,Asif Yaqoob,Gazi Sohel,Masudur Rahman,Kamruzzaman Limon,Salim Shahed
11,450,2025-01-20T00:00:00.000Z,Chattogram,"Zahur Ahmed Chowdhury Stadium, Chattogram",day,27th Match,Dhaka Capital,Sylhet Strikers,Dhaka Capital,Bat,196.0,6.0,20.0,190.0,7.0,20.0,Thisara Perera,Ariful Haque,"['Tanzid Hasan', 'Litton Das', 'JP Kotze', 'Mosaddek Hossain', 'Sabbir Rahman', 'Thisara Perera', 'Farmanullah', 'Mukidul Islam', 'Abu Jayed', 'Mustafizur Rahman', 'Nazmul Islam']","['George Munsey', 'Rony Talukdar', 'Zakir Hasan', 'Aaron Jones', 'Jaker Ali', 'Ariful Haque', 'Samiullah Shinwari', 'Sumon Khan', 'Ruyel Miah', 'Tipu Sultan', 'Al-Amin Hossain']",Dhaka Capital,Runs,6.0,Thisara Perera,Morshed Ali Khan,Muhammad Kamruzzaman,Tanvir Ahmed,Kamruzzaman Limon,Salim Shahed
11,451,2025-01-20T00:00:00.000Z,Chattogram,"Zahur Ahmed Chowdhury Stadium, Chattogram",night,28th Match,Chittagong Kings,Durbar Rajshahi,Durbar Rajshahi,Bowl,191.0,8.0,20.0,80.0,9.0,14.2,,Taskin Ahmed,"['Naeem Islam', 'Usman Khan', 'Graham Clark', 'Mohammad Mithun', 'Haider Ali', 'Shamim Hossain', 'Rahatul Ferdous', 'Khaled Ahmed', 'Shoriful Islam', 'Arafat Sunny', 'Binura Fernando']","['Mohammad Haris', 'Jishan Alam', 'Anamul Haque', 'Yasir Ali', 'Akbar Ali', 'Mark Deyal', 'Sunzamul Islam', 'Taskin Ahmed', 'Miguel Cummins', 'Mohor Sheikh', 'Ryan Burl']",Chittagong Kings,Runs,111.0,Naeem Islam,Gazi Sohel,Masudur Rahman,Sharfuddoula,Kamruzzaman Limon,Akhtar Ahmad
11,452,2025-01-22T00:00:00.000Z,Chattogram,"Zahur Ahmed Chowdhury Stadium, Chattogram",day,29th Match,Chittagong Kings,Dhaka Capital,Chittagong Kings,Bat,148.0,6.0,20.0,149.0,2.0,18.1,,Thisara Perera,"['Naeem Islam', 'Zubaid Akbari', 'Graham Clark', 'Hussain Talat', 'Shamim Hossain', 'Haider Ali', 'Mohammad Mithun', 'Khaled Ahmed', 'Arafat Sunny', 'Shoriful Islam', 'Al Islam']","['Tanzid Hasan', 'Litton Das', 'Munim Shahriar', 'Sabbir Rahman', 'Riaz Hassan', 'Thisara Perera', 'Mosaddek Hossain', 'Mustafizur Rahman', 'Nazmul Islam', 'Ronsford Beaton', 'Mehedi Hasan Rana']",Dhaka Capital,Wickets,8.0,Tanzid Hasan,Gazi Sohel,Muhammad Kamruzzaman,Tanvir Ahmed,Shafeen Shareef,Akhtar Ahmad
11,453,2025-01-22T00:00:00.000Z,Chattogram,"Zahur Ahmed Chowdhury Stadium, Chattogram",night,30th Match,Fortune Barishal,Khulna Tigers,Khulna Tigers,Bowl,167.0,9.0,20.0,160.0,6.0,20.0,Tamim Iqbal,Mehidy Hasan Miraz,"['Towhid Hridoy', 'Tamim Iqbal', 'Dawid Malan', 'Mushfiqur Rahim', 'Mahmudullah', 'Mohammad Nabi', 'Faheem Ashraf', 'Rishad Hossain', 'Jahandad Khan', 'Tanvir Islam', 'Ripon Mondol']","['Mohammad Naim', 'Imrul Kayes', 'Mehidy Hasan Miraz', 'Alex Ross', 'Afif Hossain', 'Mahidul Islam Ankon', 'William Bosisto', 'Aamer Jamal', 'Ziaur Rahman', 'Nasum Ahmed', 'Salman Irshad']",Fortune Barishal,Runs,7.0,Rishad Hossain,Morshed Ali Khan,Sharfuddoula,Masudur Rahman,Shafeen Shareef,Debabrata Paul
11,454,2025-01-23T00:00:00.000Z,Chattogram,"Zahur Ahmed Chowdhury Stadium, Chattogram",day,31st Match,Durbar Rajshahi,Rangpur Riders,Rangpur Riders,Bowl,170.0,9.0,20.0,146.0,10.0,19.2,Taskin Ahmed,,"['Mohammad Haris', 'Sabbir Hossain', 'Anamul Haque', 'Ryan Burl', 'Yasir Ali', 'Akbar Ali', 'SM Meherob', 'Sunzamul Islam', 'Taskin Ahmed', 'Shafiul Islam', 'Mohor Sheikh']","['Steven Taylor', 'Irfaan Shukkur', 'Saif Hassan', 'Iftikhar Ahmed', 'Khushdil Shah', 'Nurul Hasan', 'Mahedi Hasan', 'Mohammad Saifuddin', 'Akif Javed', 'Rakibul Hasan', 'Nahid Rana']",Durbar Rajshahi,Runs,24.0,Ryan Burl,Gazi Sohel,Tanvir Ahmed,,Muhammad Kamruzzaman,Debabrata Paul
11,455,2025-01-23T00:00:00.000Z,Chattogram,"Zahur Ahmed Chowdhury Stadium, Chattogram",night,32nd Match,Sylhet Strikers,Khulna Tigers,Sylhet Strikers,Bat,152.0,9.0,20.0,156.0,4.0,19.5,Ariful Haque,Mehidy Hasan Miraz,"['George Munsey', 'Rony Talukdar', 'Zakir Hasan', 'Kadeem Alleyne', 'Jaker Ali', 'Ariful Haque', 'Samiullah Shinwari', 'Nihaduzzaman', 'Sumon Khan', 'Ruyel Miah', 'Reece Topley']","['Mehidy Hasan Miraz', 'Mohammad Naim', 'Afif Hossain', 'Alex Ross', 'Mahidul Islam Ankon', 'William Bosisto', 'Abu Hider', 'Nasum Ahmed', 'Aamer Jamal', 'Salman Irshad', 'Hasan Mahmud']",Khulna Tigers,Wickets,6.0,Mehidy Hasan Miraz,Masudur Rahman,Morshed Ali Khan,Raveendra Wimalasiri,Shafeen Shareef,Akhtar Ahmad
11,456,2025-01-26T00:00:00.000Z,Dhaka,"Shere Bangla National Stadium, Mirpur",day,33rd Match,Sylhet Strikers,Fortune Barishal,Sylhet Strikers,Bat,116.0,10.0,18.1,120.0,2.0,16.0,Ariful Haque,Tamim Iqbal,"['George Munsey', 'Rony Talukdar', 'Zakir Hasan', 'Ahsan Hafeez', 'Kadeem Alleyne', 'Nahidul Islam', 'Jaker Ali', 'Ariful Haque', 'Tanzim Hasan Sakib', 'Sumon Khan', 'Ruyel Miah']","['Towhid Hridoy', 'Tamim Iqbal', 'Dawid Malan', 'Mushfiqur Rahim', 'Mahmudullah', 'James Fuller', 'Faheem Ashraf', 'Mohammad Nabi', 'Rishad Hossain', 'Ripon Mondol', 'Taijul Islam']",Fortune Barishal,Wickets,8.0,Faheem Ashraf,Raveendra Wimalasiri,Tanvir Ahmed,Moniruzzaman,Mahfuzur Rahman,Debabrata Paul
11,457,2025-01-26T00:00:00.000Z,Dhaka,"Shere Bangla National Stadium, Mirpur",night,34th Match,Durbar Rajshahi,Rangpur Riders,Rangpur Riders,Bowl,119.0,9.0,20.0,117.0,8.0,20.0,Taskin Ahmed,,"['Jishan Alam', 'Sabbir Hossain', 'Anamul Haque', 'Mrittunjoy Chowdhury', 'SM Meherob', 'Yasir Ali', 'Akbar Ali', 'Mizanur Rahman', 'Sunzamul Islam', 'Taskin Ahmed', 'Mohor Sheikh']","['Steven Taylor', 'Soumya Sarkar', 'Saif Hassan', 'Iftikhar Ahmed', 'Mahedi Hasan', 'Nurul Hasan', 'Khushdil Shah', 'Mohammad Saifuddin', 'Rakibul Hasan', 'Akif Javed', 'Nahid Rana']",Durbar Rajshahi,Runs,2.0,Mrittunjoy Chowdhury,Muhammad Kamruzzaman,Sharfuddoula,Morshed Ali Khan,Sajedul Islam,Salim Shahed
11,458,2025-01-27T00:00:00.000Z,Dhaka,"Shere Bangla National Stadium, Mirpur",day,35th Match,Khulna Tigers,Fortune Barishal,Fortune Barishal,Bowl,187.0,5.0,20.0,188.0,5.0,19.1,Mehidy Hasan Miraz,Tamim Iqbal,"['Mehidy Hasan Miraz', 'Mohammad Naim', 'Alex Ross', 'Afif Hossain', 'William Bosisto', 'Mohammad Nawaz', 'Mahidul Islam Ankon', 'Abu Hider', 'Nasum Ahmed', 'Salman Irshad', 'Hasan Mahmud']","['Towhid Hridoy', 'Tamim Iqbal', 'Dawid Malan', 'Mushfiqur Rahim', 'Mahmudullah', 'Faheem Ashraf', 'Mohammad Nabi', 'James Fuller', 'Tanvir Islam', 'Rishad Hossain', 'Ebadot Hossain']",Fortune Barishal,Wickets,5.0,Dawid Malan,Mahfuzur Rahman,Sharfuddoula,Morshed Ali Khan,Moniruzzaman,Debabrata Paul
11,459,2025-01-27T00:00:00.000Z,Dhaka,"Shere Bangla National Stadium, Mirpur",night,36th Match,Sylhet Strikers,Durbar Rajshahi,Durbar Rajshahi,Bowl,117.0,9.0,20.0,121.0,5.0,16.5,Ariful Haque,Taskin Ahmed,"['Samiullah Shinwari', 'Ariful Haque', 'Zakir Hasan', 'Sajjadul Haque', 'Jaker Ali', 'Ahsan Hafeez', 'Kadeem Alleyne', 'Tanzim Hasan Sakib', 'Jon-Russ Jaggesar', 'Sumon Khan', 'Ruyel Miah']","['Jishan Alam', 'Sabbir Hossain', 'Anamul Haque', 'Yasir Ali', 'Akbar Ali', 'Ryan Burl', 'SM Meherob', 'Taskin Ahmed', 'Sunzamul Islam', 'Aftab Alam', 'Mrittunjoy Chowdhury']",Durbar Rajshahi,Wickets,5.0,SM Meherob,Asif Yaqoob,Sajedul Islam,Tanvir Ahmed,Muhammad Kamruzzaman,Salim Shahed
11,460,2025-01-29T00:00:00.000Z,Dhaka,"Shere Bangla National Stadium, Mirpur",day,37th Match,Rangpur Riders,Chittagong Kings,Chittagong Kings,Bowl,143.0,5.0,20.0,148.0,5.0,17.4,,,"['Steven Taylor', 'Soumya Sarkar', 'Saif Hassan', 'Iftikhar Ahmed', 'Nurul Hasan', 'Irfaan Shukkur', 'Mahedi Hasan', 'Mohammad Saifuddin', 'Akif Javed', 'Rakibul Hasan', 'Nahid Rana']","['Lahiru Milantha', 'Parvez Hossain Emon', 'Graham Clark', 'Mohammad Mithun', 'Haider Ali', 'Shamim Hossain', 'Rahatul Ferdous', 'Shoriful Islam', 'Khaled Ahmed', 'Al Islam', 'Binura Fernando']",Chittagong Kings,Wickets,5.0,Haider Ali,Asif Yaqoob,Morshed Ali Khan,Tanvir Ahmed,Ali Arman,Salim Shahed
11,461,2025-01-29T00:00:00.000Z,Dhaka,"Shere Bangla National Stadium, Mirpur",night,38th Match,Dhaka Capital,Fortune Barishal,Fortune Barishal,Bowl,73.0,10.0,15.3,77.0,1.0,6.3,Thisara Perera,Tamim Iqbal,"['Tanzid Hasan', 'Litton Das', 'Riaz Hassan', 'JP Kotze', 'Sabbir Rahman', 'Mosaddek Hossain', 'Thisara Perera', 'Nazmul Islam', 'Ronsford Beaton', 'Mustafizur Rahman', 'Mehedi Hasan Rana']","['Tamim Iqbal', 'Towhid Hridoy', 'Dawid Malan', 'Mushfiqur Rahim', 'Mahmudullah', 'Mohammad Nabi', 'Faheem Ashraf', 'Ebadot Hossain', 'Rishad Hossain', 'Tanvir Islam', 'James Fuller']",Fortune Barishal,Wickets,9.0,Tanvir Islam,Mahfuzur Rahman,Sharfuddoula,Gazi Sohel,Kamruzzaman Limon,Ehsanul Hoque
11,462,2025-01-30T00:00:00.000Z,Dhaka,"Shere Bangla National Stadium, Mirpur",day,39th Match,Khulna Tigers,Rangpur Riders,Khulna Tigers,Bat,220.0,4.0,20.0,174.0,9.0,20.0,Mehidy Hasan Miraz,,"['Mehidy Hasan Miraz', 'Mohammad Naim', 'Alex Ross', 'William Bosisto', 'Mahidul Islam Ankon', 'Abu Hider', 'Afif Hossain', 'Nasum Ahmed', 'Mohammad Nawaz', 'Hasan Mahmud', 'Musfik Hasan']","['Tawfique Khan', 'Soumya Sarkar', 'Saif Hassan', 'Iftikhar Ahmed', 'Mahedi Hasan', 'Nurul Hasan', 'Mohammad Saifuddin', 'Azizul Hakim', 'Rakibul Hasan', 'Akif Javed', 'Nahid Rana']",Khulna Tigers,Runs,46.0,Mohammad Naim,Raveendra Wimalasiri,Tanvir Ahmed,Masudur Rahman,Mahfuzur Rahman,Salim Shahed
11,463,2025-01-30T00:00:00.000Z,Dhaka,"Shere Bangla National Stadium, Mirpur",night,40th Match,Chittagong Kings,Sylhet Strikers,Sylhet Strikers,Bowl,196.0,8.0,20.0,100.0,10.0,15.2,,Ariful Haque,"['Khawaja Nafay', 'Parvez Hossain Emon', 'Graham Clark', 'Mohammad Mithun', 'Haider Ali', 'Shamim Hossain', 'Rahatul Ferdous', 'Khaled Ahmed', 'Shoriful Islam', 'Binura Fernando', 'Al Islam']","['Zawad Abrar', 'Rony Talukdar', 'Zakir Hasan', 'Aaron Jones', 'Jaker Ali', 'Nahidul Islam', 'Ariful Haque', 'Tanzim Hasan Sakib', 'Samiullah Shinwari', 'Ruyel Miah', 'Sumon Khan']",Chittagong Kings,Runs,96.0,Shoriful Islam,Gazi Sohel,Morshed Ali Khan,Ali Arman,Kamruzzaman Limon,Ehsanul Hoque
11,464,2025-02-01T00:00:00.000Z,Dhaka,"Shere Bangla National Stadium, Mirpur",day,41st Match,Dhaka Capital,Khulna Tigers,Dhaka Capital,Bat,123.0,9.0,20.0,128.0,4.0,16.5,Thisara Perera,Mehidy Hasan Miraz,"['Tanzid Hasan', 'Litton Das', 'Habibur Rahman Sohan', 'Farmanullah', 'Sabbir Rahman', 'Thisara Perera', 'Riaz Hassan', 'Rahmat Ali', 'Mehedi Hasan Rana', 'Abu Jayed', 'Mustafizur Rahman']","['Mehidy Hasan Miraz', 'Mohammad Naim', 'Afif Hossain', 'Alex Ross', 'William Bosisto', 'Mohammad Nawaz', 'Mahidul Islam Ankon', 'Nasum Ahmed', 'Hasan Mahmud', 'Ziaur Rahman', 'Musfik Hasan']",Khulna Tigers,Wickets,6.0,Mehidy Hasan Miraz,Mahfuzur Rahman,Morshed Ali Khan,Tanvir Ahmed,Shafeen Shareef,Salim Shahed
11,465,2025-02-01T00:00:00.000Z,Dhaka,"Shere Bangla National Stadium, Mirpur",night,42nd Match,Chittagong Kings,Fortune Barishal,Fortune Barishal,Bowl,206.0,4.0,20.0,182.0,7.0,20.0,,Tamim Iqbal,"['Khawaja Nafay', 'Parvez Hossain Emon', 'Graham Clark', 'Haider Ali', 'Mohammad Mithun', 'Shamim Hossain', 'Shoriful Islam', 'Khaled Ahmed', 'Al Islam', 'Arafat Sunny', 'Binura Fernando']","['Tamim Iqbal', 'Towhid Hridoy', 'Dawid Malan', 'Mushfiqur Rahim', 'Mahmudullah', 'Mohammad Nabi', 'Rishad Hossain', 'James Fuller', 'Taijul Islam', 'Ebadot Hossain', 'Mohammad Imran']",Chittagong Kings,Runs,24.0,Parvez Hossain Emon,Masudur Rahman,Raveendra Wimalasiri,Gazi Sohel,Shafeen Shareef,Ehsanul Hoque
11,466,2025-02-03T00:00:00.000Z,Dhaka,"Shere Bangla National Stadium, Mirpur",day,Eliminator,Rangpur Riders,Khulna Tigers,Rangpur Riders,Bat,85.0,10.0,16.5,89.0,1.0,10.2,,Mehidy Hasan Miraz,"['James Vince', 'Soumya Sarkar', 'Saif Hassan', 'Mahedi Hasan', 'Mohammad Saifuddin', 'Nurul Hasan', 'Tim David', 'Andre Russell', 'Rakibul Hasan', 'Akif Javed', 'Nahid Rana']","['Mehidy Hasan Miraz', 'Mohammad Naim', 'Alex Ross', 'Afif Hossain', 'Shimron Hetmyer', 'Mohammad Nawaz', 'Mahidul Islam Ankon', 'Jason Holder', 'Nasum Ahmed', 'Hasan Mahmud', 'Musfik Hasan']",Khulna Tigers,Wickets,9.0,Nasum Ahmed,Masudur Rahman,Raveendra Wimalasiri,Gazi Sohel,Ali Arman,Ehsanul Hoque
11,467,2025-02-03T00:00:00.000Z,Dhaka,"Shere Bangla National Stadium, Mirpur",night,Qualifier 1,Chittagong Kings,Fortune Barishal,Fortune Barishal,Bowl,149.0,9.0,20.0,150.0,1.0,17.2,,Tamim Iqbal,"['Khawaja Nafay', 'Parvez Hossain Emon', 'Graham Clark', 'Mohammad Mithun', 'Haider Ali', 'Shamim Hossain', 'Khaled Ahmed', 'Arafat Sunny', 'Shoriful Islam', 'Al Islam', 'Binura Fernando']","['Tamim Iqbal', 'Towhid Hridoy', 'Dawid Malan', 'Mushfiqur Rahim', 'Mahmudullah', 'Kyle Mayers', 'Mohammad Nabi', 'Rishad Hossain', 'Ebadot Hossain', 'Tanvir Islam', 'Mohammad Ali']",Fortune Barishal,Wickets,9.0,Mohammad Ali,Asif Yaqoob,Morshed Ali Khan,Moniruzzaman,Muhammad Kamruzzaman,Debabrata Paul
11,468,2025-02-05T00:00:00.000Z,Dhaka,"Shere Bangla National Stadium, Mirpur",night,Qualifier 2,Khulna Tigers,Chittagong Kings,Chittagong Kings,Bowl,163.0,6.0,20.0,164.0,8.0,20.0,Mehidy Hasan Miraz,,"['Mehidy Hasan Miraz', 'Mohammad Naim', 'Alex Ross', 'Afif Hossain', 'Mahidul Islam Ankon', 'Shimron Hetmyer', 'Jason Holder', 'Mohammad Nawaz', 'Nasum Ahmed', 'Hasan Mahmud', 'Musfik Hasan']","['Khawaja Nafay', 'Parvez Hossain Emon', 'Graham Clark', 'Hussain Talat', 'Shamim Hossain', 'Mohammad Mithun', 'Khaled Ahmed', 'Arafat Sunny', 'Al Islam', 'Shoriful Islam', 'Binura Fernando']",Chittagong Kings,Wickets,2.0,Al Islam,Gazi Sohel,Raveendra Wimalasiri,Masudur Rahman,Morshed Ali Khan,Neeyamur Rashid
11,469,2025-02-07T00:00:00.000Z,Dhaka,"Shere Bangla National Stadium, Mirpur",night,Final,Chittagong Kings,Fortune Barishal,Fortune Barishal,Bowl,194.0,3.0,20.0,195.0,7.0,19.3,,Tamim Iqbal,"['Khawaja Nafay', 'Parvez Hossain Emon', 'Graham Clark', 'Shamim Hossain', 'Hussain Talat', 'Mohammad Mithun', 'Binura Fernando', 'Arafat Sunny', 'Shoriful Islam', 'Khaled Ahmed', 'Naeem Islam']","['Tamim Iqbal', 'Towhid Hridoy', 'Dawid Malan', 'Kyle Mayers', 'Mushfiqur Rahim', 'Mahmudullah', 'Mohammad Nabi', 'Rishad Hossain', 'Tanvir Islam', 'Ebadot Hossain', 'Mohammad Ali']",Fortune Barishal,Wickets,3.0,Tamim Iqbal,Gazi Sohel,Masudur Rahman,Asif Yaqoob,Morshed Ali Khan,Neeyamur Rashid
12,470,2025-12-26T00:00:00.000Z,Sylhet,Sylhet International Cricket Stadium,day,1st Match,Sylhet Titans,Rajshahi Warriors,Rajshahi Warriors,Bowl,190.0,5.0,20.0,192.0,2.0,19.4,Mehidy Hasan Miraz,Najmul Hossain Shanto,"['Saim Ayub', 'Rony Talukdar', 'Hazratullah Zazai', 'Parvez Hossain Emon', 'Afif Hossain', 'Ethan Brookes', 'Mehidy Hasan Miraz', 'Nasum Ahmed', 'Mohammad Amir', 'Khaled Ahmed', 'Ruyel Miah']","['Sahibzada Farhan', 'Tanzid Hasan', 'Najmul Hossain Shanto', 'Mushfiqur Rahim', 'Yasir Ali', 'Mohammad Nawaz', 'Tanzim Hasan Sakib', 'SM Meherob', 'Abdul Gaffar Saqlain', 'Binura Fernando', 'Sandeep Lamichhane']",Rajshahi Warriors,Wickets,8.0,Najmul Hossain Shanto,Sharfuddoula,Tanvir Ahmed,Ruchira Palliyaguruge,Morshed Ali Khan,Neeyamur Rashid
12,471,2025-12-26T00:00:00.000Z,Sylhet,Sylhet International Cricket Stadium,night,2nd Match,Chattogram Royals,Noakhali Express,Chattogram Royals,Bat,174.0,6.0,20.0,109.0,10.0,16.5,Mahedi Hasan,Shykat Ali,"['Mirza Baig', 'Mohammad Naim', 'Mahfijul Islam', 'Mahmudul Hasan Joy', 'Mahedi Hasan', 'Abu Hider', 'Ziaur Rahman', 'Tanvir Islam', 'Shoriful Islam', 'Mukidul Islam', 'Masood Gurbaz']","['Maaz Sadaqat', 'Habibur Rahman Sohan', 'Sabbir Hossain', 'Shykat Ali', 'Jaker Ali', 'Haider Ali', 'Mahidul Islam Ankon', 'Hasan Mahmud', 'Mehedi Hasan Rana', 'Zahir Khan', 'Ihsanullah']",Chattogram Royals,Runs,65.0,Mirza Baig,Asif Yaqoob,Masudur Rahman,Muhammad Kamruzzaman,Sajedul Islam,Akhtar Ahmad
12,472,2025-12-27T00:00:00.000Z,Sylhet,Sylhet International Cricket Stadium,day,3rd Match,Rajshahi Warriors,Dhaka Capitals,Dhaka Capitals,Bowl,132.0,8.0,20.0,134.0,5.0,18.5,Najmul Hossain Shanto,,"['Sahibzada Farhan', 'Tanzid Hasan', 'Najmul Hossain Shanto', 'Yasir Ali', 'Mushfiqur Rahim', 'SM Meherob', 'Mohammad Nawaz', 'Abdul Gaffar Saqlain', 'Tanzim Hasan Sakib', 'Sandeep Lamichhane', 'Binura Fernando']","['Saif Hassan', 'Usman Khan', 'Abdullah Al Mamun', 'Mohammad Mithun', 'Nasir Hossain', 'Shamim Hossain', 'Sabbir Rahman', 'Imad Wasim', 'Mohammad Saifuddin', 'Salman Mirza', 'Ziaur Rahman']",Dhaka Capitals,Wickets,5.0,Imad Wasim,Morshed Ali Khan,Ruchira Palliyaguruge,Sharfuddoula,Ali Arman,Neeyamur Rashid
12,473,2025-12-27T00:00:00.000Z,Sylhet,Sylhet International Cricket Stadium,night,4th Match,Noakhali Express,Sylhet Titans,Sylhet Titans,Bowl,143.0,7.0,20.0,144.0,9.0,20.0,Shykat Ali,Mehidy Hasan Miraz,"['Maaz Sadaqat', 'Habibur Rahman Sohan', 'Shykat Ali', 'Haider Ali', 'Mahidul Islam Ankon', 'Sabbir Hossain', 'Jaker Ali', 'Rejaur Rahman Raja', 'Hasan Mahmud', 'Mehedi Hasan Rana', 'Zahir Khan']","['Saim Ayub', 'Rony Talukdar', 'Zakir Hasan', 'Parvez Hossain Emon', 'Mehidy Hasan Miraz', 'Afif Hossain', 'Ethan Brookes', 'Nasum Ahmed', 'Khaled Ahmed', 'Mohammad Amir', 'Salman Irshad']",Sylhet Titans,Wickets,1.0,Khaled Ahmed,Asif Yaqoob,Muhammad Kamruzzaman,Sajedul Islam,Masudur Rahman,Akhtar Ahmad
12,474,2025-12-29T00:00:00.000Z,Sylhet,Sylhet International Cricket Stadium,day,5th Match,Chattogram Royals,Rangpur Riders,Rangpur Riders,Bowl,102.0,10.0,17.5,107.0,3.0,15.0,Mahedi Hasan,,"['Mohammad Naim', 'Adam Rossington', 'Mirza Baig', 'Mahmudul Hasan Joy', 'Mahfijul Islam', 'Masood Gurbaz', 'Mahedi Hasan', 'Abu Hider', 'Tanvir Islam', 'Shoriful Islam', 'Mukidul Islam']","['Dawid Malan', 'Litton Das', 'Towhid Hridoy', 'Mahmudullah', 'Khushdil Shah', 'Nurul Hasan', 'Faheem Ashraf', 'Sufiyan Muqeem', 'Al Islam', 'Mustafizur Rahman', 'Nahid Rana']",Rangpur Riders,Wickets,7.0,Faheem Ashraf,Asif Yaqoob,Sajedul Islam,Masudur Rahman,Muhammad Kamruzzaman,Salim Shahed
12,475,2025-12-29T00:00:00.000Z,Sylhet,Sylhet International Cricket Stadium,night,6th Match,Noakhali Express,Rajshahi Warriors,Rajshahi Warriors,Bowl,124.0,8.0,20.0,125.0,4.0,17.5,Haider Ali,Najmul Hossain Shanto,"['Habibur Rahman Sohan', 'Maaz Sadaqat', 'Sabbir Hossain', 'Mahidul Islam Ankon', 'Haider Ali', 'Jaker Ali', 'Rejaur Rahman Raja', 'Hasan Mahmud', 'Bilal Sami', 'Mehedi Hasan Rana', 'Zahir Khan']","['Sahibzada Farhan', 'Tanzid Hasan', 'Najmul Hossain Shanto', 'Mushfiqur Rahim', 'Hussain Talat', 'Yasir Ali', 'Mohammad Nawaz', 'Tanzim Hasan Sakib', 'Binura Fernando', 'Ripon Mondol', 'Hasan Murad']",Rajshahi Warriors,Wickets,6.0,Ripon Mondol,Ali Arman,Sharfuddoula,Ruchira Palliyaguruge,Tanvir Ahmed,Neeyamur Rashid
12,476,2026-01-01T00:00:00.000Z,Sylhet,Sylhet International Cricket Stadium,day,7th Match,Sylhet Titans,Dhaka Capitals,Dhaka Capitals,Bowl,173.0,5.0,20.0,167.0,8.0,20.0,Mehidy Hasan Miraz,,"['Saim Ayub', 'Rony Talukdar', 'Mehidy Hasan Miraz', 'Parvez Hossain Emon', 'Afif Hossain', 'Azmatullah Omarzai', 'Ethan Brookes', 'Zakir Hasan', 'Nasum Ahmed', 'Khaled Ahmed', 'Mohammad Amir']","['Saif Hassan', 'Zubaid Akbari', 'Usman Khan', 'Mohammad Mithun', 'Nasir Hossain', 'Shamim Hossain', 'Sabbir Rahman', 'Imad Wasim', 'Mohammad Saifuddin', 'Taskin Ahmed', 'Salman Mirza']",Sylhet Titans,Runs,6.0,Azmatullah Omarzai,Morshed Ali Khan,Sharfuddoula,Tanvir Ahmed,Ali Arman,Neeyamur Rashid
12,477,2026-01-01T00:00:00.000Z,Sylhet,Sylhet International Cricket Stadium,night,8th Match,Rajshahi Warriors,Rangpur Riders,Rangpur Riders,Bowl,159.0,8.0,20.0,159.0,6.0,20.0,Najmul Hossain Shanto,,"['Sahibzada Farhan', 'Tanzid Hasan', 'Najmul Hossain Shanto', 'Mushfiqur Rahim', 'Mohammad Nawaz', 'Yasir Ali', 'Hussain Talat', 'SM Meherob', 'Tanzim Hasan Sakib', 'Ripon Mondol', 'Binura Fernando']","['Dawid Malan', 'Litton Das', 'Towhid Hridoy', 'Kyle Mayers', 'Khushdil Shah', 'Nurul Hasan', 'Mahmudullah', 'Faheem Ashraf', 'Al Islam', 'Mustafizur Rahman', 'Nahid Rana']",,Match tied (Rajshahi won the Super Over),,Ripon Mondol,Asif Yaqoob,Gazi Sohel,Masudur Rahman,Muhammad Kamruzzaman,Salim Shahed
12,478,2026-01-02T00:00:00.000Z,Sylhet,Sylhet International Cricket Stadium,day,9th Match,Dhaka Capitals,Chattogram Royals,Chattogram Royals,Bowl,122.0,10.0,19.4,123.0,0.0,12.4,,Mahedi Hasan,"['Saif Hassan', 'Zubaid Akbari', 'Usman Khan', 'Mohammad Mithun', 'Shamim Hossain', 'Sabbir Rahman', 'Imad Wasim', 'Nasir Hossain', 'Mohammad Saifuddin', 'Taskin Ahmed', 'Salman Mirza']","['Mohammad Naim', 'Adam Rossington', 'Mahmudul Hasan Joy', 'Asif Ali', 'Tanvir Islam', 'Shadman Islam', 'Mahedi Hasan', 'Shoriful Islam', 'Mirza Baig', 'Aamer Jamal', 'Mukidul Islam']",Chattogram Royals,Wickets,10.0,Adam Rossington,Ali Arman,Masudur Rahman,Sharfuddoula,Tanvir Ahmed,Neeyamur Rashid
12,479,2026-01-02T00:00:00.000Z,Sylhet,Sylhet International Cricket Stadium,night,10th Match,Sylhet Titans,Rangpur Riders,Rangpur Riders,Bowl,144.0,8.0,20.0,145.0,4.0,18.5,Mehidy Hasan Miraz,,"['Saim Ayub', 'Rony Talukdar', 'Mehidy Hasan Miraz', 'Parvez Hossain Emon', 'Afif Hossain', 'Ethan Brookes', 'Azmatullah Omarzai', 'Nasum Ahmed', 'Khaled Ahmed', 'Mohammad Amir', 'Ebadot Hossain']","['Dawid Malan', 'Litton Das', 'Towhid Hridoy', 'Kyle Mayers', 'Mahmudullah', 'Khushdil Shah', 'Nurul Hasan', 'Faheem Ashraf', 'Al Islam', 'Mustafizur Rahman', 'Mrittunjoy Chowdhury']",Rangpur Riders,Wickets,6.0,Mahmudullah,Asif Yaqoob,Muhammad Kamruzzaman,Gazi Sohel,Sajedul Islam,Salim Shahed
12,480,2026-01-04T00:00:00.000Z,Sylhet,Sylhet International Cricket Stadium,day,11th Match,Sylhet Titans,Chattogram Royals,Chattogram Royals,Bowl,126.0,7.0,20.0,130.0,1.0,16.0,Mehidy Hasan Miraz,Mahedi Hasan,"['Mehidy Hasan Miraz', 'Hazratullah Zazai', 'Zakir Hasan', 'Parvez Hossain Emon', 'Ethan Brookes', 'Afif Hossain', 'Azmatullah Omarzai', 'Rahatul Ferdous', 'Nasum Ahmed', 'Khaled Ahmed', 'Mohammad Amir']","['Mohammad Naim', 'Adam Rossington', 'Shadman Islam', 'Mahmudul Hasan Joy', 'Mirza Baig', 'Asif Ali', 'Mahedi Hasan', 'Aamer Jamal', 'Tanvir Islam', 'Shoriful Islam', 'Mukidul Islam']",Chattogram Royals,Wickets,9.0,Mohammad Naim,Gazi Sohel,Sajedul Islam,Asif Yaqoob,Muhammad Kamruzzaman,Salim Shahed
12,481,2026-01-04T00:00:00.000Z,Sylhet,Sylhet International Cricket Stadium,night,12th Match,Rangpur Riders,Dhaka Capitals,Dhaka Capitals,Bowl,155.0,5.0,20.0,150.0,4.0,20.0,,,"['Kyle Mayers', 'Litton Das', 'Dawid Malan', 'Towhid Hridoy', 'Mahmudullah', 'Khushdil Shah', 'Nurul Hasan', 'Al Islam', 'Mustafizur Rahman', 'Akif Javed', 'Rakibul Hasan']","['Rahmanullah Gurbaz', 'Abdullah Al Mamun', 'Saif Hassan', 'Mohammad Mithun', 'Shamim Hossain', 'Sabbir Rahman', 'Nasir Hossain', 'Imad Wasim', 'Mohammad Saifuddin', 'Taskin Ahmed', 'Ziaur Rahman']",Rangpur Riders,Runs,5.0,Mahmudullah,Ruchira Palliyaguruge,Tanvir Ahmed,Morshed Ali Khan,Ali Arman,Akhtar Ahmad
12,482,2026-01-05T00:00:00.000Z,Sylhet,Sylhet International Cricket Stadium,day,13th Match,Noakhali Express,Sylhet Titans,Noakhali Express,Bat,61.0,10.0,14.2,62.0,4.0,8.4,Haider Ali,Mehidy Hasan Miraz,"['Habibur Rahman Sohan', 'Soumya Sarkar', 'Munim Shahriar', 'Mohammad Nabi', 'Mahidul Islam Ankon', 'Haider Ali', 'Hasan Mahmud', 'Mehedi Hasan Rana', 'Zahir Khan', 'Bilal Sami', 'Abu Jayed']","['Parvez Hossain Emon', 'Tawfique Khan', 'Zakir Hasan', 'Afif Hossain', 'Moeen Ali', 'Azmatullah Omarzai', 'Mehidy Hasan Miraz', 'Ethan Brookes', 'Nasum Ahmed', 'Khaled Ahmed', 'Mohammad Amir']",Sylhet Titans,Wickets,6.0,Nasum Ahmed,Ruchira Palliyaguruge,Sharfuddoula,Sajedul Islam,Ali Arman,Akhtar Ahmad
12,483,2026-01-05T00:00:00.000Z,Sylhet,Sylhet International Cricket Stadium,night,14th Match,Chattogram Royals,Rangpur Riders,Rangpur Riders,Bowl,169.0,5.0,20.0,170.0,5.0,18.5,Mahedi Hasan,,"['Mohammad Naim', 'Adam Rossington', 'Mahmudul Hasan Joy', 'Hasan Nawaz', 'Asif Ali', 'Mahedi Hasan', 'Aamer Jamal', 'Shadman Islam', 'Tanvir Islam', 'Shoriful Islam', 'Abu Hider']","['Kyle Mayers', 'Litton Das', 'Dawid Malan', 'Towhid Hridoy', 'Mahmudullah', 'Khushdil Shah', 'Nurul Hasan', 'Al Islam', 'Mustafizur Rahman', 'Akif Javed', 'Rakibul Hasan']",Rangpur Riders,Wickets,5.0,Kyle Mayers,Asif Yaqoob,Gazi Sohel,Tanvir Ahmed,Morshed Ali Khan,Salim Shahed
12,484,2026-01-07T00:00:00.000Z,Sylhet,Sylhet International Cricket Stadium,day,15th Match,Noakhali Express,Dhaka Capitals,Dhaka Capitals,Bowl,133.0,6.0,20.0,134.0,3.0,14.1,Haider Ali,,"['Habibur Rahman Sohan', 'Soumya Sarkar', 'Maaz Sadaqat', 'Munim Shahriar', 'Mahidul Islam Ankon', 'Mohammad Nabi', 'Haider Ali', 'Abu Hasim', 'Hasan Mahmud', 'Zahir Khan', 'Rejaur Rahman Raja']","['Rahmanullah Gurbaz', 'Abdullah Al Mamun', 'Nasir Hossain', 'Irfaan Shukkur', 'Imad Wasim', 'Mohammad Mithun', 'Shamim Hossain', 'Sabbir Rahman', 'Mohammad Saifuddin', 'Taskin Ahmed', 'Ziaur Rahman']",Dhaka Capitals,Wickets,7.0,Nasir Hossain,Ruchira Palliyaguruge,Sajedul Islam,Sharfuddoula,Muhammad Kamruzzaman,Akhtar Ahmad
12,485,2026-01-07T00:00:00.000Z,Sylhet,Sylhet International Cricket Stadium,night,16th Match,Chattogram Royals,Sylhet Titans,Sylhet Titans,Bowl,198.0,5.0,20.0,184.0,10.0,19.4,Mahedi Hasan,Mehidy Hasan Miraz,"['Mohammad Naim', 'Adam Rossington', 'Mahmudul Hasan Joy', 'Hasan Nawaz', 'Asif Ali', 'Mahedi Hasan', 'Aamer Jamal', 'Shadman Islam', 'Abu Hider', 'Tanvir Islam', 'Shoriful Islam']","['Tawfique Khan', 'Parvez Hossain Emon', 'Afif Hossain', 'Rony Talukdar', 'Moeen Ali', 'Azmatullah Omarzai', 'Ethan Brookes', 'Mehidy Hasan Miraz', 'Nasum Ahmed', 'Khaled Ahmed', 'Ruyel Miah']",Chattogram Royals,Runs,14.0,Mahmudul Hasan Joy,Asif Yaqoob,Morshed Ali Khan,Gazi Sohel,Ali Arman,Salim Shahed
12,486,2026-01-08T00:00:00.000Z,Sylhet,Sylhet International Cricket Stadium,day,17th Match,Noakhali Express,Rajshahi Warriors,Rajshahi Warriors,Bowl,151.0,5.0,20.0,152.0,6.0,19.0,Haider Ali,Najmul Hossain Shanto,"['Shahadat Hossain', 'Soumya Sarkar', 'Maaz Sadaqat', 'Mohammad Nabi', 'Haider Ali', 'Mahidul Islam Ankon', 'Jaker Ali', 'Mehedi Hasan Rana', 'Zahir Khan', 'Hasan Mahmud', 'Abu Jayed']","['Tanzid Hasan', 'Muhammad Waseem', 'Najmul Hossain Shanto', 'Mushfiqur Rahim', 'Ryan Burl', 'Yasir Ali', 'SM Meherob', 'Tanzim Hasan Sakib', 'Hasan Murad', 'Ripon Mondol', 'Binura Fernando']",Rajshahi Warriors,Wickets,4.0,Muhammad Waseem,Muhammad Kamruzzaman,Sharfuddoula,Ali Arman,Sajedul Islam,Simon Taufel
12,487,2026-01-08T00:00:00.000Z,Sylhet,Sylhet International Cricket Stadium,night,18th Match,Sylhet Titans,Dhaka Capitals,Dhaka Capitals,Bowl,180.0,6.0,20.0,160.0,8.0,20.0,Mehidy Hasan Miraz,,"['Parvez Hossain Emon', 'Tawfique Khan', 'Ariful Islam', 'Afif Hossain', 'Azmatullah Omarzai', 'Moeen Ali', 'Ethan Brookes', 'Mehidy Hasan Miraz', 'Nasum Ahmed', 'Ruyel Miah', 'Salman Irshad']","['Rahmanullah Gurbaz', 'Abdullah Al Mamun', 'Nasir Hossain', 'Shamim Hossain', 'Saif Hassan', 'Mohammad Mithun', 'Sabbir Rahman', 'Imad Wasim', 'Mohammad Saifuddin', 'Taskin Ahmed', 'Ziaur Rahman']",Sylhet Titans,Runs,20.0,Moeen Ali,Ruchira Palliyaguruge,Tanvir Ahmed,Gazi Sohel,Morshed Ali Khan,Akhtar Ahmad
12,488,2026-01-09T00:00:00.000Z,Sylhet,Sylhet International Cricket Stadium,day,19th Match,Rajshahi Warriors,Chattogram Royals,Chattogram Royals,Bowl,128.0,9.0,20.0,129.0,8.0,20.0,Najmul Hossain Shanto,Mahedi Hasan,"['Tanzid Hasan', 'Muhammad Waseem', 'Najmul Hossain Shanto', 'Mushfiqur Rahim', 'SM Meherob', 'Ryan Burl', 'Akbar Ali', 'Tanzim Hasan Sakib', 'Ripon Mondol', 'Sandeep Lamichhane', 'Binura Fernando']","['Mohammad Naim', 'Adam Rossington', 'Mahmudul Hasan Joy', 'Hasan Nawaz', 'Shadman Islam', 'Mahedi Hasan', 'Asif Ali', 'Aamer Jamal', 'Abu Hider', 'Shoriful Islam', 'Tanvir Islam']",Chattogram Royals,Wickets,2.0,Hasan Nawaz,Gazi Sohel,Ruchira Palliyaguruge,Ali Arman,Muhammad Kamruzzaman,Simon Taufel
12,489,2026-01-09T00:00:00.000Z,Sylhet,Sylhet International Cricket Stadium,night,20th Match,Noakhali Express,Rangpur Riders,Rangpur Riders,Bowl,148.0,10.0,19.5,139.0,9.0,20.0,Haider Ali,,"['Shahadat Hossain', 'Soumya Sarkar', 'Habibur Rahman Sohan', 'Jaker Ali', 'Mohammad Nabi', 'Haider Ali', 'Mahidul Islam Ankon', 'Mehedi Hasan Rana', 'Hasan Mahmud', 'Zahir Khan', 'Bilal Sami']","['Dawid Malan', 'Litton Das', 'Towhid Hridoy', 'Iftikhar Ahmed', 'Mahmudullah', 'Khushdil Shah', 'Nurul Hasan', 'Mrittunjoy Chowdhury', 'Sufiyan Muqeem', 'Mustafizur Rahman', 'Nahid Rana']",Noakhali Express,Runs,9.0,Hasan Mahmud,Asif Yaqoob,Tanvir Ahmed,Morshed Ali Khan,Sajedul Islam,Akhtar Ahmad
12,490,2026-01-11T00:00:00.000Z,Sylhet,Sylhet International Cricket Stadium,day,21st Match,Rangpur Riders,Rajshahi Warriors,Rajshahi Warriors,Bowl,178.0,4.0,20.0,179.0,3.0,19.1,,Najmul Hossain Shanto,"['Towhid Hridoy', 'Kyle Mayers', 'Litton Das', 'Iftikhar Ahmed', 'Khushdil Shah', 'Nurul Hasan', 'Mahmudullah', 'Akif Javed', 'Al Islam', 'Mustafizur Rahman', 'Nahid Rana']","['Muhammad Waseem', 'Tanzid Hasan', 'Najmul Hossain Shanto', 'James Neesham', 'Ryan Burl', 'Mushfiqur Rahim', 'SM Meherob', 'Tanzim Hasan Sakib', 'Abdul Gaffar Saqlain', 'Ripon Mondol', 'Sandeep Lamichhane']",Rajshahi Warriors,Wickets,7.0,Najmul Hossain Shanto,Gazi Sohel,Ruchira Palliyaguruge,Sajedul Islam,Muhammad Kamruzzaman,Akhtar Ahmad
12,491,2026-01-11T00:00:00.000Z,Sylhet,Sylhet International Cricket Stadium,night,22nd Match,Noakhali Express,Dhaka Capitals,Noakhali Express,Bat,184.0,7.0,20.0,143.0,10.0,18.2,Haider Ali,,"['Hassan Eisakhil', 'Soumya Sarkar', 'Shahadat Hossain', 'Habibur Rahman Sohan', 'Mohammad Nabi', 'Haider Ali', 'Jaker Ali', 'Hasan Mahmud', 'Mehedi Hasan Rana', 'Abu Jayed', 'Ihsanullah']","['Rahmanullah Gurbaz', 'Abdullah Al Mamun', 'Nasir Hossain', 'Saif Hassan', 'Mohammad Mithun', 'Shamim Hossain', 'Sabbir Rahman', 'Imad Wasim', 'Mohammad Saifuddin', 'Taijul Islam', 'Ziaur Rahman']",Noakhali Express,Runs,41.0,Hassan Eisakhil,Asif Yaqoob,Morshed Ali Khan,Ali Arman,Tanvir Ahmed,Simon Taufel
12,492,2026-01-12T00:00:00.000Z,Sylhet,Sylhet International Cricket Stadium,day,23rd Match,Rangpur Riders,Sylhet Titans,Sylhet Titans,Bowl,114.0,10.0,19.1,119.0,4.0,17.3,,Mehidy Hasan Miraz,"['Towhid Hridoy', 'Kyle Mayers', 'Litton Das', 'Iftikhar Ahmed', 'Khushdil Shah', 'Nurul Hasan', 'Mahmudullah', 'Nayeem Hasan', 'Sufiyan Muqeem', 'Mustafizur Rahman', 'Nahid Rana']","['Tawfique Khan', 'Parvez Hossain Emon', 'Ariful Islam', 'Afif Hossain', 'Ethan Brookes', 'Moeen Ali', 'Mehidy Hasan Miraz', 'Nasum Ahmed', 'Ruyel Miah', 'Salman Irshad', 'Shohidul Islam']",Sylhet Titans,Wickets,6.0,Nasum Ahmed,Ali Arman,Ruchira Palliyaguruge,Muhammad Kamruzzaman,Sajedul Islam,Akhtar Ahmad
12,493,2026-01-12T00:00:00.000Z,Sylhet,Sylhet International Cricket Stadium,night,24th Match,Dhaka Capitals,Rajshahi Warriors,Dhaka Capitals,Bat,131.0,10.0,20.0,132.0,3.0,16.1,,Najmul Hossain Shanto,"['Usman Khan', 'Abdullah Al Mamun', 'Saif Hassan', 'Mohammad Mithun', 'Nasir Hossain', 'Imad Wasim', 'Shamim Hossain', 'Sabbir Rahman', 'Tofael Ahmed', 'Ziaur Rahman', 'Taijul Islam']","['Muhammad Waseem', 'Tanzid Hasan', 'Najmul Hossain Shanto', 'Mushfiqur Rahim', 'James Neesham', 'Ryan Burl', 'SM Meherob', 'Ripon Mondol', 'Abdul Gaffar Saqlain', 'Binura Fernando', 'Md Rubel']",Rajshahi Warriors,Wickets,7.0,Tanzid Hasan,Morshed Ali Khan,Tanvir Ahmed,Asif Yaqoob,Gazi Sohel,Simon Taufel
12,494,2026-01-16T00:00:00.000Z,Dhaka,"Shere Bangla National Stadium, Mirpur",day,25th Match,Noakhali Express,Chattogram Royals,Chattogram Royals,Bowl,126.0,10.0,18.5,128.0,5.0,17.0,Haider Ali,Mahedi Hasan,"['Hassan Eisakhil', 'Soumya Sarkar', 'Jaker Ali', 'Haider Ali', 'Habibur Rahman Sohan', 'Munim Shahriar', 'Sabbir Hossain', 'Hasan Mahmud', 'Mehedi Hasan Rana', 'Zahir Khan', 'Ihsanullah']","['Mahmudul Hasan Joy', 'Mohammad Naim', 'Mohammad Haris', 'Mahfijul Islam', 'Hasan Nawaz', 'Mahedi Hasan', 'Asif Ali', 'Mukidul Islam', 'Aamer Jamal', 'Shoriful Islam', 'Tanvir Islam']",Chattogram Royals,Wickets,5.0,Shoriful Islam,Asif Yaqoob,Tanvir Ahmed,Morshed Ali Khan,Ali Arman,Akhtar Ahmad
12,495,2026-01-16T00:00:00.000Z,Dhaka,"Shere Bangla National Stadium, Mirpur",night,26th Match,Rajshahi Warriors,Sylhet Titans,Sylhet Titans,Bowl,147.0,8.0,20.0,142.0,9.0,20.0,Najmul Hossain Shanto,Mehidy Hasan Miraz,"['Sahibzada Farhan', 'Tanzid Hasan', 'Najmul Hossain Shanto', 'Mushfiqur Rahim', 'James Neesham', 'Ryan Burl', 'Akbar Ali', 'Abdul Gaffar Saqlain', 'Ripon Mondol', 'Md Rubel', 'Binura Fernando']","['Tawfique Khan', 'Parvez Hossain Emon', 'Mehidy Hasan Miraz', 'Mominul Haque', 'Afif Hossain', 'Moeen Ali', 'Ethan Brookes', 'Shohidul Islam', 'Nasum Ahmed', 'Ruyel Miah', 'Salman Irshad']",Rajshahi Warriors,Runs,5.0,Ripon Mondol,Gazi Sohel,Ruchira Palliyaguruge,Muhammad Kamruzzaman,Sajedul Islam,Simon Taufel
12,496,2026-01-17T00:00:00.000Z,Dhaka,"Shere Bangla National Stadium, Mirpur",day,27th Match,Rangpur Riders,Dhaka Capitals,Dhaka Capitals,Bowl,181.0,4.0,20.0,170.0,7.0,20.0,Litton Das,,"['Dawid Malan', 'Towhid Hridoy', 'Kyle Mayers', 'Khushdil Shah', 'Litton Das', 'Nurul Hasan', 'Mahmudullah', 'Faheem Ashraf', 'Mustafizur Rahman', 'Nahid Rana', 'Rakibul Hasan']","['Usman Khan', 'Abdullah Al Mamun', 'Saif Hassan', 'Sabbir Rahman', 'Mohammad Mithun', 'Shamim Hossain', 'Mohammad Saifuddin', 'Imad Wasim', 'Taskin Ahmed', 'Nasir Hossain', 'Maruf Mridha']",Rangpur Riders,Runs,11.0,Dawid Malan,Morshed Ali Khan,Sajedul Islam,Tanvir Ahmed,Ali Arman,Simon Taufel
12,497,2026-01-17T00:00:00.000Z,Dhaka,"Shere Bangla National Stadium, Mirpur",night,28th Match,Chattogram Royals,Rajshahi Warriors,Rajshahi Warriors,Bowl,125.0,10.0,19.5,126.0,7.0,19.3,Mahedi Hasan,Najmul Hossain Shanto,"['Mohammad Haris', 'Mohammad Naim', 'Mahmudul Hasan Joy', 'Mahfijul Islam', 'Hasan Nawaz', 'Mahedi Hasan', 'Asif Ali', 'Aamer Jamal', 'Abu Hider', 'Shoriful Islam', 'Arafat Sunny']","['Sahibzada Farhan', 'Tanzid Hasan', 'Najmul Hossain Shanto', 'Mushfiqur Rahim', 'James Neesham', 'Akbar Ali', 'Ryan Burl', 'Tanzim Hasan Sakib', 'Jahandad Khan', 'Abdul Gaffar Saqlain', 'Hasan Murad']",Rajshahi Warriors,Wickets,3.0,Akbar Ali,Asif Yaqoob,Muhammad Kamruzzaman,Ruchira Palliyaguruge,Gazi Sohel,Akhtar Ahmad
12,498,2026-01-18T00:00:00.000Z,Dhaka,"Shere Bangla National Stadium, Mirpur",day,29th Match,Noakhali Express,Rangpur Riders,Rangpur Riders,Bowl,173.0,2.0,20.0,174.0,2.0,19.4,Haider Ali,Litton Das,"['Hassan Eisakhil', 'Rahmat Ali', 'Jaker Ali', 'Haider Ali', 'Soumya Sarkar', 'Mahidul Islam Ankon', 'Sabbir Hossain', 'Hasan Mahmud', 'Mehedi Hasan Rana', 'Zahir Khan', 'Musfik Hasan']","['Dawid Malan', 'Towhid Hridoy', 'Litton Das', 'Khushdil Shah', 'Iftakhar Hossain Ifti', 'Nurul Hasan', 'Mahmudullah', 'Faheem Ashraf', 'Nahid Rana', 'Al Islam', 'Akif Javed']",Rangpur Riders,Wickets,8.0,Towhid Hridoy,Ali Arman,Ruchira Palliyaguruge,Morshed Ali Khan,Tanvir Ahmed,Simon Taufel
12,499,2026-01-18T00:00:00.000Z,Dhaka,"Shere Bangla National Stadium, Mirpur",night,30th Match,Dhaka Capitals,Chattogram Royals,Chattogram Royals,Bowl,170.0,10.0,19.5,128.0,10.0,19.4,,Mahedi Hasan,"['Zubaid Akbari', 'Usman Khan', 'Saif Hassan', 'Shamim Hossain', 'Sabbir Rahman', 'Mohammad Mithun', 'Mohammad Saifuddin', 'Imad Wasim', 'Tofael Ahmed', 'Taskin Ahmed', 'Maruf Mridha']","['Mohammad Haris', 'Mohammad Naim', 'Mahmudul Hasan Joy', 'Shadman Islam', 'Hasan Nawaz', 'Mahedi Hasan', 'Asif Ali', 'Aamer Jamal', 'Tanvir Islam', 'Shoriful Islam', 'Mukidul Islam']",Dhaka Capitals,Runs,42.0,Saif Hassan,Gazi Sohel,Muhammad Kamruzzaman,Asif Yaqoob,Sajedul Islam,Akhtar Ahmad
12,500,2026-01-20T00:00:00.000Z,Dhaka,"Shere Bangla National Stadium, Mirpur",day,Eliminator,Rangpur Riders,Sylhet Titans,Sylhet Titans,Bowl,111.0,9.0,20.0,112.0,7.0,20.0,Litton Das,Mehidy Hasan Miraz,"['Dawid Malan', 'Towhid Hridoy', 'Litton Das', 'Kyle Mayers', 'Khushdil Shah', 'Mahmudullah', 'Nurul Hasan', 'Faheem Ashraf', 'Al Islam', 'Mustafizur Rahman', 'Nahid Rana']","['Tawfique Khan', 'Parvez Hossain Emon', 'Ariful Islam', 'Afif Hossain', 'Sam Billings', 'Mehidy Hasan Miraz', 'Moeen Ali', 'Chris Woakes', 'Khaled Ahmed', 'Nasum Ahmed', 'Salman Irshad']",Sylhet Titans,Wickets,3.0,Khaled Ahmed,Asif Yaqoob,Gazi Sohel,Muhammad Kamruzzaman,Ali Arman,Akhtar Ahmad
12,501,2026-01-20T00:00:00.000Z,Dhaka,"Shere Bangla National Stadium, Mirpur",night,Qualifier 1,Rajshahi Warriors,Chattogram Royals,Chattogram Royals,Bowl,133.0,10.0,20.0,134.0,4.0,19.3,Najmul Hossain Shanto,Mahedi Hasan,"['Sahibzada Farhan', 'Tanzid Hasan', 'Najmul Hossain Shanto', 'Mushfiqur Rahim', 'Akbar Ali', 'James Neesham', 'Ryan Burl', 'Abdul Gaffar Saqlain', 'Ripon Mondol', 'Hasan Murad', 'Binura Fernando']","['Mirza Baig', 'Mohammad Naim', 'Hasan Nawaz', 'Asif Ali', 'Mahedi Hasan', 'Aamer Jamal', 'Mahmudul Hasan Joy', 'Tanvir Islam', 'Shoriful Islam', 'Mukidul Islam', 'Zahiduzzaman']",Chattogram Royals,Wickets,6.0,Mahedi Hasan,Ruchira Palliyaguruge,Tanvir Ahmed,Sajedul Islam,Morshed Ali Khan,Simon Taufel
12,502,2026-01-21T00:00:00.000Z,Dhaka,"Shere Bangla National Stadium, Mirpur",night,Qualifier 2,Rajshahi Warriors,Sylhet Titans,Sylhet Titans,Bowl,165.0,9.0,20.0,153.0,8.0,20.0,Najmul Hossain Shanto,Mehidy Hasan Miraz,"['Sahibzada Farhan', 'Tanzid Hasan', 'Kane Williamson', 'Najmul Hossain Shanto', 'Mushfiqur Rahim', 'SM Meherob', 'James Neesham', 'Abdul Gaffar Saqlain', 'Tanzim Hasan Sakib', 'Md Rubel', 'Binura Fernando']","['Parvez Hossain Emon', 'Zakir Hasan', 'Ariful Islam', 'Sam Billings', 'Moeen Ali', 'Afif Hossain', 'Mehidy Hasan Miraz', 'Chris Woakes', 'Khaled Ahmed', 'Nasum Ahmed', 'Salman Irshad']",Rajshahi Warriors,Runs,12.0,Binura Fernando,Asif Yaqoob,Tanvir Ahmed,Gazi Sohel,Morshed Ali Khan,Simon Taufel
12,503,2026-01-23T00:00:00.000Z,Dhaka,"Shere Bangla National Stadium, Mirpur",night,Final,Rajshahi Warriors,Chattogram Royals,Chattogram Royals,Bowl,174.0,4.0,20.0,111.0,10.0,17.5,Najmul Hossain Shanto,Mahedi Hasan,"['Sahibzada Farhan', 'Tanzid Hasan', 'Kane Williamson', 'James Neesham', 'Najmul Hossain Shanto', 'Mushfiqur Rahim', 'SM Meherob', 'Abdul Gaffar Saqlain', 'Tanzim Hasan Sakib', 'Binura Fernando', 'Hasan Murad']","['Mirza Baig', 'Mohammad Naim', 'Mahmudul Hasan Joy', 'Hasan Nawaz', 'Zahiduzzaman', 'Mahedi Hasan', 'Asif Ali', 'Aamer Jamal', 'Shoriful Islam', 'Tanvir Islam', 'Mukidul Islam']",Rajshahi Warriors,Runs,63.0,Tanzid Hasan,Gazi Sohel,Ruchira Palliyaguruge,Tanvir Ahmed,Morshed Ali Khan,Simon Taufel
