Season_ID,Match_ID,Series_Slug,Match_Slug,Match_Link
1,1,bangladesh-premier-league-2011-12-547342,barisal-burners-vs-sylhet-royals-1st-match-551045,https://www.espncricinfo.com/series/bangladesh-premier-league-2011-12-547342/barisal-burners-vs-sylhet-royals-1st-match-551045/live-cricket-score
1,2,bangladesh-premier-league-2011-12-547342,chittagong-kings-vs-duronto-rajshahi-2nd-match-551046,https://www.espncricinfo.com/series/bangladesh-premier-league-2011-12-547342/chittagong-kings-vs-duronto-rajshahi-2nd-match-551046/live-cricket-score
1,3,bangladesh-premier-league-2011-12-547342,dhaka-gladiators-vs-khulna-royal-bengals-3rd-match-551047,https://www.espncricinfo.com/series/bangladesh-premier-league-2011-12-547342/dhaka-gladiators-vs-khulna-royal-bengals-3rd-match-551047/live-cricket-score
1,4,bangladesh-premier-league-2011-12-547342,barisal-burners-vs-duronto-rajshahi-4th-match-551048,https://www.espncricinfo.com/series/bangladesh-premier-league-2011-12-547342/barisal-burners-vs-duronto-rajshahi-4th-match-551048/live-cricket-score
1,5,bangladesh-premier-league-2011-12-547342,chittagong-kings-vs-khulna-royal-bengals-5th-match-551049,https://www.espncricinfo.com/series/bangladesh-premier-league-2011-12-547342/chittagong-kings-vs-khulna-royal-bengals-5th-match-551049/live-cricket-score
1,6,bangladesh-premier-league-2011-12-547342,dhaka-gladiators-vs-sylhet-royals-6th-match-551050,https://www.espncricinfo.com/series/bangladesh-premier-league-2011-12-547342/dhaka-gladiators-vs-sylhet-royals-6th-match-551050/live-cricket-score
1,7,bangladesh-premier-league-2011-12-547342,barisal-burners-vs-khulna-royal-bengals-7th-match-551051,https://www.espncricinfo.com/series/bangladesh-premier-league-2011-12-547342/barisal-burners-vs-khulna-royal-bengals-7th-match-551051/live-cricket-score
1,8,bangladesh-premier-league-2011-12-547342,chittagong-kings-vs-dhaka-gladiators-8th-match-551052,https://www.espncricinfo.com/series/bangladesh-premier-league-2011-12-547342/chittagong-kings-vs-dhaka-gladiators-8th-match-551052/live-cricket-score
1,9,bangladesh-premier-league-2011-12-547342,duronto-rajshahi-vs-sylhet-royals-9th-match-551053,https://www.espncricinfo.com/series/bangladesh-premier-league-2011-12-547342/duronto-rajshahi-vs-sylhet-royals-9th-match-551053/live-cricket-score
1,10,bangladesh-premier-league-2011-12-547342,barisal-burners-vs-dhaka-gladiators-10th-match-551054,https://www.espncricinfo.com/series/bangladesh-premier-league-2011-12-547342/barisal-burners-vs-dhaka-gladiators-10th-match-551054/live-cricket-score
1,11,bangladesh-premier-league-2011-12-547342,chittagong-kings-vs-sylhet-royals-11th-match-551055,https://www.espncricinfo.com/series/bangladesh-premier-league-2011-12-547342/chittagong-kings-vs-sylhet-royals-11th-match-551055/live-cricket-score
1,12,bangladesh-premier-league-2011-12-547342,duronto-rajshahi-vs-khulna-royal-bengals-12th-match-551056,https://www.espncricinfo.com/series/bangladesh-premier-league-2011-12-547342/duronto-rajshahi-vs-khulna-royal-bengals-12th-match-551056/live-cricket-score
1,13,bangladesh-premier-league-2011-12-547342,barisal-burners-vs-chittagong-kings-13th-match-551057,https://www.espncricinfo.com/series/bangladesh-premier-league-2011-12-547342/barisal-burners-vs-chittagong-kings-13th-match-551057/live-cricket-score
1,14,bangladesh-premier-league-2011-12-547342,dhaka-gladiators-vs-duronto-rajshahi-14th-match-551058,https://www.espncricinfo.com/series/bangladesh-premier-league-2011-12-547342/dhaka-gladiators-vs-duronto-rajshahi-14th-match-551058/live-cricket-score
1,15,bangladesh-premier-league-2011-12-547342,khulna-royal-bengals-vs-sylhet-royals-15th-match-551059,https://www.espncricinfo.com/series/bangladesh-premier-league-2011-12-547342/khulna-royal-bengals-vs-sylhet-royals-15th-match-551059/live-cricket-score
1,16,bangladesh-premier-league-2011-12-547342,chittagong-kings-vs-duronto-rajshahi-16th-match-551060,https://www.espncricinfo.com/series/bangladesh-premier-league-2011-12-547342/chittagong-kings-vs-duronto-rajshahi-16th-match-551060/live-cricket-score
1,17,bangladesh-premier-league-2011-12-547342,dhaka-gladiators-vs-khulna-royal-bengals-17th-match-551061,https://www.espncricinfo.com/series/bangladesh-premier-league-2011-12-547342/dhaka-gladiators-vs-khulna-royal-bengals-17th-match-551061/live-cricket-score
1,18,bangladesh-premier-league-2011-12-547342,barisal-burners-vs-sylhet-royals-18th-match-551062,https://www.espncricinfo.com/series/bangladesh-premier-league-2011-12-547342/barisal-burners-vs-sylhet-royals-18th-match-551062/live-cricket-score
1,19,bangladesh-premier-league-2011-12-547342,barisal-burners-vs-duronto-rajshahi-19th-match-551063,https://www.espncricinfo.com/series/bangladesh-premier-league-2011-12-547342/barisal-burners-vs-duronto-rajshahi-19th-match-551063/live-cricket-score
1,20,bangladesh-premier-league-2011-12-547342,chittagong-kings-vs-khulna-royal-bengals-20th-match-551064,https://www.espncricinfo.com/series/bangladesh-premier-league-2011-12-547342/chittagong-kings-vs-khulna-royal-bengals-20th-match-551064/live-cricket-score
1,21,bangladesh-premier-league-2011-12-547342,dhaka-gladiators-vs-sylhet-royals-21st-match-551065,https://www.espncricinfo.com/series/bangladesh-premier-league-2011-12-547342/dhaka-gladiators-vs-sylhet-royals-21st-match-551065/live-cricket-score
1,22,bangladesh-premier-league-2011-12-547342,barisal-burners-vs-khulna-royal-bengals-22nd-match-551066,https://www.espncricinfo.com/series/bangladesh-premier-league-2011-12-547342/barisal-burners-vs-khulna-royal-bengals-22nd-match-551066/live-cricket-score
1,23,bangladesh-premier-league-2011-12-547342,chittagong-kings-vs-dhaka-gladiators-23rd-match-551067,https://www.espncricinfo.com/series/bangladesh-premier-league-2011-12-547342/chittagong-kings-vs-dhaka-gladiators-23rd-match-551067/live-cricket-score
1,24,bangladesh-premier-league-2011-12-547342,duronto-rajshahi-vs-sylhet-royals-24th-match-551068,https://www.espncricinfo.com/series/bangladesh-premier-league-2011-12-547342/duronto-rajshahi-vs-sylhet-royals-24th-match-551068/live-cricket-score
1,25,bangladesh-premier-league-2011-12-547342,barisal-burners-vs-dhaka-gladiators-25th-match-551069,https://www.espncricinfo.com/series/bangladesh-premier-league-2011-12-547342/barisal-burners-vs-dhaka-gladiators-25th-match-551069/live-cricket-score
1,26,bangladesh-premier-league-2011-12-547342,chittagong-kings-vs-sylhet-royals-26th-match-551070,https://www.espncricinfo.com/series/bangladesh-premier-league-2011-12-547342/chittagong-kings-vs-sylhet-royals-26th-match-551070/live-cricket-score
1,27,bangladesh-premier-league-2011-12-547342,duronto-rajshahi-vs-khulna-royal-bengals-27th-match-551071,https://www.espncricinfo.com/series/bangladesh-premier-league-2011-12-547342/duronto-rajshahi-vs-khulna-royal-bengals-27th-match-551071/live-cricket-score
1,28,bangladesh-premier-league-2011-12-547342,barisal-burners-vs-chittagong-kings-28th-match-551072,https://www.espncricinfo.com/series/bangladesh-premier-league-2011-12-547342/barisal-burners-vs-chittagong-kings-28th-match-551072/live-cricket-score
1,29,bangladesh-premier-league-2011-12-547342,dhaka-gladiators-vs-duronto-rajshahi-29th-match-551073,https://www.espncricinfo.com/series/bangladesh-premier-league-2011-12-547342/dhaka-gladiators-vs-duronto-rajshahi-29th-match-551073/live-cricket-score
1,30,bangladesh-premier-league-2011-12-547342,khulna-royal-bengals-vs-sylhet-royals-30th-match-551074,https://www.espncricinfo.com/series/bangladesh-premier-league-2011-12-547342/khulna-royal-bengals-vs-sylhet-royals-30th-match-551074/live-cricket-score
1,31,bangladesh-premier-league-2011-12-547342,barisal-burners-vs-duronto-rajshahi-1st-semi-final-551075,https://www.espncricinfo.com/series/bangladesh-premier-league-2011-12-547342/barisal-burners-vs-duronto-rajshahi-1st-semi-final-551075/live-cricket-score
1,32,bangladesh-premier-league-2011-12-547342,dhaka-gladiators-vs-khulna-royal-bengals-2nd-semi-final-551076,https://www.espncricinfo.com/series/bangladesh-premier-league-2011-12-547342/dhaka-gladiators-vs-khulna-royal-bengals-2nd-semi-final-551076/live-cricket-score
1,33,bangladesh-premier-league-2011-12-547342,barisal-burners-vs-dhaka-gladiators-final-551077,https://www.espncricinfo.com/series/bangladesh-premier-league-2011-12-547342/barisal-burners-vs-dhaka-gladiators-final-551077/live-cricket-score
2,34,bangladesh-premier-league-2012-13-586487,dhaka-gladiators-vs-khulna-royal-bengals-1st-match-599865,https://www.espncricinfo.com/series/bangladesh-premier-league-2012-13-586487/dhaka-gladiators-vs-khulna-royal-bengals-1st-match-599865/live-cricket-score
2,35,bangladesh-premier-league-2012-13-586487,barisal-burners-vs-sylhet-royals-2nd-match-599866,https://www.espncricinfo.com/series/bangladesh-premier-league-2012-13-586487/barisal-burners-vs-sylhet-royals-2nd-match-599866/live-cricket-score
2,36,bangladesh-premier-league-2012-13-586487,chittagong-kings-vs-duronto-rajshahi-3rd-match-599867,https://www.espncricinfo.com/series/bangladesh-premier-league-2012-13-586487/chittagong-kings-vs-duronto-rajshahi-3rd-match-599867/live-cricket-score
2,37,bangladesh-premier-league-2012-13-586487,dhaka-gladiators-vs-rangpur-riders-4th-match-599868,https://www.espncricinfo.com/series/bangladesh-premier-league-2012-13-586487/dhaka-gladiators-vs-rangpur-riders-4th-match-599868/live-cricket-score
2,38,bangladesh-premier-league-2012-13-586487,barisal-burners-vs-khulna-royal-bengals-5th-match-599869,https://www.espncricinfo.com/series/bangladesh-premier-league-2012-13-586487/barisal-burners-vs-khulna-royal-bengals-5th-match-599869/live-cricket-score
2,39,bangladesh-premier-league-2012-13-586487,duronto-rajshahi-vs-sylhet-royals-6th-match-599870,https://www.espncricinfo.com/series/bangladesh-premier-league-2012-13-586487/duronto-rajshahi-vs-sylhet-royals-6th-match-599870/live-cricket-score
2,40,bangladesh-premier-league-2012-13-586487,chittagong-kings-vs-rangpur-riders-7th-match-599871,https://www.espncricinfo.com/series/bangladesh-premier-league-2012-13-586487/chittagong-kings-vs-rangpur-riders-7th-match-599871/live-cricket-score
2,41,bangladesh-premier-league-2012-13-586487,dhaka-gladiators-vs-duronto-rajshahi-8th-match-599872,https://www.espncricinfo.com/series/bangladesh-premier-league-2012-13-586487/dhaka-gladiators-vs-duronto-rajshahi-8th-match-599872/live-cricket-score
2,42,bangladesh-premier-league-2012-13-586487,barisal-burners-vs-rangpur-riders-9th-match-599873,https://www.espncricinfo.com/series/bangladesh-premier-league-2012-13-586487/barisal-burners-vs-rangpur-riders-9th-match-599873/live-cricket-score
2,43,bangladesh-premier-league-2012-13-586487,khulna-royal-bengals-vs-sylhet-royals-10th-match-599874,https://www.espncricinfo.com/series/bangladesh-premier-league-2012-13-586487/khulna-royal-bengals-vs-sylhet-royals-10th-match-599874/live-cricket-score
2,44,bangladesh-premier-league-2012-13-586487,barisal-burners-vs-chittagong-kings-11th-match-599875,https://www.espncricinfo.com/series/bangladesh-premier-league-2012-13-586487/barisal-burners-vs-chittagong-kings-11th-match-599875/live-cricket-score
2,45,bangladesh-premier-league-2012-13-586487,khulna-royal-bengals-vs-duronto-rajshahi-12th-match-599876,https://www.espncricinfo.com/series/bangladesh-premier-league-2012-13-586487/khulna-royal-bengals-vs-duronto-rajshahi-12th-match-599876/live-cricket-score
2,46,bangladesh-premier-league-2012-13-586487,dhaka-gladiators-vs-sylhet-royals-13th-match-599877,https://www.espncricinfo.com/series/bangladesh-premier-league-2012-13-586487/dhaka-gladiators-vs-sylhet-royals-13th-match-599877/live-cricket-score
2,47,bangladesh-premier-league-2012-13-586487,khulna-royal-bengals-vs-rangpur-riders-14th-match-599878,https://www.espncricinfo.com/series/bangladesh-premier-league-2012-13-586487/khulna-royal-bengals-vs-rangpur-riders-14th-match-599878/live-cricket-score
2,48,bangladesh-premier-league-2012-13-586487,chittagong-kings-vs-sylhet-royals-15th-match-599879,https://www.espncricinfo.com/series/bangladesh-premier-league-2012-13-586487/chittagong-kings-vs-sylhet-royals-15th-match-599879/live-cricket-score
2,49,bangladesh-premier-league-2012-13-586487,barisal-burners-vs-duronto-rajshahi-16th-match-599880,https://www.espncricinfo.com/series/bangladesh-premier-league-2012-13-586487/barisal-burners-vs-duronto-rajshahi-16th-match-599880/live-cricket-score
2,50,bangladesh-premier-league-2012-13-586487,dhaka-gladiators-vs-sylhet-royals-17th-match-599881,https://www.espncricinfo.com/series/bangladesh-premier-league-2012-13-586487/dhaka-gladiators-vs-sylhet-royals-17th-match-599881/live-cricket-score
2,51,bangladesh-premier-league-2012-13-586487,khulna-royal-bengals-vs-rangpur-riders-18th-match-599882,https://www.espncricinfo.com/series/bangladesh-premier-league-2012-13-586487/khulna-royal-bengals-vs-rangpur-riders-18th-match-599882/live-cricket-score
2,52,bangladesh-premier-league-2012-13-586487,sylhet-royals-vs-rangpur-riders-19th-match-599883,https://www.espncricinfo.com/series/bangladesh-premier-league-2012-13-586487/sylhet-royals-vs-rangpur-riders-19th-match-599883/live-cricket-score
2,53,bangladesh-premier-league-2012-13-586487,barisal-burners-vs-chittagong-kings-20th-match-599884,https://www.espncricinfo.com/series/bangladesh-premier-league-2012-13-586487/barisal-burners-vs-chittagong-kings-20th-match-599884/live-cricket-score
2,54,bangladesh-premier-league-2012-13-586487,dhaka-gladiators-vs-duronto-rajshahi-21st-match-599885,https://www.espncricinfo.com/series/bangladesh-premier-league-2012-13-586487/dhaka-gladiators-vs-duronto-rajshahi-21st-match-599885/live-cricket-score
2,55,bangladesh-premier-league-2012-13-586487,chittagong-kings-vs-khulna-royal-bengals-22nd-match-599886,https://www.espncricinfo.com/series/bangladesh-premier-league-2012-13-586487/chittagong-kings-vs-khulna-royal-bengals-22nd-match-599886/live-cricket-score
2,56,bangladesh-premier-league-2012-13-586487,barisal-burners-vs-duronto-rajshahi-23rd-match-599887,https://www.espncricinfo.com/series/bangladesh-premier-league-2012-13-586487/barisal-burners-vs-duronto-rajshahi-23rd-match-599887/live-cricket-score
2,57,bangladesh-premier-league-2012-13-586487,dhaka-gladiators-vs-chittagong-kings-24th-match-599888,https://www.espncricinfo.com/series/bangladesh-premier-league-2012-13-586487/dhaka-gladiators-vs-chittagong-kings-24th-match-599888/live-cricket-score
2,58,bangladesh-premier-league-2012-13-586487,duronto-rajshahi-vs-rangpur-riders-25th-match-599889,https://www.espncricinfo.com/series/bangladesh-premier-league-2012-13-586487/duronto-rajshahi-vs-rangpur-riders-25th-match-599889/live-cricket-score
2,59,bangladesh-premier-league-2012-13-586487,barisal-burners-vs-khulna-royal-bengals-26th-match-599890,https://www.espncricinfo.com/series/bangladesh-premier-league-2012-13-586487/barisal-burners-vs-khulna-royal-bengals-26th-match-599890/live-cricket-score
2,60,bangladesh-premier-league-2012-13-586487,duronto-rajshahi-vs-sylhet-royals-27th-match-599891,https://www.espncricinfo.com/series/bangladesh-premier-league-2012-13-586487/duronto-rajshahi-vs-sylhet-royals-27th-match-599891/live-cricket-score
2,61,bangladesh-premier-league-2012-13-586487,dhaka-gladiators-vs-rangpur-riders-28th-match-599892,https://www.espncricinfo.com/series/bangladesh-premier-league-2012-13-586487/dhaka-gladiators-vs-rangpur-riders-28th-match-599892/live-cricket-score
2,62,bangladesh-premier-league-2012-13-586487,chittagong-kings-vs-khulna-royal-bengals-29th-match-599893,https://www.espncricinfo.com/series/bangladesh-premier-league-2012-13-586487/chittagong-kings-vs-khulna-royal-bengals-29th-match-599893/live-cricket-score
2,63,bangladesh-premier-league-2012-13-586487,rangpur-riders-vs-sylhet-royals-30th-match-599894,https://www.espncricinfo.com/series/bangladesh-premier-league-2012-13-586487/rangpur-riders-vs-sylhet-royals-30th-match-599894/live-cricket-score
2,64,bangladesh-premier-league-2012-13-586487,khulna-royal-bengals-vs-duronto-rajshahi-31st-match-599895,https://www.espncricinfo.com/series/bangladesh-premier-league-2012-13-586487/khulna-royal-bengals-vs-duronto-rajshahi-31st-match-599895/live-cricket-score
2,65,bangladesh-premier-league-2012-13-586487,chittagong-kings-vs-sylhet-royals-32nd-match-599896,https://www.espncricinfo.com/series/bangladesh-premier-league-2012-13-586487/chittagong-kings-vs-sylhet-royals-32nd-match-599896/live-cricket-score
2,66,bangladesh-premier-league-2012-13-586487,chittagong-kings-vs-rangpur-riders-33rd-match-599897,https://www.espncricinfo.com/series/bangladesh-premier-league-2012-13-586487/chittagong-kings-vs-rangpur-riders-33rd-match-599897/live-cricket-score
2,67,bangladesh-premier-league-2012-13-586487,barisal-burners-vs-dhaka-gladiators-34th-match-599898,https://www.espncricinfo.com/series/bangladesh-premier-league-2012-13-586487/barisal-burners-vs-dhaka-gladiators-34th-match-599898/live-cricket-score
2,68,bangladesh-premier-league-2012-13-586487,dhaka-gladiators-vs-khulna-royal-bengals-35th-match-599899,https://www.espncricinfo.com/series/bangladesh-premier-league-2012-13-586487/dhaka-gladiators-vs-khulna-royal-bengals-35th-match-599899/live-cricket-score
2,69,bangladesh-premier-league-2012-13-586487,duronto-rajshahi-vs-rangpur-riders-36th-match-599900,https://www.espncricinfo.com/series/bangladesh-premier-league-2012-13-586487/duronto-rajshahi-vs-rangpur-riders-36th-match-599900/live-cricket-score
2,70,bangladesh-premier-league-2012-13-586487,khulna-royal-bengals-vs-sylhet-royals-37th-match-599901,https://www.espncricinfo.com/series/bangladesh-premier-league-2012-13-586487/khulna-royal-bengals-vs-sylhet-royals-37th-match-599901/live-cricket-score
2,71,bangladesh-premier-league-2012-13-586487,barisal-burners-vs-dhaka-gladiators-38th-match-599902,https://www.espncricinfo.com/series/bangladesh-premier-league-2012-13-586487/barisal-burners-vs-dhaka-gladiators-38th-match-599902/live-cricket-score
2,72,bangladesh-premier-league-2012-13-586487,chittagong-kings-vs-duronto-rajshahi-39th-match-599903,https://www.espncricinfo.com/series/bangladesh-premier-league-2012-13-586487/chittagong-kings-vs-duronto-rajshahi-39th-match-599903/live-cricket-score
2,73,bangladesh-premier-league-2012-13-586487,barisal-burners-vs-sylhet-royals-40th-match-599904,https://www.espncricinfo.com/series/bangladesh-premier-league-2012-13-586487/barisal-burners-vs-sylhet-royals-40th-match-599904/live-cricket-score
2,74,bangladesh-premier-league-2012-13-586487,barisal-burners-vs-rangpur-riders-41st-match-599905,https://www.espncricinfo.com/series/bangladesh-premier-league-2012-13-586487/barisal-burners-vs-rangpur-riders-41st-match-599905/live-cricket-score
2,75,bangladesh-premier-league-2012-13-586487,chittagong-kings-vs-dhaka-gladiators-42nd-match-599906,https://www.espncricinfo.com/series/bangladesh-premier-league-2012-13-586487/chittagong-kings-vs-dhaka-gladiators-42nd-match-599906/live-cricket-score
2,76,bangladesh-premier-league-2012-13-586487,dhaka-gladiators-vs-sylhet-royals-race-to-the-final-599907,https://www.espncricinfo.com/series/bangladesh-premier-league-2012-13-586487/dhaka-gladiators-vs-sylhet-royals-race-to-the-final-599907/live-cricket-score
2,77,bangladesh-premier-league-2012-13-586487,chittagong-kings-vs-duronto-rajshahi-elimination-final-599908,https://www.espncricinfo.com/series/bangladesh-premier-league-2012-13-586487/chittagong-kings-vs-duronto-rajshahi-elimination-final-599908/live-cricket-score
2,78,bangladesh-premier-league-2012-13-586487,chittagong-kings-vs-sylhet-royals-semi-final-599909,https://www.espncricinfo.com/series/bangladesh-premier-league-2012-13-586487/chittagong-kings-vs-sylhet-royals-semi-final-599909/live-cricket-score
2,79,bangladesh-premier-league-2012-13-586487,chittagong-kings-vs-sylhet-royals-semi-final-605286,https://www.espncricinfo.com/series/bangladesh-premier-league-2012-13-586487/chittagong-kings-vs-sylhet-royals-semi-final-605286/live-cricket-score
2,80,bangladesh-premier-league-2012-13-586487,dhaka-gladiators-vs-chittagong-kings-final-599910,https://www.espncricinfo.com/series/bangladesh-premier-league-2012-13-586487/dhaka-gladiators-vs-chittagong-kings-final-599910/live-cricket-score
3,81,bangladesh-premier-league-2015-16-921139,rangpur-riders-vs-chittagong-vikings-1st-match-935283,https://www.espncricinfo.com/series/bangladesh-premier-league-2015-16-921139/rangpur-riders-vs-chittagong-vikings-1st-match-935283/live-cricket-score
3,82,bangladesh-premier-league-2015-16-921139,dhaka-dynamites-vs-comilla-victorians-2nd-match-935285,https://www.espncricinfo.com/series/bangladesh-premier-league-2015-16-921139/dhaka-dynamites-vs-comilla-victorians-2nd-match-935285/live-cricket-score
3,83,bangladesh-premier-league-2015-16-921139,sylhet-super-stars-vs-chittagong-vikings-3rd-match-935287,https://www.espncricinfo.com/series/bangladesh-premier-league-2015-16-921139/sylhet-super-stars-vs-chittagong-vikings-3rd-match-935287/live-cricket-score
3,84,bangladesh-premier-league-2015-16-921139,rangpur-riders-vs-barisal-bulls-4th-match-935289,https://www.espncricinfo.com/series/bangladesh-premier-league-2015-16-921139/rangpur-riders-vs-barisal-bulls-4th-match-935289/live-cricket-score
3,85,bangladesh-premier-league-2015-16-921139,comilla-victorians-vs-chittagong-vikings-5th-match-935291,https://www.espncricinfo.com/series/bangladesh-premier-league-2015-16-921139/comilla-victorians-vs-chittagong-vikings-5th-match-935291/live-cricket-score
3,86,bangladesh-premier-league-2015-16-921139,sylhet-super-stars-vs-barisal-bulls-6th-match-935293,https://www.espncricinfo.com/series/bangladesh-premier-league-2015-16-921139/sylhet-super-stars-vs-barisal-bulls-6th-match-935293/live-cricket-score
3,87,bangladesh-premier-league-2015-16-921139,rangpur-riders-vs-dhaka-dynamites-7th-match-935295,https://www.espncricinfo.com/series/bangladesh-premier-league-2015-16-921139/rangpur-riders-vs-dhaka-dynamites-7th-match-935295/live-cricket-score
3,88,bangladesh-premier-league-2015-16-921139,comilla-victorians-vs-barisal-bulls-8th-match-935297,https://www.espncricinfo.com/series/bangladesh-premier-league-2015-16-921139/comilla-victorians-vs-barisal-bulls-8th-match-935297/live-cricket-score
3,89,bangladesh-premier-league-2015-16-921139,sylhet-super-stars-vs-rangpur-riders-9th-match-935299,https://www.espncricinfo.com/series/bangladesh-premier-league-2015-16-921139/sylhet-super-stars-vs-rangpur-riders-9th-match-935299/live-cricket-score
3,90,bangladesh-premier-league-2015-16-921139,chittagong-vikings-vs-dhaka-dynamites-10th-match-935301,https://www.espncricinfo.com/series/bangladesh-premier-league-2015-16-921139/chittagong-vikings-vs-dhaka-dynamites-10th-match-935301/live-cricket-score
3,91,bangladesh-premier-league-2015-16-921139,comilla-victorians-vs-rangpur-riders-11th-match-935303,https://www.espncricinfo.com/series/bangladesh-premier-league-2015-16-921139/comilla-victorians-vs-rangpur-riders-11th-match-935303/live-cricket-score
3,92,bangladesh-premier-league-2015-16-921139,sylhet-super-stars-vs-dhaka-dynamites-12th-match-935305,https://www.espncricinfo.com/series/bangladesh-premier-league-2015-16-921139/sylhet-super-stars-vs-dhaka-dynamites-12th-match-935305/live-cricket-score
3,93,bangladesh-premier-league-2015-16-921139,barisal-bulls-vs-chittagong-vikings-13th-match-935307,https://www.espncricinfo.com/series/bangladesh-premier-league-2015-16-921139/barisal-bulls-vs-chittagong-vikings-13th-match-935307/live-cricket-score
3,94,bangladesh-premier-league-2015-16-921139,comilla-victorians-vs-sylhet-super-stars-14th-match-935309,https://www.espncricinfo.com/series/bangladesh-premier-league-2015-16-921139/comilla-victorians-vs-sylhet-super-stars-14th-match-935309/live-cricket-score
3,95,bangladesh-premier-league-2015-16-921139,rangpur-riders-vs-chittagong-vikings-15th-match-935311,https://www.espncricinfo.com/series/bangladesh-premier-league-2015-16-921139/rangpur-riders-vs-chittagong-vikings-15th-match-935311/live-cricket-score
3,96,bangladesh-premier-league-2015-16-921139,barisal-bulls-vs-dhaka-dynamites-16th-match-935313,https://www.espncricinfo.com/series/bangladesh-premier-league-2015-16-921139/barisal-bulls-vs-dhaka-dynamites-16th-match-935313/live-cricket-score
3,97,bangladesh-premier-league-2015-16-921139,comilla-victorians-vs-dhaka-dynamites-17th-match-935315,https://www.espncricinfo.com/series/bangladesh-premier-league-2015-16-921139/comilla-victorians-vs-dhaka-dynamites-17th-match-935315/live-cricket-score
3,98,bangladesh-premier-league-2015-16-921139,sylhet-super-stars-vs-chittagong-vikings-18th-match-935317,https://www.espncricinfo.com/series/bangladesh-premier-league-2015-16-921139/sylhet-super-stars-vs-chittagong-vikings-18th-match-935317/live-cricket-score
3,99,bangladesh-premier-league-2015-16-921139,rangpur-riders-vs-barisal-bulls-19th-match-935319,https://www.espncricinfo.com/series/bangladesh-premier-league-2015-16-921139/rangpur-riders-vs-barisal-bulls-19th-match-935319/live-cricket-score
3,100,bangladesh-premier-league-2015-16-921139,comilla-victorians-vs-chittagong-vikings-20th-match-935321,https://www.espncricinfo.com/series/bangladesh-premier-league-2015-16-921139/comilla-victorians-vs-chittagong-vikings-20th-match-935321/live-cricket-score
3,101,bangladesh-premier-league-2015-16-921139,sylhet-super-stars-vs-barisal-bulls-21st-match-935323,https://www.espncricinfo.com/series/bangladesh-premier-league-2015-16-921139/sylhet-super-stars-vs-barisal-bulls-21st-match-935323/live-cricket-score
3,102,bangladesh-premier-league-2015-16-921139,rangpur-riders-vs-dhaka-dynamites-22nd-match-935325,https://www.espncricinfo.com/series/bangladesh-premier-league-2015-16-921139/rangpur-riders-vs-dhaka-dynamites-22nd-match-935325/live-cricket-score
3,103,bangladesh-premier-league-2015-16-921139,comilla-victorians-vs-barisal-bulls-23rd-match-935327,https://www.espncricinfo.com/series/bangladesh-premier-league-2015-16-921139/comilla-victorians-vs-barisal-bulls-23rd-match-935327/live-cricket-score
3,104,bangladesh-premier-league-2015-16-921139,sylhet-super-stars-vs-rangpur-riders-24th-match-935329,https://www.espncricinfo.com/series/bangladesh-premier-league-2015-16-921139/sylhet-super-stars-vs-rangpur-riders-24th-match-935329/live-cricket-score
3,105,bangladesh-premier-league-2015-16-921139,chittagong-vikings-vs-dhaka-dynamites-25th-match-935331,https://www.espncricinfo.com/series/bangladesh-premier-league-2015-16-921139/chittagong-vikings-vs-dhaka-dynamites-25th-match-935331/live-cricket-score
3,106,bangladesh-premier-league-2015-16-921139,comilla-victorians-vs-rangpur-riders-26th-match-935333,https://www.espncricinfo.com/series/bangladesh-premier-league-2015-16-921139/comilla-victorians-vs-rangpur-riders-26th-match-935333/live-cricket-score
3,107,bangladesh-premier-league-2015-16-921139,sylhet-super-stars-vs-dhaka-dynamites-27th-match-935335,https://www.espncricinfo.com/series/bangladesh-premier-league-2015-16-921139/sylhet-super-stars-vs-dhaka-dynamites-27th-match-935335/live-cricket-score
3,108,bangladesh-premier-league-2015-16-921139,barisal-bulls-vs-chittagong-vikings-28th-match-935337,https://www.espncricinfo.com/series/bangladesh-premier-league-2015-16-921139/barisal-bulls-vs-chittagong-vikings-28th-match-935337/live-cricket-score
3,109,bangladesh-premier-league-2015-16-921139,comilla-victorians-vs-sylhet-super-stars-29th-match-935339,https://www.espncricinfo.com/series/bangladesh-premier-league-2015-16-921139/comilla-victorians-vs-sylhet-super-stars-29th-match-935339/live-cricket-score
3,110,bangladesh-premier-league-2015-16-921139,barisal-bulls-vs-dhaka-dynamites-30th-match-935341,https://www.espncricinfo.com/series/bangladesh-premier-league-2015-16-921139/barisal-bulls-vs-dhaka-dynamites-30th-match-935341/live-cricket-score
3,111,bangladesh-premier-league-2015-16-921139,comilla-victorians-vs-rangpur-riders-qualifier-1-935343,https://www.espncricinfo.com/series/bangladesh-premier-league-2015-16-921139/comilla-victorians-vs-rangpur-riders-qualifier-1-935343/live-cricket-score
3,112,bangladesh-premier-league-2015-16-921139,barisal-bulls-vs-dhaka-dynamites-eliminator-935345,https://www.espncricinfo.com/series/bangladesh-premier-league-2015-16-921139/barisal-bulls-vs-dhaka-dynamites-eliminator-935345/live-cricket-score
3,113,bangladesh-premier-league-2015-16-921139,rangpur-riders-vs-barisal-bulls-qualifier-2-935347,https://www.espncricinfo.com/series/bangladesh-premier-league-2015-16-921139/rangpur-riders-vs-barisal-bulls-qualifier-2-935347/live-cricket-score
3,114,bangladesh-premier-league-2015-16-921139,comilla-victorians-vs-barisal-bulls-final-935349,https://www.espncricinfo.com/series/bangladesh-premier-league-2015-16-921139/comilla-victorians-vs-barisal-bulls-final-935349/live-cricket-score
4,115,bpl-2016-2016-17-1063043,comilla-victorians-vs-chittagong-vikings-1st-match-1063054,https://www.espncricinfo.com/series/bpl-2016-2016-17-1063043/comilla-victorians-vs-chittagong-vikings-1st-match-1063054/live-cricket-score
4,116,bpl-2016-2016-17-1063043,barisal-bulls-vs-dhaka-dynamites-2nd-match-1063053,https://www.espncricinfo.com/series/bpl-2016-2016-17-1063043/barisal-bulls-vs-dhaka-dynamites-2nd-match-1063053/live-cricket-score
4,117,bpl-2016-2016-17-1063043,khulna-titans-vs-rajshahi-kings-3rd-match-1063055,https://www.espncricinfo.com/series/bpl-2016-2016-17-1063043/khulna-titans-vs-rajshahi-kings-3rd-match-1063055/live-cricket-score
4,118,bpl-2016-2016-17-1063043,rangpur-riders-vs-chittagong-vikings-4th-match-1063056,https://www.espncricinfo.com/series/bpl-2016-2016-17-1063043/rangpur-riders-vs-chittagong-vikings-4th-match-1063056/live-cricket-score
4,119,bpl-2016-2016-17-1063043,rangpur-riders-vs-khulna-titans-5th-match-1063048,https://www.espncricinfo.com/series/bpl-2016-2016-17-1063043/rangpur-riders-vs-khulna-titans-5th-match-1063048/live-cricket-score
4,120,bpl-2016-2016-17-1063043,comilla-victorians-vs-barisal-bulls-6th-match-1063057,https://www.espncricinfo.com/series/bpl-2016-2016-17-1063043/comilla-victorians-vs-barisal-bulls-6th-match-1063057/live-cricket-score
4,121,bpl-2016-2016-17-1063043,dhaka-dynamites-vs-rajshahi-kings-7th-match-1063058,https://www.espncricinfo.com/series/bpl-2016-2016-17-1063043/dhaka-dynamites-vs-rajshahi-kings-7th-match-1063058/live-cricket-score
4,122,bpl-2016-2016-17-1063043,chittagong-vikings-vs-khulna-titans-8th-match-1063059,https://www.espncricinfo.com/series/bpl-2016-2016-17-1063043/chittagong-vikings-vs-khulna-titans-8th-match-1063059/live-cricket-score
4,123,bpl-2016-2016-17-1063043,rangpur-riders-vs-dhaka-dynamites-9th-match-1063060,https://www.espncricinfo.com/series/bpl-2016-2016-17-1063043/rangpur-riders-vs-dhaka-dynamites-9th-match-1063060/live-cricket-score
4,124,bpl-2016-2016-17-1063043,barisal-bulls-vs-rajshahi-kings-10th-match-1063061,https://www.espncricinfo.com/series/bpl-2016-2016-17-1063043/barisal-bulls-vs-rajshahi-kings-10th-match-1063061/live-cricket-score
4,125,bpl-2016-2016-17-1063043,comilla-victorians-vs-khulna-titans-11th-match-1063062,https://www.espncricinfo.com/series/bpl-2016-2016-17-1063043/comilla-victorians-vs-khulna-titans-11th-match-1063062/live-cricket-score
4,126,bpl-2016-2016-17-1063043,barisal-bulls-vs-chittagong-vikings-12th-match-1063049,https://www.espncricinfo.com/series/bpl-2016-2016-17-1063043/barisal-bulls-vs-chittagong-vikings-12th-match-1063049/live-cricket-score
4,127,bpl-2016-2016-17-1063043,comilla-victorians-vs-dhaka-dynamites-13th-match-1063050,https://www.espncricinfo.com/series/bpl-2016-2016-17-1063043/comilla-victorians-vs-dhaka-dynamites-13th-match-1063050/live-cricket-score
4,128,bpl-2016-2016-17-1063043,dhaka-dynamites-vs-chittagong-vikings-14th-match-1063063,https://www.espncricinfo.com/series/bpl-2016-2016-17-1063043/dhaka-dynamites-vs-chittagong-vikings-14th-match-1063063/live-cricket-score
4,129,bpl-2016-2016-17-1063043,rangpur-riders-vs-barisal-bulls-15th-match-1063064,https://www.espncricinfo.com/series/bpl-2016-2016-17-1063043/rangpur-riders-vs-barisal-bulls-15th-match-1063064/live-cricket-score
4,130,bpl-2016-2016-17-1063043,chittagong-vikings-vs-rajshahi-kings-16th-match-1063065,https://www.espncricinfo.com/series/bpl-2016-2016-17-1063043/chittagong-vikings-vs-rajshahi-kings-16th-match-1063065/live-cricket-score
4,131,bpl-2016-2016-17-1063043,comilla-victorians-vs-rangpur-riders-17th-match-1063066,https://www.espncricinfo.com/series/bpl-2016-2016-17-1063043/comilla-victorians-vs-rangpur-riders-17th-match-1063066/live-cricket-score
4,132,bpl-2016-2016-17-1063043,dhaka-dynamites-vs-khulna-titans-18th-match-1063067,https://www.espncricinfo.com/series/bpl-2016-2016-17-1063043/dhaka-dynamites-vs-khulna-titans-18th-match-1063067/live-cricket-score
4,133,bpl-2016-2016-17-1063043,comilla-victorians-vs-rajshahi-kings-19th-match-1063068,https://www.espncricinfo.com/series/bpl-2016-2016-17-1063043/comilla-victorians-vs-rajshahi-kings-19th-match-1063068/live-cricket-score
4,134,bpl-2016-2016-17-1063043,barisal-bulls-vs-khulna-titans-20th-match-1063052,https://www.espncricinfo.com/series/bpl-2016-2016-17-1063043/barisal-bulls-vs-khulna-titans-20th-match-1063052/live-cricket-score
4,135,bpl-2016-2016-17-1063043,dhaka-dynamites-vs-rajshahi-kings-21st-match-1063069,https://www.espncricinfo.com/series/bpl-2016-2016-17-1063043/dhaka-dynamites-vs-rajshahi-kings-21st-match-1063069/live-cricket-score
4,136,bpl-2016-2016-17-1063043,comilla-victorians-vs-chittagong-vikings-22nd-match-1063070,https://www.espncricinfo.com/series/bpl-2016-2016-17-1063043/comilla-victorians-vs-chittagong-vikings-22nd-match-1063070/live-cricket-score
4,137,bpl-2016-2016-17-1063043,rangpur-riders-vs-khulna-titans-23rd-match-1063071,https://www.espncricinfo.com/series/bpl-2016-2016-17-1063043/rangpur-riders-vs-khulna-titans-23rd-match-1063071/live-cricket-score
4,138,bpl-2016-2016-17-1063043,barisal-bulls-vs-chittagong-vikings-24th-match-1063072,https://www.espncricinfo.com/series/bpl-2016-2016-17-1063043/barisal-bulls-vs-chittagong-vikings-24th-match-1063072/live-cricket-score
4,139,bpl-2016-2016-17-1063043,rangpur-riders-vs-rajshahi-kings-25th-match-1063073,https://www.espncricinfo.com/series/bpl-2016-2016-17-1063043/rangpur-riders-vs-rajshahi-kings-25th-match-1063073/live-cricket-score
4,140,bpl-2016-2016-17-1063043,barisal-bulls-vs-khulna-titans-26th-match-1063074,https://www.espncricinfo.com/series/bpl-2016-2016-17-1063043/barisal-bulls-vs-khulna-titans-26th-match-1063074/live-cricket-score
4,141,bpl-2016-2016-17-1063043,comilla-victorians-vs-dhaka-dynamites-27th-match-1063075,https://www.espncricinfo.com/series/bpl-2016-2016-17-1063043/comilla-victorians-vs-dhaka-dynamites-27th-match-1063075/live-cricket-score
4,142,bpl-2016-2016-17-1063043,khulna-titans-vs-rajshahi-kings-28th-match-1063076,https://www.espncricinfo.com/series/bpl-2016-2016-17-1063043/khulna-titans-vs-rajshahi-kings-28th-match-1063076/live-cricket-score
4,143,bpl-2016-2016-17-1063043,barisal-bulls-vs-dhaka-dynamites-29th-match-1063077,https://www.espncricinfo.com/series/bpl-2016-2016-17-1063043/barisal-bulls-vs-dhaka-dynamites-29th-match-1063077/live-cricket-score
4,144,bpl-2016-2016-17-1063043,rangpur-riders-vs-chittagong-vikings-30th-match-1063078,https://www.espncricinfo.com/series/bpl-2016-2016-17-1063043/rangpur-riders-vs-chittagong-vikings-30th-match-1063078/live-cricket-score
4,145,bpl-2016-2016-17-1063043,rangpur-riders-vs-rajshahi-kings-31st-match-1063051,https://www.espncricinfo.com/series/bpl-2016-2016-17-1063043/rangpur-riders-vs-rajshahi-kings-31st-match-1063051/live-cricket-score
4,146,bpl-2016-2016-17-1063043,comilla-victorians-vs-barisal-bulls-32nd-match-1063079,https://www.espncricinfo.com/series/bpl-2016-2016-17-1063043/comilla-victorians-vs-barisal-bulls-32nd-match-1063079/live-cricket-score
4,147,bpl-2016-2016-17-1063043,chittagong-vikings-vs-khulna-titans-33rd-match-1063080,https://www.espncricinfo.com/series/bpl-2016-2016-17-1063043/chittagong-vikings-vs-khulna-titans-33rd-match-1063080/live-cricket-score
4,148,bpl-2016-2016-17-1063043,rangpur-riders-vs-dhaka-dynamites-34th-match-1063081,https://www.espncricinfo.com/series/bpl-2016-2016-17-1063043/rangpur-riders-vs-dhaka-dynamites-34th-match-1063081/live-cricket-score
4,149,bpl-2016-2016-17-1063043,comilla-victorians-vs-rajshahi-kings-35th-match-1063047,https://www.espncricinfo.com/series/bpl-2016-2016-17-1063043/comilla-victorians-vs-rajshahi-kings-35th-match-1063047/live-cricket-score
4,150,bpl-2016-2016-17-1063043,barisal-bulls-vs-rajshahi-kings-36th-match-1063082,https://www.espncricinfo.com/series/bpl-2016-2016-17-1063043/barisal-bulls-vs-rajshahi-kings-36th-match-1063082/live-cricket-score
4,151,bpl-2016-2016-17-1063043,comilla-victorians-vs-khulna-titans-37th-match-1063085,https://www.espncricinfo.com/series/bpl-2016-2016-17-1063043/comilla-victorians-vs-khulna-titans-37th-match-1063085/live-cricket-score
4,152,bpl-2016-2016-17-1063043,dhaka-dynamites-vs-chittagong-vikings-38th-match-1063084,https://www.espncricinfo.com/series/bpl-2016-2016-17-1063043/dhaka-dynamites-vs-chittagong-vikings-38th-match-1063084/live-cricket-score
4,153,bpl-2016-2016-17-1063043,rangpur-riders-vs-barisal-bulls-39th-match-1063083,https://www.espncricinfo.com/series/bpl-2016-2016-17-1063043/rangpur-riders-vs-barisal-bulls-39th-match-1063083/live-cricket-score
4,154,bpl-2016-2016-17-1063043,chittagong-vikings-vs-rajshahi-kings-40th-match-1063086,https://www.espncricinfo.com/series/bpl-2016-2016-17-1063043/chittagong-vikings-vs-rajshahi-kings-40th-match-1063086/live-cricket-score
4,155,bpl-2016-2016-17-1063043,comilla-victorians-vs-rangpur-riders-41st-match-1063087,https://www.espncricinfo.com/series/bpl-2016-2016-17-1063043/comilla-victorians-vs-rangpur-riders-41st-match-1063087/live-cricket-score
4,156,bpl-2016-2016-17-1063043,dhaka-dynamites-vs-khulna-titans-42nd-match-1063088,https://www.espncricinfo.com/series/bpl-2016-2016-17-1063043/dhaka-dynamites-vs-khulna-titans-42nd-match-1063088/live-cricket-score
4,157,bpl-2016-2016-17-1063043,chittagong-vikings-vs-rajshahi-kings-eliminator-1063089,https://www.espncricinfo.com/series/bpl-2016-2016-17-1063043/chittagong-vikings-vs-rajshahi-kings-eliminator-1063089/live-cricket-score
4,158,bpl-2016-2016-17-1063043,dhaka-dynamites-vs-khulna-titans-qualifier-1-1063090,https://www.espncricinfo.com/series/bpl-2016-2016-17-1063043/dhaka-dynamites-vs-khulna-titans-qualifier-1-1063090/live-cricket-score
4,159,bpl-2016-2016-17-1063043,khulna-titans-vs-rajshahi-kings-qualifier-2-1063091,https://www.espncricinfo.com/series/bpl-2016-2016-17-1063043/khulna-titans-vs-rajshahi-kings-qualifier-2-1063091/live-cricket-score
4,160,bpl-2016-2016-17-1063043,dhaka-dynamites-vs-rajshahi-kings-final-1063092,https://www.espncricinfo.com/series/bpl-2016-2016-17-1063043/dhaka-dynamites-vs-rajshahi-kings-final-1063092/live-cricket-score
5,161,bpl-2017-2017-18-1121242,sylhet-sixers-vs-dhaka-dynamites-1st-match-1121245,https://www.espncricinfo.com/series/bpl-2017-2017-18-1121242/sylhet-sixers-vs-dhaka-dynamites-1st-match-1121245/live-cricket-score
5,162,bpl-2017-2017-18-1121242,rajshahi-kings-vs-rangpur-riders-2nd-match-1121246,https://www.espncricinfo.com/series/bpl-2017-2017-18-1121242/rajshahi-kings-vs-rangpur-riders-2nd-match-1121246/live-cricket-score
5,163,bpl-2017-2017-18-1121242,sylhet-sixers-vs-comilla-victorians-3rd-match-1121247,https://www.espncricinfo.com/series/bpl-2017-2017-18-1121242/sylhet-sixers-vs-comilla-victorians-3rd-match-1121247/live-cricket-score
5,164,bpl-2017-2017-18-1121242,khulna-titans-vs-dhaka-dynamites-4th-match-1121248,https://www.espncricinfo.com/series/bpl-2017-2017-18-1121242/khulna-titans-vs-dhaka-dynamites-4th-match-1121248/live-cricket-score
5,165,bpl-2017-2017-18-1121242,chittagong-vikings-vs-comilla-victorians-5th-match-1121249,https://www.espncricinfo.com/series/bpl-2017-2017-18-1121242/chittagong-vikings-vs-comilla-victorians-5th-match-1121249/live-cricket-score
5,166,bpl-2017-2017-18-1121242,sylhet-sixers-vs-rajshahi-kings-6th-match-1121250,https://www.espncricinfo.com/series/bpl-2017-2017-18-1121242/sylhet-sixers-vs-rajshahi-kings-6th-match-1121250/live-cricket-score
5,167,bpl-2017-2017-18-1121242,rangpur-riders-vs-chittagong-vikings-7th-match-1121251,https://www.espncricinfo.com/series/bpl-2017-2017-18-1121242/rangpur-riders-vs-chittagong-vikings-7th-match-1121251/live-cricket-score
5,168,bpl-2017-2017-18-1121242,sylhet-sixers-vs-khulna-titans-8th-match-1121252,https://www.espncricinfo.com/series/bpl-2017-2017-18-1121242/sylhet-sixers-vs-khulna-titans-8th-match-1121252/live-cricket-score
5,169,bpl-2017-2017-18-1121242,rangpur-riders-vs-rajshahi-kings-9th-match-1121253,https://www.espncricinfo.com/series/bpl-2017-2017-18-1121242/rangpur-riders-vs-rajshahi-kings-9th-match-1121253/live-cricket-score
5,170,bpl-2017-2017-18-1121242,dhaka-dynamites-vs-sylhet-sixers-10th-match-1121254,https://www.espncricinfo.com/series/bpl-2017-2017-18-1121242/dhaka-dynamites-vs-sylhet-sixers-10th-match-1121254/live-cricket-score
5,171,bpl-2017-2017-18-1121242,chittagong-vikings-vs-khulna-titans-11th-match-1121255,https://www.espncricinfo.com/series/bpl-2017-2017-18-1121242/chittagong-vikings-vs-khulna-titans-11th-match-1121255/live-cricket-score
5,172,bpl-2017-2017-18-1121242,rajshahi-kings-vs-comilla-victorians-12th-match-1121256,https://www.espncricinfo.com/series/bpl-2017-2017-18-1121242/rajshahi-kings-vs-comilla-victorians-12th-match-1121256/live-cricket-score
5,173,bpl-2017-2017-18-1121242,dhaka-dynamites-vs-khulna-titans-13th-match-1121257,https://www.espncricinfo.com/series/bpl-2017-2017-18-1121242/dhaka-dynamites-vs-khulna-titans-13th-match-1121257/live-cricket-score
5,174,bpl-2017-2017-18-1121242,comilla-victorians-vs-chittagong-vikings-14th-match-1121258,https://www.espncricinfo.com/series/bpl-2017-2017-18-1121242/comilla-victorians-vs-chittagong-vikings-14th-match-1121258/live-cricket-score
5,175,bpl-2017-2017-18-1121242,khulna-titans-vs-sylhet-sixers-15th-match-1121259,https://www.espncricinfo.com/series/bpl-2017-2017-18-1121242/khulna-titans-vs-sylhet-sixers-15th-match-1121259/live-cricket-score
5,176,bpl-2017-2017-18-1121242,dhaka-dynamites-vs-chittagong-vikings-16th-match-1121260,https://www.espncricinfo.com/series/bpl-2017-2017-18-1121242/dhaka-dynamites-vs-chittagong-vikings-16th-match-1121260/live-cricket-score
5,177,bpl-2017-2017-18-1121242,rajshahi-kings-vs-sylhet-sixers-17th-match-1121261,https://www.espncricinfo.com/series/bpl-2017-2017-18-1121242/rajshahi-kings-vs-sylhet-sixers-17th-match-1121261/live-cricket-score
5,178,bpl-2017-2017-18-1121242,khulna-titans-vs-chittagong-vikings-18th-match-1121262,https://www.espncricinfo.com/series/bpl-2017-2017-18-1121242/khulna-titans-vs-chittagong-vikings-18th-match-1121262/live-cricket-score
5,179,bpl-2017-2017-18-1121242,dhaka-dynamites-vs-rajshahi-kings-19th-match-1121263,https://www.espncricinfo.com/series/bpl-2017-2017-18-1121242/dhaka-dynamites-vs-rajshahi-kings-19th-match-1121263/live-cricket-score
5,180,bpl-2017-2017-18-1121242,rangpur-riders-vs-comilla-victorians-20th-match-1121264,https://www.espncricinfo.com/series/bpl-2017-2017-18-1121242/rangpur-riders-vs-comilla-victorians-20th-match-1121264/live-cricket-score
5,181,bpl-2017-2017-18-1121242,dhaka-dynamites-vs-comilla-victorians-21st-match-1121265,https://www.espncricinfo.com/series/bpl-2017-2017-18-1121242/dhaka-dynamites-vs-comilla-victorians-21st-match-1121265/live-cricket-score
5,182,bpl-2017-2017-18-1121242,sylhet-sixers-vs-rangpur-riders-22nd-match-1121266,https://www.espncricinfo.com/series/bpl-2017-2017-18-1121242/sylhet-sixers-vs-rangpur-riders-22nd-match-1121266/live-cricket-score
5,183,bpl-2017-2017-18-1121242,rajshahi-kings-vs-khulna-titans-23rd-match-1121267,https://www.espncricinfo.com/series/bpl-2017-2017-18-1121242/rajshahi-kings-vs-khulna-titans-23rd-match-1121267/live-cricket-score
5,184,bpl-2017-2017-18-1121242,dhaka-dynamites-vs-rangpur-riders-24th-match-1121268,https://www.espncricinfo.com/series/bpl-2017-2017-18-1121242/dhaka-dynamites-vs-rangpur-riders-24th-match-1121268/live-cricket-score
5,185,bpl-2017-2017-18-1121242,khulna-titans-vs-rangpur-riders-25th-match-1121269,https://www.espncricinfo.com/series/bpl-2017-2017-18-1121242/khulna-titans-vs-rangpur-riders-25th-match-1121269/live-cricket-score
5,186,bpl-2017-2017-18-1121242,chittagong-vikings-vs-sylhet-sixers-26th-match-1121270,https://www.espncricinfo.com/series/bpl-2017-2017-18-1121242/chittagong-vikings-vs-sylhet-sixers-26th-match-1121270/live-cricket-score
5,187,bpl-2017-2017-18-1121242,comilla-victorians-vs-rajshahi-kings-27th-match-1121271,https://www.espncricinfo.com/series/bpl-2017-2017-18-1121242/comilla-victorians-vs-rajshahi-kings-27th-match-1121271/live-cricket-score
5,188,bpl-2017-2017-18-1121242,chittagong-vikings-vs-rangpur-riders-28th-match-1121272,https://www.espncricinfo.com/series/bpl-2017-2017-18-1121242/chittagong-vikings-vs-rangpur-riders-28th-match-1121272/live-cricket-score
5,189,bpl-2017-2017-18-1121242,chittagong-vikings-vs-dhaka-dynamites-29th-match-1121273,https://www.espncricinfo.com/series/bpl-2017-2017-18-1121242/chittagong-vikings-vs-dhaka-dynamites-29th-match-1121273/live-cricket-score
5,190,bpl-2017-2017-18-1121242,khulna-titans-vs-rajshahi-kings-30th-match-1121274,https://www.espncricinfo.com/series/bpl-2017-2017-18-1121242/khulna-titans-vs-rajshahi-kings-30th-match-1121274/live-cricket-score
5,191,bpl-2017-2017-18-1121242,rangpur-riders-vs-sylhet-sixers-31st-match-1121275,https://www.espncricinfo.com/series/bpl-2017-2017-18-1121242/rangpur-riders-vs-sylhet-sixers-31st-match-1121275/live-cricket-score
5,192,bpl-2017-2017-18-1121242,khulna-titans-vs-comilla-victorians-32nd-match-1121276,https://www.espncricinfo.com/series/bpl-2017-2017-18-1121242/khulna-titans-vs-comilla-victorians-32nd-match-1121276/live-cricket-score
5,193,bpl-2017-2017-18-1121242,chittagong-vikings-vs-rajshahi-kings-33rd-match-1121277,https://www.espncricinfo.com/series/bpl-2017-2017-18-1121242/chittagong-vikings-vs-rajshahi-kings-33rd-match-1121277/live-cricket-score
5,194,bpl-2017-2017-18-1121242,comilla-victorians-vs-dhaka-dynamites-34th-match-1121278,https://www.espncricinfo.com/series/bpl-2017-2017-18-1121242/comilla-victorians-vs-dhaka-dynamites-34th-match-1121278/live-cricket-score
5,195,bpl-2017-2017-18-1121242,comilla-victorians-vs-rangpur-riders-35th-match-1121279,https://www.espncricinfo.com/series/bpl-2017-2017-18-1121242/comilla-victorians-vs-rangpur-riders-35th-match-1121279/live-cricket-score
5,196,bpl-2017-2017-18-1121242,dhaka-dynamites-vs-rajshahi-kings-36th-match-1121280,https://www.espncricinfo.com/series/bpl-2017-2017-18-1121242/dhaka-dynamites-vs-rajshahi-kings-36th-match-1121280/live-cricket-score
5,197,bpl-2017-2017-18-1121242,sylhet-sixers-vs-chittagong-vikings-37th-match-1121281,https://www.espncricinfo.com/series/bpl-2017-2017-18-1121242/sylhet-sixers-vs-chittagong-vikings-37th-match-1121281/live-cricket-score
5,198,bpl-2017-2017-18-1121242,rangpur-riders-vs-khulna-titans-38th-match-1121282,https://www.espncricinfo.com/series/bpl-2017-2017-18-1121242/rangpur-riders-vs-khulna-titans-38th-match-1121282/live-cricket-score
5,199,bpl-2017-2017-18-1121242,comilla-victorians-vs-khulna-titans-39th-match-1121283,https://www.espncricinfo.com/series/bpl-2017-2017-18-1121242/comilla-victorians-vs-khulna-titans-39th-match-1121283/live-cricket-score
5,200,bpl-2017-2017-18-1121242,rajshahi-kings-vs-chittagong-vikings-40th-match-1121284,https://www.espncricinfo.com/series/bpl-2017-2017-18-1121242/rajshahi-kings-vs-chittagong-vikings-40th-match-1121284/live-cricket-score
5,201,bpl-2017-2017-18-1121242,dhaka-dynamites-vs-rangpur-riders-41st-match-1121285,https://www.espncricinfo.com/series/bpl-2017-2017-18-1121242/dhaka-dynamites-vs-rangpur-riders-41st-match-1121285/live-cricket-score
5,202,bpl-2017-2017-18-1121242,comilla-victorians-vs-sylhet-sixers-42nd-match-1121286,https://www.espncricinfo.com/series/bpl-2017-2017-18-1121242/comilla-victorians-vs-sylhet-sixers-42nd-match-1121286/live-cricket-score
5,203,bpl-2017-2017-18-1121242,khulna-titans-vs-rangpur-riders-eliminator-1121287,https://www.espncricinfo.com/series/bpl-2017-2017-18-1121242/khulna-titans-vs-rangpur-riders-eliminator-1121287/live-cricket-score
5,204,bpl-2017-2017-18-1121242,comilla-victorians-vs-dhaka-dynamites-qualifier-1-1121288,https://www.espncricinfo.com/series/bpl-2017-2017-18-1121242/comilla-victorians-vs-dhaka-dynamites-qualifier-1-1121288/live-cricket-score
5,205,bpl-2017-2017-18-1121242,comilla-victorians-vs-rangpur-riders-qualifier-2-1121289,https://www.espncricinfo.com/series/bpl-2017-2017-18-1121242/comilla-victorians-vs-rangpur-riders-qualifier-2-1121289/live-cricket-score
5,206,bpl-2017-2017-18-1121242,dhaka-dynamites-vs-rangpur-riders-final-1121290,https://www.espncricinfo.com/series/bpl-2017-2017-18-1121242/dhaka-dynamites-vs-rangpur-riders-final-1121290/live-cricket-score
6,207,bpl-2018-19-1169376,chittagong-vikings-vs-rangpur-riders-1st-match-1169379,https://www.espncricinfo.com/series/bpl-2018-19-1169376/chittagong-vikings-vs-rangpur-riders-1st-match-1169379/live-cricket-score
6,208,bpl-2018-19-1169376,dhaka-dynamites-vs-rajshahi-kings-2nd-match-1169380,https://www.espncricinfo.com/series/bpl-2018-19-1169376/dhaka-dynamites-vs-rajshahi-kings-2nd-match-1169380/live-cricket-score
6,209,bpl-2018-19-1169376,comilla-victorians-vs-sylhet-sixers-3rd-match-1169381,https://www.espncricinfo.com/series/bpl-2018-19-1169376/comilla-victorians-vs-sylhet-sixers-3rd-match-1169381/live-cricket-score
6,210,bpl-2018-19-1169376,khulna-titans-vs-rangpur-riders-4th-match-1169382,https://www.espncricinfo.com/series/bpl-2018-19-1169376/khulna-titans-vs-rangpur-riders-4th-match-1169382/live-cricket-score
6,211,bpl-2018-19-1169376,dhaka-dynamites-vs-khulna-titans-5th-match-1169383,https://www.espncricinfo.com/series/bpl-2018-19-1169376/dhaka-dynamites-vs-khulna-titans-5th-match-1169383/live-cricket-score
6,212,bpl-2018-19-1169376,comilla-victorians-vs-rangpur-riders-6th-match-1169384,https://www.espncricinfo.com/series/bpl-2018-19-1169376/comilla-victorians-vs-rangpur-riders-6th-match-1169384/live-cricket-score
6,213,bpl-2018-19-1169376,chittagong-vikings-vs-sylhet-sixers-7th-match-1169385,https://www.espncricinfo.com/series/bpl-2018-19-1169376/chittagong-vikings-vs-sylhet-sixers-7th-match-1169385/live-cricket-score
6,214,bpl-2018-19-1169376,khulna-titans-vs-rajshahi-kings-8th-match-1169386,https://www.espncricinfo.com/series/bpl-2018-19-1169376/khulna-titans-vs-rajshahi-kings-8th-match-1169386/live-cricket-score
6,215,bpl-2018-19-1169376,dhaka-dynamites-vs-rangpur-riders-9th-match-1169387,https://www.espncricinfo.com/series/bpl-2018-19-1169376/dhaka-dynamites-vs-rangpur-riders-9th-match-1169387/live-cricket-score
6,216,bpl-2018-19-1169376,comilla-victorians-vs-rajshahi-kings-10th-match-1169388,https://www.espncricinfo.com/series/bpl-2018-19-1169376/comilla-victorians-vs-rajshahi-kings-10th-match-1169388/live-cricket-score
6,217,bpl-2018-19-1169376,chittagong-vikings-vs-khulna-titans-11th-match-1169389,https://www.espncricinfo.com/series/bpl-2018-19-1169376/chittagong-vikings-vs-khulna-titans-11th-match-1169389/live-cricket-score
6,218,bpl-2018-19-1169376,dhaka-dynamites-vs-sylhet-sixers-12th-match-1169390,https://www.espncricinfo.com/series/bpl-2018-19-1169376/dhaka-dynamites-vs-sylhet-sixers-12th-match-1169390/live-cricket-score
6,219,bpl-2018-19-1169376,rangpur-riders-vs-rajshahi-kings-13th-match-1169391,https://www.espncricinfo.com/series/bpl-2018-19-1169376/rangpur-riders-vs-rajshahi-kings-13th-match-1169391/live-cricket-score
6,220,bpl-2018-19-1169376,chittagong-vikings-vs-comilla-victorians-14th-match-1169392,https://www.espncricinfo.com/series/bpl-2018-19-1169376/chittagong-vikings-vs-comilla-victorians-14th-match-1169392/live-cricket-score
6,221,bpl-2018-19-1169376,khulna-titans-vs-rajshahi-kings-15th-match-1169393,https://www.espncricinfo.com/series/bpl-2018-19-1169376/khulna-titans-vs-rajshahi-kings-15th-match-1169393/live-cricket-score
6,222,bpl-2018-19-1169376,comilla-victorians-vs-sylhet-sixers-16th-match-1169394,https://www.espncricinfo.com/series/bpl-2018-19-1169376/comilla-victorians-vs-sylhet-sixers-16th-match-1169394/live-cricket-score
6,223,bpl-2018-19-1169376,dhaka-dynamites-vs-rajshahi-kings-17th-match-1169395,https://www.espncricinfo.com/series/bpl-2018-19-1169376/dhaka-dynamites-vs-rajshahi-kings-17th-match-1169395/live-cricket-score
6,224,bpl-2018-19-1169376,rangpur-riders-vs-sylhet-sixers-18th-match-1169396,https://www.espncricinfo.com/series/bpl-2018-19-1169376/rangpur-riders-vs-sylhet-sixers-18th-match-1169396/live-cricket-score
6,225,bpl-2018-19-1169376,dhaka-dynamites-vs-sylhet-sixers-19th-match-1169397,https://www.espncricinfo.com/series/bpl-2018-19-1169376/dhaka-dynamites-vs-sylhet-sixers-19th-match-1169397/live-cricket-score
6,226,bpl-2018-19-1169376,comilla-victorians-vs-khulna-titans-20th-match-1169398,https://www.espncricinfo.com/series/bpl-2018-19-1169376/comilla-victorians-vs-khulna-titans-20th-match-1169398/live-cricket-score
6,227,bpl-2018-19-1169376,rangpur-riders-vs-sylhet-sixers-21st-match-1169399,https://www.espncricinfo.com/series/bpl-2018-19-1169376/rangpur-riders-vs-sylhet-sixers-21st-match-1169399/live-cricket-score
6,228,bpl-2018-19-1169376,chittagong-vikings-vs-khulna-titans-22nd-match-1169400,https://www.espncricinfo.com/series/bpl-2018-19-1169376/chittagong-vikings-vs-khulna-titans-22nd-match-1169400/live-cricket-score
6,229,bpl-2018-19-1169376,comilla-victorians-vs-rajshahi-kings-23rd-match-1169401,https://www.espncricinfo.com/series/bpl-2018-19-1169376/comilla-victorians-vs-rajshahi-kings-23rd-match-1169401/live-cricket-score
6,230,bpl-2018-19-1169376,chittagong-vikings-vs-dhaka-dynamites-24th-match-1169402,https://www.espncricinfo.com/series/bpl-2018-19-1169376/chittagong-vikings-vs-dhaka-dynamites-24th-match-1169402/live-cricket-score
6,231,bpl-2018-19-1169376,khulna-titans-vs-rangpur-riders-25th-match-1169403,https://www.espncricinfo.com/series/bpl-2018-19-1169376/khulna-titans-vs-rangpur-riders-25th-match-1169403/live-cricket-score
6,232,bpl-2018-19-1169376,comilla-victorians-vs-dhaka-dynamites-26th-match-1169404,https://www.espncricinfo.com/series/bpl-2018-19-1169376/comilla-victorians-vs-dhaka-dynamites-26th-match-1169404/live-cricket-score
6,233,bpl-2018-19-1169376,chittagong-vikings-vs-rajshahi-kings-27th-match-1169405,https://www.espncricinfo.com/series/bpl-2018-19-1169376/chittagong-vikings-vs-rajshahi-kings-27th-match-1169405/live-cricket-score
6,234,bpl-2018-19-1169376,khulna-titans-vs-sylhet-sixers-28th-match-1169406,https://www.espncricinfo.com/series/bpl-2018-19-1169376/khulna-titans-vs-sylhet-sixers-28th-match-1169406/live-cricket-score
6,235,bpl-2018-19-1169376,rajshahi-kings-vs-sylhet-sixers-29th-match-1169407,https://www.espncricinfo.com/series/bpl-2018-19-1169376/rajshahi-kings-vs-sylhet-sixers-29th-match-1169407/live-cricket-score
6,236,bpl-2018-19-1169376,chittagong-vikings-vs-rangpur-riders-30th-match-1169408,https://www.espncricinfo.com/series/bpl-2018-19-1169376/chittagong-vikings-vs-rangpur-riders-30th-match-1169408/live-cricket-score
6,237,bpl-2018-19-1169376,khulna-titans-vs-sylhet-sixers-31st-match-1169409,https://www.espncricinfo.com/series/bpl-2018-19-1169376/khulna-titans-vs-sylhet-sixers-31st-match-1169409/live-cricket-score
6,238,bpl-2018-19-1169376,chittagong-vikings-vs-rajshahi-kings-32nd-match-1169410,https://www.espncricinfo.com/series/bpl-2018-19-1169376/chittagong-vikings-vs-rajshahi-kings-32nd-match-1169410/live-cricket-score
6,239,bpl-2018-19-1169376,comilla-victorians-vs-khulna-titans-33rd-match-1169411,https://www.espncricinfo.com/series/bpl-2018-19-1169376/comilla-victorians-vs-khulna-titans-33rd-match-1169411/live-cricket-score
6,240,bpl-2018-19-1169376,dhaka-dynamites-vs-rangpur-riders-34th-match-1169412,https://www.espncricinfo.com/series/bpl-2018-19-1169376/dhaka-dynamites-vs-rangpur-riders-34th-match-1169412/live-cricket-score
6,241,bpl-2018-19-1169376,chittagong-vikings-vs-comilla-victorians-35th-match-1169413,https://www.espncricinfo.com/series/bpl-2018-19-1169376/chittagong-vikings-vs-comilla-victorians-35th-match-1169413/live-cricket-score
6,242,bpl-2018-19-1169376,rajshahi-kings-vs-rangpur-riders-36th-match-1169414,https://www.espncricinfo.com/series/bpl-2018-19-1169376/rajshahi-kings-vs-rangpur-riders-36th-match-1169414/live-cricket-score
6,243,bpl-2018-19-1169376,chittagong-vikings-vs-dhaka-dynamites-37th-match-1169415,https://www.espncricinfo.com/series/bpl-2018-19-1169376/chittagong-vikings-vs-dhaka-dynamites-37th-match-1169415/live-cricket-score
6,244,bpl-2018-19-1169376,rajshahi-kings-vs-sylhet-sixers-38th-match-1169416,https://www.espncricinfo.com/series/bpl-2018-19-1169376/rajshahi-kings-vs-sylhet-sixers-38th-match-1169416/live-cricket-score
6,245,bpl-2018-19-1169376,comilla-victorians-vs-dhaka-dynamites-39th-match-1169417,https://www.espncricinfo.com/series/bpl-2018-19-1169376/comilla-victorians-vs-dhaka-dynamites-39th-match-1169417/live-cricket-score
6,246,bpl-2018-19-1169376,chittagong-vikings-vs-sylhet-sixers-40th-match-1169418,https://www.espncricinfo.com/series/bpl-2018-19-1169376/chittagong-vikings-vs-sylhet-sixers-40th-match-1169418/live-cricket-score
6,247,bpl-2018-19-1169376,comilla-victorians-vs-rangpur-riders-41st-match-1169419,https://www.espncricinfo.com/series/bpl-2018-19-1169376/comilla-victorians-vs-rangpur-riders-41st-match-1169419/live-cricket-score
6,248,bpl-2018-19-1169376,dhaka-dynamites-vs-khulna-titans-42nd-match-1169420,https://www.espncricinfo.com/series/bpl-2018-19-1169376/dhaka-dynamites-vs-khulna-titans-42nd-match-1169420/live-cricket-score
6,249,bpl-2018-19-1169376,chittagong-vikings-vs-dhaka-dynamites-eliminator-1169421,https://www.espncricinfo.com/series/bpl-2018-19-1169376/chittagong-vikings-vs-dhaka-dynamites-eliminator-1169421/live-cricket-score
6,250,bpl-2018-19-1169376,rangpur-riders-vs-comilla-victorians-1st-qualifier-1169422,https://www.espncricinfo.com/series/bpl-2018-19-1169376/rangpur-riders-vs-comilla-victorians-1st-qualifier-1169422/live-cricket-score
6,251,bpl-2018-19-1169376,dhaka-dynamites-vs-rangpur-riders-2nd-qualifier-1169423,https://www.espncricinfo.com/series/bpl-2018-19-1169376/dhaka-dynamites-vs-rangpur-riders-2nd-qualifier-1169423/live-cricket-score
6,252,bpl-2018-19-1169376,comilla-victorians-vs-dhaka-dynamites-final-1169424,https://www.espncricinfo.com/series/bpl-2018-19-1169376/comilla-victorians-vs-dhaka-dynamites-final-1169424/live-cricket-score
7,253,bpl-2020-2019-20-1207676,chattogram-challengers-vs-sylhet-thunder-1st-match-1208067,https://www.espncricinfo.com/series/bpl-2020-2019-20-1207676/chattogram-challengers-vs-sylhet-thunder-1st-match-1208067/live-cricket-score
7,254,bpl-2020-2019-20-1207676,cumilla-warriors-vs-rangpur-rangers-2nd-match-1208068,https://www.espncricinfo.com/series/bpl-2020-2019-20-1207676/cumilla-warriors-vs-rangpur-rangers-2nd-match-1208068/live-cricket-score
7,255,bpl-2020-2019-20-1207676,dhaka-platoon-vs-rajshahi-royals-3rd-match-1208069,https://www.espncricinfo.com/series/bpl-2020-2019-20-1207676/dhaka-platoon-vs-rajshahi-royals-3rd-match-1208069/live-cricket-score
7,256,bpl-2020-2019-20-1207676,chattogram-challengers-vs-khulna-tigers-4th-match-1208070,https://www.espncricinfo.com/series/bpl-2020-2019-20-1207676/chattogram-challengers-vs-khulna-tigers-4th-match-1208070/live-cricket-score
7,257,bpl-2020-2019-20-1207676,rajshahi-royals-vs-sylhet-thunder-5th-match-1208071,https://www.espncricinfo.com/series/bpl-2020-2019-20-1207676/rajshahi-royals-vs-sylhet-thunder-5th-match-1208071/live-cricket-score
7,258,bpl-2020-2019-20-1207676,dhaka-platoon-vs-cumilla-warriors-6th-match-1208072,https://www.espncricinfo.com/series/bpl-2020-2019-20-1207676/dhaka-platoon-vs-cumilla-warriors-6th-match-1208072/live-cricket-score
7,259,bpl-2020-2019-20-1207676,chattogram-challengers-vs-rangpur-rangers-7th-match-1208073,https://www.espncricinfo.com/series/bpl-2020-2019-20-1207676/chattogram-challengers-vs-rangpur-rangers-7th-match-1208073/live-cricket-score
7,260,bpl-2020-2019-20-1207676,dhaka-platoon-vs-sylhet-thunder-8th-match-1208074,https://www.espncricinfo.com/series/bpl-2020-2019-20-1207676/dhaka-platoon-vs-sylhet-thunder-8th-match-1208074/live-cricket-score
7,261,bpl-2020-2019-20-1207676,khulna-tigers-vs-rajshahi-royals-9th-match-1208075,https://www.espncricinfo.com/series/bpl-2020-2019-20-1207676/khulna-tigers-vs-rajshahi-royals-9th-match-1208075/live-cricket-score
7,262,bpl-2020-2019-20-1207676,chattogram-challengers-vs-sylhet-thunder-10th-match-1208076,https://www.espncricinfo.com/series/bpl-2020-2019-20-1207676/chattogram-challengers-vs-sylhet-thunder-10th-match-1208076/live-cricket-score
7,263,bpl-2020-2019-20-1207676,cumilla-warriors-vs-rangpur-rangers-11th-match-1208077,https://www.espncricinfo.com/series/bpl-2020-2019-20-1207676/cumilla-warriors-vs-rangpur-rangers-11th-match-1208077/live-cricket-score
7,264,bpl-2020-2019-20-1207676,chattogram-challengers-vs-dhaka-platoon-12th-match-1208078,https://www.espncricinfo.com/series/bpl-2020-2019-20-1207676/chattogram-challengers-vs-dhaka-platoon-12th-match-1208078/live-cricket-score
7,265,bpl-2020-2019-20-1207676,khulna-tigers-vs-rangpur-rangers-13th-match-1208079,https://www.espncricinfo.com/series/bpl-2020-2019-20-1207676/khulna-tigers-vs-rangpur-rangers-13th-match-1208079/live-cricket-score
7,266,bpl-2020-2019-20-1207676,chattogram-challengers-vs-cumilla-warriors-14th-match-1208080,https://www.espncricinfo.com/series/bpl-2020-2019-20-1207676/chattogram-challengers-vs-cumilla-warriors-14th-match-1208080/live-cricket-score
7,267,bpl-2020-2019-20-1207676,khulna-tigers-vs-sylhet-thunder-15th-match-1208081,https://www.espncricinfo.com/series/bpl-2020-2019-20-1207676/khulna-tigers-vs-sylhet-thunder-15th-match-1208081/live-cricket-score
7,268,bpl-2020-2019-20-1207676,chattogram-challengers-vs-rangpur-rangers-16th-match-1208082,https://www.espncricinfo.com/series/bpl-2020-2019-20-1207676/chattogram-challengers-vs-rangpur-rangers-16th-match-1208082/live-cricket-score
7,269,bpl-2020-2019-20-1207676,cumilla-warriors-vs-dhaka-platoon-17th-match-1208083,https://www.espncricinfo.com/series/bpl-2020-2019-20-1207676/cumilla-warriors-vs-dhaka-platoon-17th-match-1208083/live-cricket-score
7,270,bpl-2020-2019-20-1207676,khulna-tigers-vs-rajshahi-royals-18th-match-1208084,https://www.espncricinfo.com/series/bpl-2020-2019-20-1207676/khulna-tigers-vs-rajshahi-royals-18th-match-1208084/live-cricket-score
7,271,bpl-2020-2019-20-1207676,dhaka-platoon-vs-sylhet-thunder-19th-match-1208085,https://www.espncricinfo.com/series/bpl-2020-2019-20-1207676/dhaka-platoon-vs-sylhet-thunder-19th-match-1208085/live-cricket-score
7,272,bpl-2020-2019-20-1207676,cumilla-warriors-vs-rajshahi-royals-20th-match-1208086,https://www.espncricinfo.com/series/bpl-2020-2019-20-1207676/cumilla-warriors-vs-rajshahi-royals-20th-match-1208086/live-cricket-score
7,273,bpl-2020-2019-20-1207676,dhaka-platoon-vs-chattogram-challengers-21st-match-1208087,https://www.espncricinfo.com/series/bpl-2020-2019-20-1207676/dhaka-platoon-vs-chattogram-challengers-21st-match-1208087/live-cricket-score
7,274,bpl-2020-2019-20-1207676,khulna-tigers-vs-rangpur-rangers-22nd-match-1208088,https://www.espncricinfo.com/series/bpl-2020-2019-20-1207676/khulna-tigers-vs-rangpur-rangers-22nd-match-1208088/live-cricket-score
7,275,bpl-2020-2019-20-1207676,cumilla-warriors-vs-rajshahi-royals-23rd-match-1208089,https://www.espncricinfo.com/series/bpl-2020-2019-20-1207676/cumilla-warriors-vs-rajshahi-royals-23rd-match-1208089/live-cricket-score
7,276,bpl-2020-2019-20-1207676,khulna-tigers-vs-sylhet-thunder-24th-match-1208090,https://www.espncricinfo.com/series/bpl-2020-2019-20-1207676/khulna-tigers-vs-sylhet-thunder-24th-match-1208090/live-cricket-score
7,277,bpl-2020-2019-20-1207676,rangpur-rangers-vs-sylhet-thunder-25th-match-1208091,https://www.espncricinfo.com/series/bpl-2020-2019-20-1207676/rangpur-rangers-vs-sylhet-thunder-25th-match-1208091/live-cricket-score
7,278,bpl-2020-2019-20-1207676,dhaka-platoon-vs-rajshahi-royals-26th-match-1208092,https://www.espncricinfo.com/series/bpl-2020-2019-20-1207676/dhaka-platoon-vs-rajshahi-royals-26th-match-1208092/live-cricket-score
7,279,bpl-2020-2019-20-1207676,chattogram-challengers-vs-cumilla-warriors-27th-match-1208093,https://www.espncricinfo.com/series/bpl-2020-2019-20-1207676/chattogram-challengers-vs-cumilla-warriors-27th-match-1208093/live-cricket-score
7,280,bpl-2020-2019-20-1207676,rajshahi-royals-vs-rangpur-rangers-28th-match-1208094,https://www.espncricinfo.com/series/bpl-2020-2019-20-1207676/rajshahi-royals-vs-rangpur-rangers-28th-match-1208094/live-cricket-score
7,281,bpl-2020-2019-20-1207676,rajshahi-royals-vs-rangpur-rangers-29th-match-1208095,https://www.espncricinfo.com/series/bpl-2020-2019-20-1207676/rajshahi-royals-vs-rangpur-rangers-29th-match-1208095/live-cricket-score
7,282,bpl-2020-2019-20-1207676,sylhet-thunder-vs-cumilla-warriors-30th-match-1208096,https://www.espncricinfo.com/series/bpl-2020-2019-20-1207676/sylhet-thunder-vs-cumilla-warriors-30th-match-1208096/live-cricket-score
7,283,bpl-2020-2019-20-1207676,dhaka-platoon-vs-khulna-tigers-31st-match-1208097,https://www.espncricinfo.com/series/bpl-2020-2019-20-1207676/dhaka-platoon-vs-khulna-tigers-31st-match-1208097/live-cricket-score
7,284,bpl-2020-2019-20-1207676,sylhet-thunder-vs-rangpur-rangers-32nd-match-1208098,https://www.espncricinfo.com/series/bpl-2020-2019-20-1207676/sylhet-thunder-vs-rangpur-rangers-32nd-match-1208098/live-cricket-score
7,285,bpl-2020-2019-20-1207676,chattogram-challengers-vs-khulna-tigers-33rd-match-1208099,https://www.espncricinfo.com/series/bpl-2020-2019-20-1207676/chattogram-challengers-vs-khulna-tigers-33rd-match-1208099/live-cricket-score
7,286,bpl-2020-2019-20-1207676,sylhet-thunder-vs-rajshahi-royals-34th-match-1208100,https://www.espncricinfo.com/series/bpl-2020-2019-20-1207676/sylhet-thunder-vs-rajshahi-royals-34th-match-1208100/live-cricket-score
7,287,bpl-2020-2019-20-1207676,cumilla-warriors-vs-sylhet-thunder-35th-match-1208101,https://www.espncricinfo.com/series/bpl-2020-2019-20-1207676/cumilla-warriors-vs-sylhet-thunder-35th-match-1208101/live-cricket-score
7,288,bpl-2020-2019-20-1207676,chattogram-challengers-vs-rajshahi-royals-36th-match-1208102,https://www.espncricinfo.com/series/bpl-2020-2019-20-1207676/chattogram-challengers-vs-rajshahi-royals-36th-match-1208102/live-cricket-score
7,289,bpl-2020-2019-20-1207676,cumilla-warriors-vs-khulna-tigers-37th-match-1208103,https://www.espncricinfo.com/series/bpl-2020-2019-20-1207676/cumilla-warriors-vs-khulna-tigers-37th-match-1208103/live-cricket-score
7,290,bpl-2020-2019-20-1207676,dhaka-platoon-vs-rangpur-rangers-38th-match-1208104,https://www.espncricinfo.com/series/bpl-2020-2019-20-1207676/dhaka-platoon-vs-rangpur-rangers-38th-match-1208104/live-cricket-score
7,291,bpl-2020-2019-20-1207676,dhaka-platoon-vs-rangpur-rangers-39th-match-1208105,https://www.espncricinfo.com/series/bpl-2020-2019-20-1207676/dhaka-platoon-vs-rangpur-rangers-39th-match-1208105/live-cricket-score
7,292,bpl-2020-2019-20-1207676,cumilla-warriors-vs-khulna-tigers-40th-match-1208106,https://www.espncricinfo.com/series/bpl-2020-2019-20-1207676/cumilla-warriors-vs-khulna-tigers-40th-match-1208106/live-cricket-score
7,293,bpl-2020-2019-20-1207676,chattogram-challengers-vs-rajshahi-royals-41st-match-1208107,https://www.espncricinfo.com/series/bpl-2020-2019-20-1207676/chattogram-challengers-vs-rajshahi-royals-41st-match-1208107/live-cricket-score
7,294,bpl-2020-2019-20-1207676,dhaka-platoon-vs-khulna-tigers-42nd-match-1208108,https://www.espncricinfo.com/series/bpl-2020-2019-20-1207676/dhaka-platoon-vs-khulna-tigers-42nd-match-1208108/live-cricket-score
7,295,bpl-2020-2019-20-1207676,dhaka-platoon-vs-chattogram-challengers-eliminator-1208109,https://www.espncricinfo.com/series/bpl-2020-2019-20-1207676/dhaka-platoon-vs-chattogram-challengers-eliminator-1208109/live-cricket-score
7,296,bpl-2020-2019-20-1207676,khulna-tigers-vs-rajshahi-royals-1st-qualifier-1208110,https://www.espncricinfo.com/series/bpl-2020-2019-20-1207676/khulna-tigers-vs-rajshahi-royals-1st-qualifier-1208110/live-cricket-score
7,297,bpl-2020-2019-20-1207676,chattogram-challengers-vs-rajshahi-royals-2nd-qualifier-1208111,https://www.espncricinfo.com/series/bpl-2020-2019-20-1207676/chattogram-challengers-vs-rajshahi-royals-2nd-qualifier-1208111/live-cricket-score
7,298,bpl-2020-2019-20-1207676,khulna-tigers-vs-rajshahi-royals-final-1208112,https://www.espncricinfo.com/series/bpl-2020-2019-20-1207676/khulna-tigers-vs-rajshahi-royals-final-1208112/live-cricket-score
8,299,bangladesh-premier-league-2021-22-1296684,chattogram-challengers-vs-fortune-barishal-1st-match-1296685,https://www.espncricinfo.com/series/bangladesh-premier-league-2021-22-1296684/chattogram-challengers-vs-fortune-barishal-1st-match-1296685/live-cricket-score
8,300,bangladesh-premier-league-2021-22-1296684,khulna-tigers-vs-minister-group-dhaka-2nd-match-1296686,https://www.espncricinfo.com/series/bangladesh-premier-league-2021-22-1296684/khulna-tigers-vs-minister-group-dhaka-2nd-match-1296686/live-cricket-score
8,301,bangladesh-premier-league-2021-22-1296684,comilla-victorians-vs-sylhet-sunrisers-3rd-match-1296687,https://www.espncricinfo.com/series/bangladesh-premier-league-2021-22-1296684/comilla-victorians-vs-sylhet-sunrisers-3rd-match-1296687/live-cricket-score
8,302,bangladesh-premier-league-2021-22-1296684,chattogram-challengers-vs-minister-group-dhaka-4th-match-1296688,https://www.espncricinfo.com/series/bangladesh-premier-league-2021-22-1296684/chattogram-challengers-vs-minister-group-dhaka-4th-match-1296688/live-cricket-score
8,303,bangladesh-premier-league-2021-22-1296684,fortune-barishal-vs-minister-group-dhaka-5th-match-1296689,https://www.espncricinfo.com/series/bangladesh-premier-league-2021-22-1296684/fortune-barishal-vs-minister-group-dhaka-5th-match-1296689/live-cricket-score
8,304,bangladesh-premier-league-2021-22-1296684,chattogram-challengers-vs-khulna-tigers-6th-match-1296690,https://www.espncricinfo.com/series/bangladesh-premier-league-2021-22-1296684/chattogram-challengers-vs-khulna-tigers-6th-match-1296690/live-cricket-score
8,305,bangladesh-premier-league-2021-22-1296684,sylhet-sunrisers-vs-minister-group-dhaka-7th-match-1296691,https://www.espncricinfo.com/series/bangladesh-premier-league-2021-22-1296684/sylhet-sunrisers-vs-minister-group-dhaka-7th-match-1296691/live-cricket-score
8,306,bangladesh-premier-league-2021-22-1296684,comilla-victorians-vs-fortune-barishal-8th-match-1296692,https://www.espncricinfo.com/series/bangladesh-premier-league-2021-22-1296684/comilla-victorians-vs-fortune-barishal-8th-match-1296692/live-cricket-score
8,307,bangladesh-premier-league-2021-22-1296684,chattogram-challengers-vs-khulna-tigers-9th-match-1296693,https://www.espncricinfo.com/series/bangladesh-premier-league-2021-22-1296684/chattogram-challengers-vs-khulna-tigers-9th-match-1296693/live-cricket-score
8,308,bangladesh-premier-league-2021-22-1296684,sylhet-sunrisers-vs-minister-group-dhaka-10th-match-1296694,https://www.espncricinfo.com/series/bangladesh-premier-league-2021-22-1296684/sylhet-sunrisers-vs-minister-group-dhaka-10th-match-1296694/live-cricket-score
8,309,bangladesh-premier-league-2021-22-1296684,khulna-tigers-vs-fortune-barishal-11th-match-1296695,https://www.espncricinfo.com/series/bangladesh-premier-league-2021-22-1296684/khulna-tigers-vs-fortune-barishal-11th-match-1296695/live-cricket-score
8,310,bangladesh-premier-league-2021-22-1296684,chattogram-challengers-vs-sylhet-sunrisers-12th-match-1296696,https://www.espncricinfo.com/series/bangladesh-premier-league-2021-22-1296684/chattogram-challengers-vs-sylhet-sunrisers-12th-match-1296696/live-cricket-score
8,311,bangladesh-premier-league-2021-22-1296684,chattogram-challengers-vs-comilla-victorians-13th-match-1296697,https://www.espncricinfo.com/series/bangladesh-premier-league-2021-22-1296684/chattogram-challengers-vs-comilla-victorians-13th-match-1296697/live-cricket-score
8,312,bangladesh-premier-league-2021-22-1296684,khulna-tigers-vs-fortune-barishal-14th-match-1296698,https://www.espncricinfo.com/series/bangladesh-premier-league-2021-22-1296684/khulna-tigers-vs-fortune-barishal-14th-match-1296698/live-cricket-score
8,313,bangladesh-premier-league-2021-22-1296684,comilla-victorians-vs-minister-group-dhaka-15th-match-1296699,https://www.espncricinfo.com/series/bangladesh-premier-league-2021-22-1296684/comilla-victorians-vs-minister-group-dhaka-15th-match-1296699/live-cricket-score
8,314,bangladesh-premier-league-2021-22-1296684,chattogram-challengers-vs-fortune-barishal-16th-match-1296700,https://www.espncricinfo.com/series/bangladesh-premier-league-2021-22-1296684/chattogram-challengers-vs-fortune-barishal-16th-match-1296700/live-cricket-score
8,315,bangladesh-premier-league-2021-22-1296684,khulna-tigers-vs-sylhet-sunrisers-17th-match-1296701,https://www.espncricinfo.com/series/bangladesh-premier-league-2021-22-1296684/khulna-tigers-vs-sylhet-sunrisers-17th-match-1296701/live-cricket-score
8,316,bangladesh-premier-league-2021-22-1296684,chattogram-challengers-vs-comilla-victorians-18th-match-1296702,https://www.espncricinfo.com/series/bangladesh-premier-league-2021-22-1296684/chattogram-challengers-vs-comilla-victorians-18th-match-1296702/live-cricket-score
8,317,bangladesh-premier-league-2021-22-1296684,sylhet-sunrisers-vs-fortune-barishal-19th-match-1296703,https://www.espncricinfo.com/series/bangladesh-premier-league-2021-22-1296684/sylhet-sunrisers-vs-fortune-barishal-19th-match-1296703/live-cricket-score
8,318,bangladesh-premier-league-2021-22-1296684,comilla-victorians-vs-minister-group-dhaka-20th-match-1296704,https://www.espncricinfo.com/series/bangladesh-premier-league-2021-22-1296684/comilla-victorians-vs-minister-group-dhaka-20th-match-1296704/live-cricket-score
8,319,bangladesh-premier-league-2021-22-1296684,comilla-victorians-vs-fortune-barishal-21st-match-1296705,https://www.espncricinfo.com/series/bangladesh-premier-league-2021-22-1296684/comilla-victorians-vs-fortune-barishal-21st-match-1296705/live-cricket-score
8,320,bangladesh-premier-league-2021-22-1296684,khulna-tigers-vs-sylhet-sunrisers-22nd-match-1296706,https://www.espncricinfo.com/series/bangladesh-premier-league-2021-22-1296684/khulna-tigers-vs-sylhet-sunrisers-22nd-match-1296706/live-cricket-score
8,321,bangladesh-premier-league-2021-22-1296684,chattogram-challengers-vs-minister-group-dhaka-23rd-match-1296707,https://www.espncricinfo.com/series/bangladesh-premier-league-2021-22-1296684/chattogram-challengers-vs-minister-group-dhaka-23rd-match-1296707/live-cricket-score
8,322,bangladesh-premier-league-2021-22-1296684,sylhet-sunrisers-vs-fortune-barishal-24th-match-1296708,https://www.espncricinfo.com/series/bangladesh-premier-league-2021-22-1296684/sylhet-sunrisers-vs-fortune-barishal-24th-match-1296708/live-cricket-score
8,323,bangladesh-premier-league-2021-22-1296684,khulna-tigers-vs-minister-group-dhaka-25th-match-1296709,https://www.espncricinfo.com/series/bangladesh-premier-league-2021-22-1296684/khulna-tigers-vs-minister-group-dhaka-25th-match-1296709/live-cricket-score
8,324,bangladesh-premier-league-2021-22-1296684,comilla-victorians-vs-sylhet-sunrisers-26th-match-1296710,https://www.espncricinfo.com/series/bangladesh-premier-league-2021-22-1296684/comilla-victorians-vs-sylhet-sunrisers-26th-match-1296710/live-cricket-score
8,325,bangladesh-premier-league-2021-22-1296684,khulna-tigers-vs-comilla-victorians-27th-match-1296711,https://www.espncricinfo.com/series/bangladesh-premier-league-2021-22-1296684/khulna-tigers-vs-comilla-victorians-27th-match-1296711/live-cricket-score
8,326,bangladesh-premier-league-2021-22-1296684,fortune-barishal-vs-minister-group-dhaka-28th-match-1296712,https://www.espncricinfo.com/series/bangladesh-premier-league-2021-22-1296684/fortune-barishal-vs-minister-group-dhaka-28th-match-1296712/live-cricket-score
8,327,bangladesh-premier-league-2021-22-1296684,chattogram-challengers-vs-sylhet-sunrisers-29th-match-1296713,https://www.espncricinfo.com/series/bangladesh-premier-league-2021-22-1296684/chattogram-challengers-vs-sylhet-sunrisers-29th-match-1296713/live-cricket-score
8,328,bangladesh-premier-league-2021-22-1296684,khulna-tigers-vs-comilla-victorians-30th-match-1296714,https://www.espncricinfo.com/series/bangladesh-premier-league-2021-22-1296684/khulna-tigers-vs-comilla-victorians-30th-match-1296714/live-cricket-score
8,329,bangladesh-premier-league-2021-22-1296684,chattogram-challengers-vs-khulna-tigers-eliminator-1296715,https://www.espncricinfo.com/series/bangladesh-premier-league-2021-22-1296684/chattogram-challengers-vs-khulna-tigers-eliminator-1296715/live-cricket-score
8,330,bangladesh-premier-league-2021-22-1296684,fortune-barishal-vs-comilla-victorians-1st-qualifier-1296716,https://www.espncricinfo.com/series/bangladesh-premier-league-2021-22-1296684/fortune-barishal-vs-comilla-victorians-1st-qualifier-1296716/live-cricket-score
8,331,bangladesh-premier-league-2021-22-1296684,chattogram-challengers-vs-comilla-victorians-2nd-qualifier-1296717,https://www.espncricinfo.com/series/bangladesh-premier-league-2021-22-1296684/chattogram-challengers-vs-comilla-victorians-2nd-qualifier-1296717/live-cricket-score
8,332,bangladesh-premier-league-2021-22-1296684,fortune-barishal-vs-comilla-victorians-final-1296718,https://www.espncricinfo.com/series/bangladesh-premier-league-2021-22-1296684/fortune-barishal-vs-comilla-victorians-final-1296718/live-cricket-score
9,333,bangladesh-premier-league-2022-23-1346160,chattogram-challengers-vs-sylhet-strikers-1st-match-1351052,https://www.espncricinfo.com/series/bangladesh-premier-league-2022-23-1346160/chattogram-challengers-vs-sylhet-strikers-1st-match-1351052/live-cricket-score
9,334,bangladesh-premier-league-2022-23-1346160,comilla-victorians-vs-rangpur-riders-2nd-match-1351053,https://www.espncricinfo.com/series/bangladesh-premier-league-2022-23-1346160/comilla-victorians-vs-rangpur-riders-2nd-match-1351053/live-cricket-score
9,335,bangladesh-premier-league-2022-23-1346160,dhaka-dominators-vs-khulna-tigers-3rd-match-1351054,https://www.espncricinfo.com/series/bangladesh-premier-league-2022-23-1346160/dhaka-dominators-vs-khulna-tigers-3rd-match-1351054/live-cricket-score
9,336,bangladesh-premier-league-2022-23-1346160,fortune-barishal-vs-sylhet-strikers-4th-match-1351055,https://www.espncricinfo.com/series/bangladesh-premier-league-2022-23-1346160/fortune-barishal-vs-sylhet-strikers-4th-match-1351055/live-cricket-score
9,337,bangladesh-premier-league-2022-23-1346160,comilla-victorians-vs-sylhet-strikers-5th-match-1351056,https://www.espncricinfo.com/series/bangladesh-premier-league-2022-23-1346160/comilla-victorians-vs-sylhet-strikers-5th-match-1351056/live-cricket-score
9,338,bangladesh-premier-league-2022-23-1346160,chattogram-challengers-vs-khulna-tigers-6th-match-1351057,https://www.espncricinfo.com/series/bangladesh-premier-league-2022-23-1346160/chattogram-challengers-vs-khulna-tigers-6th-match-1351057/live-cricket-score
9,339,bangladesh-premier-league-2022-23-1346160,fortune-barishal-vs-rangpur-riders-7th-match-1351058,https://www.espncricinfo.com/series/bangladesh-premier-league-2022-23-1346160/fortune-barishal-vs-rangpur-riders-7th-match-1351058/live-cricket-score
9,340,bangladesh-premier-league-2022-23-1346160,dhaka-dominators-vs-sylhet-strikers-8th-match-1351059,https://www.espncricinfo.com/series/bangladesh-premier-league-2022-23-1346160/dhaka-dominators-vs-sylhet-strikers-8th-match-1351059/live-cricket-score
9,341,bangladesh-premier-league-2022-23-1346160,chattogram-challengers-vs-fortune-barishal-9th-match-1351060,https://www.espncricinfo.com/series/bangladesh-premier-league-2022-23-1346160/chattogram-challengers-vs-fortune-barishal-9th-match-1351060/live-cricket-score
9,342,bangladesh-premier-league-2022-23-1346160,khulna-tigers-vs-rangpur-riders-10th-match-1351061,https://www.espncricinfo.com/series/bangladesh-premier-league-2022-23-1346160/khulna-tigers-vs-rangpur-riders-10th-match-1351061/live-cricket-score
9,343,bangladesh-premier-league-2022-23-1346160,comilla-victorians-vs-fortune-barishal-11th-match-1351062,https://www.espncricinfo.com/series/bangladesh-premier-league-2022-23-1346160/comilla-victorians-vs-fortune-barishal-11th-match-1351062/live-cricket-score
9,344,bangladesh-premier-league-2022-23-1346160,chattogram-challengers-vs-dhaka-dominators-12th-match-1351063,https://www.espncricinfo.com/series/bangladesh-premier-league-2022-23-1346160/chattogram-challengers-vs-dhaka-dominators-12th-match-1351063/live-cricket-score
9,345,bangladesh-premier-league-2022-23-1346160,dhaka-dominators-vs-sylhet-strikers-13th-match-1351064,https://www.espncricinfo.com/series/bangladesh-premier-league-2022-23-1346160/dhaka-dominators-vs-sylhet-strikers-13th-match-1351064/live-cricket-score
9,346,bangladesh-premier-league-2022-23-1346160,chattogram-challengers-vs-comilla-victorians-14th-match-1351065,https://www.espncricinfo.com/series/bangladesh-premier-league-2022-23-1346160/chattogram-challengers-vs-comilla-victorians-14th-match-1351065/live-cricket-score
9,347,bangladesh-premier-league-2022-23-1346160,khulna-tigers-vs-rangpur-riders-15th-match-1351066,https://www.espncricinfo.com/series/bangladesh-premier-league-2022-23-1346160/khulna-tigers-vs-rangpur-riders-15th-match-1351066/live-cricket-score
9,348,bangladesh-premier-league-2022-23-1346160,comilla-victorians-vs-sylhet-strikers-16th-match-1351067,https://www.espncricinfo.com/series/bangladesh-premier-league-2022-23-1346160/comilla-victorians-vs-sylhet-strikers-16th-match-1351067/live-cricket-score
9,349,bangladesh-premier-league-2022-23-1346160,comilla-victorians-vs-dhaka-dominators-17th-match-1351068,https://www.espncricinfo.com/series/bangladesh-premier-league-2022-23-1346160/comilla-victorians-vs-dhaka-dominators-17th-match-1351068/live-cricket-score
9,350,bangladesh-premier-league-2022-23-1346160,fortune-barishal-vs-rangpur-riders-18th-match-1351069,https://www.espncricinfo.com/series/bangladesh-premier-league-2022-23-1346160/fortune-barishal-vs-rangpur-riders-18th-match-1351069/live-cricket-score
9,351,bangladesh-premier-league-2022-23-1346160,chattogram-challengers-vs-khulna-tigers-19th-match-1351070,https://www.espncricinfo.com/series/bangladesh-premier-league-2022-23-1346160/chattogram-challengers-vs-khulna-tigers-19th-match-1351070/live-cricket-score
9,352,bangladesh-premier-league-2022-23-1346160,dhaka-dominators-vs-fortune-barishal-20th-match-1351071,https://www.espncricinfo.com/series/bangladesh-premier-league-2022-23-1346160/dhaka-dominators-vs-fortune-barishal-20th-match-1351071/live-cricket-score
9,353,bangladesh-premier-league-2022-23-1346160,chattogram-challengers-vs-rangpur-riders-21st-match-1351072,https://www.espncricinfo.com/series/bangladesh-premier-league-2022-23-1346160/chattogram-challengers-vs-rangpur-riders-21st-match-1351072/live-cricket-score
9,354,bangladesh-premier-league-2022-23-1346160,dhaka-dominators-vs-comilla-victorians-22nd-match-1351073,https://www.espncricinfo.com/series/bangladesh-premier-league-2022-23-1346160/dhaka-dominators-vs-comilla-victorians-22nd-match-1351073/live-cricket-score
9,355,bangladesh-premier-league-2022-23-1346160,fortune-barishal-vs-sylhet-strikers-23rd-match-1351074,https://www.espncricinfo.com/series/bangladesh-premier-league-2022-23-1346160/fortune-barishal-vs-sylhet-strikers-23rd-match-1351074/live-cricket-score
9,356,bangladesh-premier-league-2022-23-1346160,dhaka-dominators-vs-khulna-tigers-24th-match-1351075,https://www.espncricinfo.com/series/bangladesh-premier-league-2022-23-1346160/dhaka-dominators-vs-khulna-tigers-24th-match-1351075/live-cricket-score
9,357,bangladesh-premier-league-2022-23-1346160,sylhet-strikers-vs-rangpur-riders-25th-match-1351076,https://www.espncricinfo.com/series/bangladesh-premier-league-2022-23-1346160/sylhet-strikers-vs-rangpur-riders-25th-match-1351076/live-cricket-score
9,358,bangladesh-premier-league-2022-23-1346160,chattogram-challengers-vs-fortune-barishal-26th-match-1351077,https://www.espncricinfo.com/series/bangladesh-premier-league-2022-23-1346160/chattogram-challengers-vs-fortune-barishal-26th-match-1351077/live-cricket-score
9,359,bangladesh-premier-league-2022-23-1346160,comilla-victorians-vs-khulna-tigers-27th-match-1351078,https://www.espncricinfo.com/series/bangladesh-premier-league-2022-23-1346160/comilla-victorians-vs-khulna-tigers-27th-match-1351078/live-cricket-score
9,360,bangladesh-premier-league-2022-23-1346160,sylhet-strikers-vs-chattogram-challengers-28th-match-1351079,https://www.espncricinfo.com/series/bangladesh-premier-league-2022-23-1346160/sylhet-strikers-vs-chattogram-challengers-28th-match-1351079/live-cricket-score
9,361,bangladesh-premier-league-2022-23-1346160,dhaka-dominators-vs-rangpur-riders-29th-match-1351080,https://www.espncricinfo.com/series/bangladesh-premier-league-2022-23-1346160/dhaka-dominators-vs-rangpur-riders-29th-match-1351080/live-cricket-score
9,362,bangladesh-premier-league-2022-23-1346160,sylhet-strikers-vs-khulna-tigers-30th-match-1351081,https://www.espncricinfo.com/series/bangladesh-premier-league-2022-23-1346160/sylhet-strikers-vs-khulna-tigers-30th-match-1351081/live-cricket-score
9,363,bangladesh-premier-league-2022-23-1346160,dhaka-dominators-vs-fortune-barishal-31st-match-1351082,https://www.espncricinfo.com/series/bangladesh-premier-league-2022-23-1346160/dhaka-dominators-vs-fortune-barishal-31st-match-1351082/live-cricket-score
9,364,bangladesh-premier-league-2022-23-1346160,comilla-victorians-vs-khulna-tigers-32nd-match-1351083,https://www.espncricinfo.com/series/bangladesh-premier-league-2022-23-1346160/comilla-victorians-vs-khulna-tigers-32nd-match-1351083/live-cricket-score
9,365,bangladesh-premier-league-2022-23-1346160,fortune-barishal-vs-khulna-tigers-33rd-match-1351084,https://www.espncricinfo.com/series/bangladesh-premier-league-2022-23-1346160/fortune-barishal-vs-khulna-tigers-33rd-match-1351084/live-cricket-score
9,366,bangladesh-premier-league-2022-23-1346160,dhaka-dominators-vs-rangpur-riders-34th-match-1351085,https://www.espncricinfo.com/series/bangladesh-premier-league-2022-23-1346160/dhaka-dominators-vs-rangpur-riders-34th-match-1351085/live-cricket-score
9,367,bangladesh-premier-league-2022-23-1346160,chattogram-challengers-vs-comilla-victorians-35th-match-1351086,https://www.espncricinfo.com/series/bangladesh-premier-league-2022-23-1346160/chattogram-challengers-vs-comilla-victorians-35th-match-1351086/live-cricket-score
9,368,bangladesh-premier-league-2022-23-1346160,rangpur-riders-vs-sylhet-strikers-36th-match-1351087,https://www.espncricinfo.com/series/bangladesh-premier-league-2022-23-1346160/rangpur-riders-vs-sylhet-strikers-36th-match-1351087/live-cricket-score
9,369,bangladesh-premier-league-2022-23-1346160,dhaka-dominators-vs-chattogram-challengers-37th-match-1351088,https://www.espncricinfo.com/series/bangladesh-premier-league-2022-23-1346160/dhaka-dominators-vs-chattogram-challengers-37th-match-1351088/live-cricket-score
9,370,bangladesh-premier-league-2022-23-1346160,comilla-victorians-vs-fortune-barishal-38th-match-1351089,https://www.espncricinfo.com/series/bangladesh-premier-league-2022-23-1346160/comilla-victorians-vs-fortune-barishal-38th-match-1351089/live-cricket-score
9,371,bangladesh-premier-league-2022-23-1346160,khulna-tigers-vs-sylhet-strikers-39th-match-1351090,https://www.espncricinfo.com/series/bangladesh-premier-league-2022-23-1346160/khulna-tigers-vs-sylhet-strikers-39th-match-1351090/live-cricket-score
9,372,bangladesh-premier-league-2022-23-1346160,chattogram-challengers-vs-rangpur-riders-40th-match-1351091,https://www.espncricinfo.com/series/bangladesh-premier-league-2022-23-1346160/chattogram-challengers-vs-rangpur-riders-40th-match-1351091/live-cricket-score
9,373,bangladesh-premier-league-2022-23-1346160,comilla-victorians-vs-rangpur-riders-41st-match-1351092,https://www.espncricinfo.com/series/bangladesh-premier-league-2022-23-1346160/comilla-victorians-vs-rangpur-riders-41st-match-1351092/live-cricket-score
9,374,bangladesh-premier-league-2022-23-1346160,fortune-barishal-vs-khulna-tigers-42nd-match-1351093,https://www.espncricinfo.com/series/bangladesh-premier-league-2022-23-1346160/fortune-barishal-vs-khulna-tigers-42nd-match-1351093/live-cricket-score
9,375,bangladesh-premier-league-2022-23-1346160,rangpur-riders-vs-fortune-barishal-eliminator-1351094,https://www.espncricinfo.com/series/bangladesh-premier-league-2022-23-1346160/rangpur-riders-vs-fortune-barishal-eliminator-1351094/live-cricket-score
9,376,bangladesh-premier-league-2022-23-1346160,sylhet-strikers-vs-comilla-victorians-qualifier-1-1351095,https://www.espncricinfo.com/series/bangladesh-premier-league-2022-23-1346160/sylhet-strikers-vs-comilla-victorians-qualifier-1-1351095/live-cricket-score
9,377,bangladesh-premier-league-2022-23-1346160,rangpur-riders-vs-sylhet-strikers-qualifier-2-1351096,https://www.espncricinfo.com/series/bangladesh-premier-league-2022-23-1346160/rangpur-riders-vs-sylhet-strikers-qualifier-2-1351096/live-cricket-score
9,378,bangladesh-premier-league-2022-23-1346160,comilla-victorians-vs-sylhet-strikers-final-1351097,https://www.espncricinfo.com/series/bangladesh-premier-league-2022-23-1346160/comilla-victorians-vs-sylhet-strikers-final-1351097/live-cricket-score
10,379,bangladesh-premier-league-2023-24-1412272,durdanto-dhaka-vs-comilla-victorians-1st-match-1412274,https://www.espncricinfo.com/series/bangladesh-premier-league-2023-24-1412272/durdanto-dhaka-vs-comilla-victorians-1st-match-1412274/live-cricket-score
10,380,bangladesh-premier-league-2023-24-1412272,chattogram-challengers-vs-sylhet-strikers-2nd-match-1412275,https://www.espncricinfo.com/series/bangladesh-premier-league-2023-24-1412272/chattogram-challengers-vs-sylhet-strikers-2nd-match-1412275/live-cricket-score
10,381,bangladesh-premier-league-2023-24-1412272,fortune-barishal-vs-rangpur-riders-3rd-match-1412276,https://www.espncricinfo.com/series/bangladesh-premier-league-2023-24-1412272/fortune-barishal-vs-rangpur-riders-3rd-match-1412276/live-cricket-score
10,382,bangladesh-premier-league-2023-24-1412272,chattogram-challengers-vs-khulna-tigers-4th-match-1412277,https://www.espncricinfo.com/series/bangladesh-premier-league-2023-24-1412272/chattogram-challengers-vs-khulna-tigers-4th-match-1412277/live-cricket-score
10,383,bangladesh-premier-league-2023-24-1412272,durdanto-dhaka-vs-chattogram-challengers-5th-match-1412278,https://www.espncricinfo.com/series/bangladesh-premier-league-2023-24-1412272/durdanto-dhaka-vs-chattogram-challengers-5th-match-1412278/live-cricket-score
10,384,bangladesh-premier-league-2023-24-1412272,fortune-barishal-vs-khulna-tigers-6th-match-1412279,https://www.espncricinfo.com/series/bangladesh-premier-league-2023-24-1412272/fortune-barishal-vs-khulna-tigers-6th-match-1412279/live-cricket-score
10,385,bangladesh-premier-league-2023-24-1412272,rangpur-riders-vs-sylhet-strikers-7th-match-1412280,https://www.espncricinfo.com/series/bangladesh-premier-league-2023-24-1412272/rangpur-riders-vs-sylhet-strikers-7th-match-1412280/live-cricket-score
10,386,bangladesh-premier-league-2023-24-1412272,comilla-victorians-vs-fortune-barishal-8th-match-1412281,https://www.espncricinfo.com/series/bangladesh-premier-league-2023-24-1412272/comilla-victorians-vs-fortune-barishal-8th-match-1412281/live-cricket-score
10,387,bangladesh-premier-league-2023-24-1412272,khulna-tigers-vs-rangpur-riders-9th-match-1412282,https://www.espncricinfo.com/series/bangladesh-premier-league-2023-24-1412272/khulna-tigers-vs-rangpur-riders-9th-match-1412282/live-cricket-score
10,388,bangladesh-premier-league-2023-24-1412272,sylhet-strikers-vs-comilla-victorians-10th-match-1412283,https://www.espncricinfo.com/series/bangladesh-premier-league-2023-24-1412272/sylhet-strikers-vs-comilla-victorians-10th-match-1412283/live-cricket-score
10,389,bangladesh-premier-league-2023-24-1412272,chattogram-challengers-vs-fortune-barishal-11th-match-1412284,https://www.espncricinfo.com/series/bangladesh-premier-league-2023-24-1412272/chattogram-challengers-vs-fortune-barishal-11th-match-1412284/live-cricket-score
10,390,bangladesh-premier-league-2023-24-1412272,durdanto-dhaka-vs-rangpur-riders-12th-match-1412285,https://www.espncricinfo.com/series/bangladesh-premier-league-2023-24-1412272/durdanto-dhaka-vs-rangpur-riders-12th-match-1412285/live-cricket-score
10,391,bangladesh-premier-league-2023-24-1412272,sylhet-strikers-vs-chattogram-challengers-13th-match-1412286,https://www.espncricinfo.com/series/bangladesh-premier-league-2023-24-1412272/sylhet-strikers-vs-chattogram-challengers-13th-match-1412286/live-cricket-score
10,392,bangladesh-premier-league-2023-24-1412272,durdanto-dhaka-vs-khulna-tigers-14th-match-1412287,https://www.espncricinfo.com/series/bangladesh-premier-league-2023-24-1412272/durdanto-dhaka-vs-khulna-tigers-14th-match-1412287/live-cricket-score
10,393,bangladesh-premier-league-2023-24-1412272,comilla-victorians-vs-rangpur-riders-15th-match-1412288,https://www.espncricinfo.com/series/bangladesh-premier-league-2023-24-1412272/comilla-victorians-vs-rangpur-riders-15th-match-1412288/live-cricket-score
10,394,bangladesh-premier-league-2023-24-1412272,sylhet-strikers-vs-fortune-barishal-16th-match-1412289,https://www.espncricinfo.com/series/bangladesh-premier-league-2023-24-1412272/sylhet-strikers-vs-fortune-barishal-16th-match-1412289/live-cricket-score
10,395,bangladesh-premier-league-2023-24-1412272,sylhet-strikers-vs-durdanto-dhaka-17th-match-1412290,https://www.espncricinfo.com/series/bangladesh-premier-league-2023-24-1412272/sylhet-strikers-vs-durdanto-dhaka-17th-match-1412290/live-cricket-score
10,396,bangladesh-premier-league-2023-24-1412272,chattogram-challengers-vs-comilla-victorians-18th-match-1412291,https://www.espncricinfo.com/series/bangladesh-premier-league-2023-24-1412272/chattogram-challengers-vs-comilla-victorians-18th-match-1412291/live-cricket-score
10,397,bangladesh-premier-league-2023-24-1412272,fortune-barishal-vs-khulna-tigers-19th-match-1412292,https://www.espncricinfo.com/series/bangladesh-premier-league-2023-24-1412272/fortune-barishal-vs-khulna-tigers-19th-match-1412292/live-cricket-score
10,398,bangladesh-premier-league-2023-24-1412272,sylhet-strikers-vs-rangpur-riders-20th-match-1412293,https://www.espncricinfo.com/series/bangladesh-premier-league-2023-24-1412272/sylhet-strikers-vs-rangpur-riders-20th-match-1412293/live-cricket-score
10,399,bangladesh-premier-league-2023-24-1412272,durdanto-dhaka-vs-rangpur-riders-21st-match-1412294,https://www.espncricinfo.com/series/bangladesh-premier-league-2023-24-1412272/durdanto-dhaka-vs-rangpur-riders-21st-match-1412294/live-cricket-score
10,400,bangladesh-premier-league-2023-24-1412272,chattogram-challengers-vs-fortune-barishal-22nd-match-1412295,https://www.espncricinfo.com/series/bangladesh-premier-league-2023-24-1412272/chattogram-challengers-vs-fortune-barishal-22nd-match-1412295/live-cricket-score
10,401,bangladesh-premier-league-2023-24-1412272,comilla-victorians-vs-khulna-tigers-23rd-match-1412296,https://www.espncricinfo.com/series/bangladesh-premier-league-2023-24-1412272/comilla-victorians-vs-khulna-tigers-23rd-match-1412296/live-cricket-score
10,402,bangladesh-premier-league-2023-24-1412272,durdanto-dhaka-vs-sylhet-strikers-24th-match-1412297,https://www.espncricinfo.com/series/bangladesh-premier-league-2023-24-1412272/durdanto-dhaka-vs-sylhet-strikers-24th-match-1412297/live-cricket-score
10,403,bangladesh-premier-league-2023-24-1412272,khulna-tigers-vs-sylhet-strikers-25th-match-1412298,https://www.espncricinfo.com/series/bangladesh-premier-league-2023-24-1412272/khulna-tigers-vs-sylhet-strikers-25th-match-1412298/live-cricket-score
10,404,bangladesh-premier-league-2023-24-1412272,durdanto-dhaka-vs-comilla-victorians-26th-match-1412299,https://www.espncricinfo.com/series/bangladesh-premier-league-2023-24-1412272/durdanto-dhaka-vs-comilla-victorians-26th-match-1412299/live-cricket-score
10,405,bangladesh-premier-league-2023-24-1412272,chattogram-challengers-vs-rangpur-riders-27th-match-1412300,https://www.espncricinfo.com/series/bangladesh-premier-league-2023-24-1412272/chattogram-challengers-vs-rangpur-riders-27th-match-1412300/live-cricket-score
10,406,bangladesh-premier-league-2023-24-1412272,durdanto-dhaka-vs-fortune-barishal-28th-match-1412301,https://www.espncricinfo.com/series/bangladesh-premier-league-2023-24-1412272/durdanto-dhaka-vs-fortune-barishal-28th-match-1412301/live-cricket-score
10,407,bangladesh-premier-league-2023-24-1412272,chattogram-challengers-vs-comilla-victorians-29th-match-1412302,https://www.espncricinfo.com/series/bangladesh-premier-league-2023-24-1412272/chattogram-challengers-vs-comilla-victorians-29th-match-1412302/live-cricket-score
10,408,bangladesh-premier-league-2023-24-1412272,khulna-tigers-vs-rangpur-riders-30th-match-1412303,https://www.espncricinfo.com/series/bangladesh-premier-league-2023-24-1412272/khulna-tigers-vs-rangpur-riders-30th-match-1412303/live-cricket-score
10,409,bangladesh-premier-league-2023-24-1412272,durdanto-dhaka-vs-fortune-barishal-31st-match-1412304,https://www.espncricinfo.com/series/bangladesh-premier-league-2023-24-1412272/durdanto-dhaka-vs-fortune-barishal-31st-match-1412304/live-cricket-score
10,410,bangladesh-premier-league-2023-24-1412272,comilla-victorians-vs-khulna-tigers-32nd-match-1412305,https://www.espncricinfo.com/series/bangladesh-premier-league-2023-24-1412272/comilla-victorians-vs-khulna-tigers-32nd-match-1412305/live-cricket-score
10,411,bangladesh-premier-league-2023-24-1412272,durdanto-dhaka-vs-khulna-tigers-33rd-match-1412306,https://www.espncricinfo.com/series/bangladesh-premier-league-2023-24-1412272/durdanto-dhaka-vs-khulna-tigers-33rd-match-1412306/live-cricket-score
10,412,bangladesh-premier-league-2023-24-1412272,chattogram-challengers-vs-rangpur-riders-34th-match-1412307,https://www.espncricinfo.com/series/bangladesh-premier-league-2023-24-1412272/chattogram-challengers-vs-rangpur-riders-34th-match-1412307/live-cricket-score
10,413,bangladesh-premier-league-2023-24-1412272,fortune-barishal-vs-sylhet-strikers-35th-match-1412308,https://www.espncricinfo.com/series/bangladesh-premier-league-2023-24-1412272/fortune-barishal-vs-sylhet-strikers-35th-match-1412308/live-cricket-score
10,414,bangladesh-premier-league-2023-24-1412272,chattogram-challengers-vs-durdanto-dhaka-36th-match-1412309,https://www.espncricinfo.com/series/bangladesh-premier-league-2023-24-1412272/chattogram-challengers-vs-durdanto-dhaka-36th-match-1412309/live-cricket-score
10,415,bangladesh-premier-league-2023-24-1412272,comilla-victorians-vs-sylhet-strikers-37th-match-1412310,https://www.espncricinfo.com/series/bangladesh-premier-league-2023-24-1412272/comilla-victorians-vs-sylhet-strikers-37th-match-1412310/live-cricket-score
10,416,bangladesh-premier-league-2023-24-1412272,fortune-barishal-vs-rangpur-riders-38th-match-1412311,https://www.espncricinfo.com/series/bangladesh-premier-league-2023-24-1412272/fortune-barishal-vs-rangpur-riders-38th-match-1412311/live-cricket-score
10,417,bangladesh-premier-league-2023-24-1412272,chattogram-challengers-vs-khulna-tigers-39th-match-1412312,https://www.espncricinfo.com/series/bangladesh-premier-league-2023-24-1412272/chattogram-challengers-vs-khulna-tigers-39th-match-1412312/live-cricket-score
10,418,bangladesh-premier-league-2023-24-1412272,comilla-victorians-vs-rangpur-riders-40th-match-1412313,https://www.espncricinfo.com/series/bangladesh-premier-league-2023-24-1412272/comilla-victorians-vs-rangpur-riders-40th-match-1412313/live-cricket-score
10,419,bangladesh-premier-league-2023-24-1412272,comilla-victorians-vs-fortune-barishal-41st-match-1412314,https://www.espncricinfo.com/series/bangladesh-premier-league-2023-24-1412272/comilla-victorians-vs-fortune-barishal-41st-match-1412314/live-cricket-score
10,420,bangladesh-premier-league-2023-24-1412272,khulna-tigers-vs-sylhet-strikers-42nd-match-1412315,https://www.espncricinfo.com/series/bangladesh-premier-league-2023-24-1412272/khulna-tigers-vs-sylhet-strikers-42nd-match-1412315/live-cricket-score
10,421,bangladesh-premier-league-2023-24-1412272,fortune-barishal-vs-chattogram-challengers-eliminator-1412316,https://www.espncricinfo.com/series/bangladesh-premier-league-2023-24-1412272/fortune-barishal-vs-chattogram-challengers-eliminator-1412316/live-cricket-score
10,422,bangladesh-premier-league-2023-24-1412272,rangpur-riders-vs-comilla-victorians-qualifier-1-1412317,https://www.espncricinfo.com/series/bangladesh-premier-league-2023-24-1412272/rangpur-riders-vs-comilla-victorians-qualifier-1-1412317/live-cricket-score
10,423,bangladesh-premier-league-2023-24-1412272,rangpur-riders-vs-fortune-barishal-qualifier-2-1412318,https://www.espncricinfo.com/series/bangladesh-premier-league-2023-24-1412272/rangpur-riders-vs-fortune-barishal-qualifier-2-1412318/live-cricket-score
10,424,bangladesh-premier-league-2023-24-1412272,comilla-victorians-vs-fortune-barishal-final-1412319,https://www.espncricinfo.com/series/bangladesh-premier-league-2023-24-1412272/comilla-victorians-vs-fortune-barishal-final-1412319/live-cricket-score
11,425,bangladesh-premier-league-2024-25-1459492,fortune-barishal-vs-durbar-rajshahi-1st-match-1459537,https://www.espncricinfo.com/series/bangladesh-premier-league-2024-25-1459492/fortune-barishal-vs-durbar-rajshahi-1st-match-1459537/live-cricket-score
11,426,bangladesh-premier-league-2024-25-1459492,dhaka-capital-vs-rangpur-riders-2nd-match-1459538,https://www.espncricinfo.com/series/bangladesh-premier-league-2024-25-1459492/dhaka-capital-vs-rangpur-riders-2nd-match-1459538/live-cricket-score
11,427,bangladesh-premier-league-2024-25-1459492,chittagong-kings-vs-khulna-tigers-3rd-match-1459539,https://www.espncricinfo.com/series/bangladesh-premier-league-2024-25-1459492/chittagong-kings-vs-khulna-tigers-3rd-match-1459539/live-cricket-score
11,428,bangladesh-premier-league-2024-25-1459492,rangpur-riders-vs-sylhet-strikers-4th-match-1459540,https://www.espncricinfo.com/series/bangladesh-premier-league-2024-25-1459492/rangpur-riders-vs-sylhet-strikers-4th-match-1459540/live-cricket-score
11,429,bangladesh-premier-league-2024-25-1459492,dhaka-capital-vs-durbar-rajshahi-5th-match-1459541,https://www.espncricinfo.com/series/bangladesh-premier-league-2024-25-1459492/dhaka-capital-vs-durbar-rajshahi-5th-match-1459541/live-cricket-score
11,430,bangladesh-premier-league-2024-25-1459492,fortune-barishal-vs-rangpur-riders-6th-match-1459542,https://www.espncricinfo.com/series/bangladesh-premier-league-2024-25-1459492/fortune-barishal-vs-rangpur-riders-6th-match-1459542/live-cricket-score
11,431,bangladesh-premier-league-2024-25-1459492,chittagong-kings-vs-durbar-rajshahi-7th-match-1459543,https://www.espncricinfo.com/series/bangladesh-premier-league-2024-25-1459492/chittagong-kings-vs-durbar-rajshahi-7th-match-1459543/live-cricket-score
11,432,bangladesh-premier-league-2024-25-1459492,dhaka-capital-vs-khulna-tigers-8th-match-1459544,https://www.espncricinfo.com/series/bangladesh-premier-league-2024-25-1459492/dhaka-capital-vs-khulna-tigers-8th-match-1459544/live-cricket-score
11,433,bangladesh-premier-league-2024-25-1459492,sylhet-strikers-vs-rangpur-riders-9th-match-1459545,https://www.espncricinfo.com/series/bangladesh-premier-league-2024-25-1459492/sylhet-strikers-vs-rangpur-riders-9th-match-1459545/live-cricket-score
11,434,bangladesh-premier-league-2024-25-1459492,durbar-rajshahi-vs-fortune-barishal-10th-match-1459546,https://www.espncricinfo.com/series/bangladesh-premier-league-2024-25-1459492/durbar-rajshahi-vs-fortune-barishal-10th-match-1459546/live-cricket-score
11,435,bangladesh-premier-league-2024-25-1459492,dhaka-capital-vs-rangpur-riders-11th-match-1459547,https://www.espncricinfo.com/series/bangladesh-premier-league-2024-25-1459492/dhaka-capital-vs-rangpur-riders-11th-match-1459547/live-cricket-score
11,436,bangladesh-premier-league-2024-25-1459492,sylhet-strikers-vs-fortune-barishal-12th-match-1459548,https://www.espncricinfo.com/series/bangladesh-premier-league-2024-25-1459492/sylhet-strikers-vs-fortune-barishal-12th-match-1459548/live-cricket-score
11,437,bangladesh-premier-league-2024-25-1459492,fortune-barishal-vs-rangpur-riders-13th-match-1459549,https://www.espncricinfo.com/series/bangladesh-premier-league-2024-25-1459492/fortune-barishal-vs-rangpur-riders-13th-match-1459549/live-cricket-score
11,438,bangladesh-premier-league-2024-25-1459492,chittagong-kings-vs-dhaka-capital-14th-match-1459550,https://www.espncricinfo.com/series/bangladesh-premier-league-2024-25-1459492/chittagong-kings-vs-dhaka-capital-14th-match-1459550/live-cricket-score
11,439,bangladesh-premier-league-2024-25-1459492,durbar-rajshahi-vs-khulna-tigers-15th-match-1459551,https://www.espncricinfo.com/series/bangladesh-premier-league-2024-25-1459492/durbar-rajshahi-vs-khulna-tigers-15th-match-1459551/live-cricket-score
11,440,bangladesh-premier-league-2024-25-1459492,sylhet-strikers-vs-dhaka-capital-16th-match-1459552,https://www.espncricinfo.com/series/bangladesh-premier-league-2024-25-1459492/sylhet-strikers-vs-dhaka-capital-16th-match-1459552/live-cricket-score
11,441,bangladesh-premier-league-2024-25-1459492,sylhet-strikers-vs-khulna-tigers-17th-match-1459553,https://www.espncricinfo.com/series/bangladesh-premier-league-2024-25-1459492/sylhet-strikers-vs-khulna-tigers-17th-match-1459553/live-cricket-score
11,442,bangladesh-premier-league-2024-25-1459492,dhaka-capital-vs-durbar-rajshahi-18th-match-1459554,https://www.espncricinfo.com/series/bangladesh-premier-league-2024-25-1459492/dhaka-capital-vs-durbar-rajshahi-18th-match-1459554/live-cricket-score
11,443,bangladesh-premier-league-2024-25-1459492,sylhet-strikers-vs-chittagong-kings-19th-match-1459555,https://www.espncricinfo.com/series/bangladesh-premier-league-2024-25-1459492/sylhet-strikers-vs-chittagong-kings-19th-match-1459555/live-cricket-score
11,444,bangladesh-premier-league-2024-25-1459492,khulna-tigers-vs-rangpur-riders-20th-match-1459556,https://www.espncricinfo.com/series/bangladesh-premier-league-2024-25-1459492/khulna-tigers-vs-rangpur-riders-20th-match-1459556/live-cricket-score
11,445,bangladesh-premier-league-2024-25-1459492,dhaka-capital-vs-fortune-barishal-21st-match-1459557,https://www.espncricinfo.com/series/bangladesh-premier-league-2024-25-1459492/dhaka-capital-vs-fortune-barishal-21st-match-1459557/live-cricket-score
11,446,bangladesh-premier-league-2024-25-1459492,chittagong-kings-vs-khulna-tigers-22nd-match-1459558,https://www.espncricinfo.com/series/bangladesh-premier-league-2024-25-1459492/chittagong-kings-vs-khulna-tigers-22nd-match-1459558/live-cricket-score
11,447,bangladesh-premier-league-2024-25-1459492,durbar-rajshahi-vs-sylhet-strikers-23rd-match-1459559,https://www.espncricinfo.com/series/bangladesh-premier-league-2024-25-1459492/durbar-rajshahi-vs-sylhet-strikers-23rd-match-1459559/live-cricket-score
11,448,bangladesh-premier-league-2024-25-1459492,chittagong-kings-vs-rangpur-riders-24th-match-1459560,https://www.espncricinfo.com/series/bangladesh-premier-league-2024-25-1459492/chittagong-kings-vs-rangpur-riders-24th-match-1459560/live-cricket-score
11,449,bangladesh-premier-league-2024-25-1459492,chittagong-kings-vs-fortune-barishal-25th-match-1459561,https://www.espncricinfo.com/series/bangladesh-premier-league-2024-25-1459492/chittagong-kings-vs-fortune-barishal-25th-match-1459561/live-cricket-score
11,450,bangladesh-premier-league-2024-25-1459492,durbar-rajshahi-vs-khulna-tigers-26th-match-1459562,https://www.espncricinfo.com/series/bangladesh-premier-league-2024-25-1459492/durbar-rajshahi-vs-khulna-tigers-26th-match-1459562/live-cricket-score
11,451,bangladesh-premier-league-2024-25-1459492,dhaka-capital-vs-sylhet-strikers-27th-match-1459563,https://www.espncricinfo.com/series/bangladesh-premier-league-2024-25-1459492/dhaka-capital-vs-sylhet-strikers-27th-match-1459563/live-cricket-score
11,452,bangladesh-premier-league-2024-25-1459492,chittagong-kings-vs-durbar-rajshahi-28th-match-1459564,https://www.espncricinfo.com/series/bangladesh-premier-league-2024-25-1459492/chittagong-kings-vs-durbar-rajshahi-28th-match-1459564/live-cricket-score
11,453,bangladesh-premier-league-2024-25-1459492,chittagong-kings-vs-dhaka-capital-29th-match-1459565,https://www.espncricinfo.com/series/bangladesh-premier-league-2024-25-1459492/chittagong-kings-vs-dhaka-capital-29th-match-1459565/live-cricket-score
11,454,bangladesh-premier-league-2024-25-1459492,fortune-barishal-vs-khulna-tigers-30th-match-1459566,https://www.espncricinfo.com/series/bangladesh-premier-league-2024-25-1459492/fortune-barishal-vs-khulna-tigers-30th-match-1459566/live-cricket-score
11,455,bangladesh-premier-league-2024-25-1459492,durbar-rajshahi-vs-rangpur-riders-31st-match-1459567,https://www.espncricinfo.com/series/bangladesh-premier-league-2024-25-1459492/durbar-rajshahi-vs-rangpur-riders-31st-match-1459567/live-cricket-score
11,456,bangladesh-premier-league-2024-25-1459492,khulna-tigers-vs-sylhet-strikers-32nd-match-1459568,https://www.espncricinfo.com/series/bangladesh-premier-league-2024-25-1459492/khulna-tigers-vs-sylhet-strikers-32nd-match-1459568/live-cricket-score
11,457,bangladesh-premier-league-2024-25-1459492,fortune-barishal-vs-sylhet-strikers-33rd-match-1459569,https://www.espncricinfo.com/series/bangladesh-premier-league-2024-25-1459492/fortune-barishal-vs-sylhet-strikers-33rd-match-1459569/live-cricket-score
11,458,bangladesh-premier-league-2024-25-1459492,durbar-rajshahi-vs-rangpur-riders-34th-match-1459570,https://www.espncricinfo.com/series/bangladesh-premier-league-2024-25-1459492/durbar-rajshahi-vs-rangpur-riders-34th-match-1459570/live-cricket-score
11,459,bangladesh-premier-league-2024-25-1459492,fortune-barishal-vs-khulna-tigers-35th-match-1459571,https://www.espncricinfo.com/series/bangladesh-premier-league-2024-25-1459492/fortune-barishal-vs-khulna-tigers-35th-match-1459571/live-cricket-score
11,460,bangladesh-premier-league-2024-25-1459492,durbar-rajshahi-vs-sylhet-strikers-36th-match-1459572,https://www.espncricinfo.com/series/bangladesh-premier-league-2024-25-1459492/durbar-rajshahi-vs-sylhet-strikers-36th-match-1459572/live-cricket-score
11,461,bangladesh-premier-league-2024-25-1459492,chittagong-kings-vs-rangpur-riders-37th-match-1459573,https://www.espncricinfo.com/series/bangladesh-premier-league-2024-25-1459492/chittagong-kings-vs-rangpur-riders-37th-match-1459573/live-cricket-score
11,462,bangladesh-premier-league-2024-25-1459492,dhaka-capital-vs-fortune-barishal-38th-match-1459574,https://www.espncricinfo.com/series/bangladesh-premier-league-2024-25-1459492/dhaka-capital-vs-fortune-barishal-38th-match-1459574/live-cricket-score
11,463,bangladesh-premier-league-2024-25-1459492,khulna-tigers-vs-rangpur-riders-39th-match-1459575,https://www.espncricinfo.com/series/bangladesh-premier-league-2024-25-1459492/khulna-tigers-vs-rangpur-riders-39th-match-1459575/live-cricket-score
11,464,bangladesh-premier-league-2024-25-1459492,chittagong-kings-vs-sylhet-strikers-40th-match-1459576,https://www.espncricinfo.com/series/bangladesh-premier-league-2024-25-1459492/chittagong-kings-vs-sylhet-strikers-40th-match-1459576/live-cricket-score
11,465,bangladesh-premier-league-2024-25-1459492,dhaka-capital-vs-khulna-tigers-41st-match-1459577,https://www.espncricinfo.com/series/bangladesh-premier-league-2024-25-1459492/dhaka-capital-vs-khulna-tigers-41st-match-1459577/live-cricket-score
11,466,bangladesh-premier-league-2024-25-1459492,chittagong-kings-vs-fortune-barishal-42nd-match-1459578,https://www.espncricinfo.com/series/bangladesh-premier-league-2024-25-1459492/chittagong-kings-vs-fortune-barishal-42nd-match-1459578/live-cricket-score
11,467,bangladesh-premier-league-2024-25-1459492,khulna-tigers-vs-rangpur-riders-eliminator-1459579,https://www.espncricinfo.com/series/bangladesh-premier-league-2024-25-1459492/khulna-tigers-vs-rangpur-riders-eliminator-1459579/live-cricket-score
11,468,bangladesh-premier-league-2024-25-1459492,chittagong-kings-vs-fortune-barishal-qualifier-1-1459580,https://www.espncricinfo.com/series/bangladesh-premier-league-2024-25-1459492/chittagong-kings-vs-fortune-barishal-qualifier-1-1459580/live-cricket-score
11,469,bangladesh-premier-league-2024-25-1459492,chittagong-kings-vs-khulna-tigers-qualifier-2-1459581,https://www.espncricinfo.com/series/bangladesh-premier-league-2024-25-1459492/chittagong-kings-vs-khulna-tigers-qualifier-2-1459581/live-cricket-score
11,470,bangladesh-premier-league-2024-25-1459492,chittagong-kings-vs-fortune-barishal-final-1459582,https://www.espncricinfo.com/series/bangladesh-premier-league-2024-25-1459492/chittagong-kings-vs-fortune-barishal-final-1459582/live-cricket-score
12,471,bangladesh-premier-league-2025-26-1516530,sylhet-titans-vs-rajshahi-warriors-1st-match-1516537,https://www.espncricinfo.com/series/bangladesh-premier-league-2025-26-1516530/sylhet-titans-vs-rajshahi-warriors-1st-match-1516537/live-cricket-score
12,472,bangladesh-premier-league-2025-26-1516530,chattogram-royals-vs-noakhali-express-2nd-match-1516538,https://www.espncricinfo.com/series/bangladesh-premier-league-2025-26-1516530/chattogram-royals-vs-noakhali-express-2nd-match-1516538/live-cricket-score
12,473,bangladesh-premier-league-2025-26-1516530,dhaka-capitals-vs-rajshahi-warriors-3rd-match-1516539,https://www.espncricinfo.com/series/bangladesh-premier-league-2025-26-1516530/dhaka-capitals-vs-rajshahi-warriors-3rd-match-1516539/live-cricket-score
12,474,bangladesh-premier-league-2025-26-1516530,sylhet-titans-vs-noakhali-express-4th-match-1516540,https://www.espncricinfo.com/series/bangladesh-premier-league-2025-26-1516530/sylhet-titans-vs-noakhali-express-4th-match-1516540/live-cricket-score
12,475,bangladesh-premier-league-2025-26-1516530,chattogram-royals-vs-rangpur-riders-5th-match-1516541,https://www.espncricinfo.com/series/bangladesh-premier-league-2025-26-1516530/chattogram-royals-vs-rangpur-riders-5th-match-1516541/live-cricket-score
12,476,bangladesh-premier-league-2025-26-1516530,noakhali-express-vs-rajshahi-warriors-6th-match-1516542,https://www.espncricinfo.com/series/bangladesh-premier-league-2025-26-1516530/noakhali-express-vs-rajshahi-warriors-6th-match-1516542/live-cricket-score
12,477,bangladesh-premier-league-2025-26-1516530,sylhet-titans-vs-dhaka-capitals-7th-match-1516545,https://www.espncricinfo.com/series/bangladesh-premier-league-2025-26-1516530/sylhet-titans-vs-dhaka-capitals-7th-match-1516545/live-cricket-score
12,478,bangladesh-premier-league-2025-26-1516530,rajshahi-warriors-vs-rangpur-riders-8th-match-1516546,https://www.espncricinfo.com/series/bangladesh-premier-league-2025-26-1516530/rajshahi-warriors-vs-rangpur-riders-8th-match-1516546/live-cricket-score
12,479,bangladesh-premier-league-2025-26-1516530,chattogram-royals-vs-dhaka-capitals-9th-match-1516547,https://www.espncricinfo.com/series/bangladesh-premier-league-2025-26-1516530/chattogram-royals-vs-dhaka-capitals-9th-match-1516547/live-cricket-score
12,480,bangladesh-premier-league-2025-26-1516530,sylhet-titans-vs-rangpur-riders-10th-match-1516548,https://www.espncricinfo.com/series/bangladesh-premier-league-2025-26-1516530/sylhet-titans-vs-rangpur-riders-10th-match-1516548/live-cricket-score
12,481,bangladesh-premier-league-2025-26-1516530,sylhet-titans-vs-chattogram-royals-11th-match-1516543,https://www.espncricinfo.com/series/bangladesh-premier-league-2025-26-1516530/sylhet-titans-vs-chattogram-royals-11th-match-1516543/live-cricket-score
12,482,bangladesh-premier-league-2025-26-1516530,dhaka-capitals-vs-rangpur-riders-12th-match-1516544,https://www.espncricinfo.com/series/bangladesh-premier-league-2025-26-1516530/dhaka-capitals-vs-rangpur-riders-12th-match-1516544/live-cricket-score
12,483,bangladesh-premier-league-2025-26-1516530,sylhet-titans-vs-noakhali-express-13th-match-1516549,https://www.espncricinfo.com/series/bangladesh-premier-league-2025-26-1516530/sylhet-titans-vs-noakhali-express-13th-match-1516549/live-cricket-score
12,484,bangladesh-premier-league-2025-26-1516530,chattogram-royals-vs-rangpur-riders-14th-match-1516550,https://www.espncricinfo.com/series/bangladesh-premier-league-2025-26-1516530/chattogram-royals-vs-rangpur-riders-14th-match-1516550/live-cricket-score
12,485,bangladesh-premier-league-2025-26-1516530,dhaka-capitals-vs-noakhali-express-15th-match-1516551,https://www.espncricinfo.com/series/bangladesh-premier-league-2025-26-1516530/dhaka-capitals-vs-noakhali-express-15th-match-1516551/live-cricket-score
12,486,bangladesh-premier-league-2025-26-1516530,sylhet-titans-vs-chattogram-royals-16th-match-1516552,https://www.espncricinfo.com/series/bangladesh-premier-league-2025-26-1516530/sylhet-titans-vs-chattogram-royals-16th-match-1516552/live-cricket-score
12,487,bangladesh-premier-league-2025-26-1516530,noakhali-express-vs-rajshahi-warriors-17th-match-1516553,https://www.espncricinfo.com/series/bangladesh-premier-league-2025-26-1516530/noakhali-express-vs-rajshahi-warriors-17th-match-1516553/live-cricket-score
12,488,bangladesh-premier-league-2025-26-1516530,sylhet-titans-vs-dhaka-capitals-18th-match-1516554,https://www.espncricinfo.com/series/bangladesh-premier-league-2025-26-1516530/sylhet-titans-vs-dhaka-capitals-18th-match-1516554/live-cricket-score
12,489,bangladesh-premier-league-2025-26-1516530,chattogram-royals-vs-rajshahi-warriors-19th-match-1516555,https://www.espncricinfo.com/series/bangladesh-premier-league-2025-26-1516530/chattogram-royals-vs-rajshahi-warriors-19th-match-1516555/live-cricket-score
12,490,bangladesh-premier-league-2025-26-1516530,noakhali-express-vs-rangpur-riders-20th-match-1516556,https://www.espncricinfo.com/series/bangladesh-premier-league-2025-26-1516530/noakhali-express-vs-rangpur-riders-20th-match-1516556/live-cricket-score
12,491,bangladesh-premier-league-2025-26-1516530,rajshahi-warriors-vs-rangpur-riders-21st-match-1516557,https://www.espncricinfo.com/series/bangladesh-premier-league-2025-26-1516530/rajshahi-warriors-vs-rangpur-riders-21st-match-1516557/live-cricket-score
12,492,bangladesh-premier-league-2025-26-1516530,dhaka-capitals-vs-noakhali-express-22nd-match-1516558,https://www.espncricinfo.com/series/bangladesh-premier-league-2025-26-1516530/dhaka-capitals-vs-noakhali-express-22nd-match-1516558/live-cricket-score
12,493,bangladesh-premier-league-2025-26-1516530,sylhet-titans-vs-rangpur-riders-23rd-match-1516559,https://www.espncricinfo.com/series/bangladesh-premier-league-2025-26-1516530/sylhet-titans-vs-rangpur-riders-23rd-match-1516559/live-cricket-score
12,494,bangladesh-premier-league-2025-26-1516530,dhaka-capitals-vs-rajshahi-warriors-24th-match-1516560,https://www.espncricinfo.com/series/bangladesh-premier-league-2025-26-1516530/dhaka-capitals-vs-rajshahi-warriors-24th-match-1516560/live-cricket-score
12,495,bangladesh-premier-league-2025-26-1516530,chattogram-royals-vs-noakhali-express-25th-match-1516561,https://www.espncricinfo.com/series/bangladesh-premier-league-2025-26-1516530/chattogram-royals-vs-noakhali-express-25th-match-1516561/live-cricket-score
12,496,bangladesh-premier-league-2025-26-1516530,rajshahi-warriors-vs-sylhet-titans-26th-match-1516562,https://www.espncricinfo.com/series/bangladesh-premier-league-2025-26-1516530/rajshahi-warriors-vs-sylhet-titans-26th-match-1516562/live-cricket-score
12,497,bangladesh-premier-league-2025-26-1516530,dhaka-capitals-vs-rangpur-riders-27th-match-1516563,https://www.espncricinfo.com/series/bangladesh-premier-league-2025-26-1516530/dhaka-capitals-vs-rangpur-riders-27th-match-1516563/live-cricket-score
12,498,bangladesh-premier-league-2025-26-1516530,chattogram-royals-vs-rajshahi-warriors-28th-match-1516564,https://www.espncricinfo.com/series/bangladesh-premier-league-2025-26-1516530/chattogram-royals-vs-rajshahi-warriors-28th-match-1516564/live-cricket-score
12,499,bangladesh-premier-league-2025-26-1516530,noakhali-express-vs-rangpur-riders-29th-match-1516565,https://www.espncricinfo.com/series/bangladesh-premier-league-2025-26-1516530/noakhali-express-vs-rangpur-riders-29th-match-1516565/live-cricket-score
12,500,bangladesh-premier-league-2025-26-1516530,dhaka-capitals-vs-chattogram-royals-30th-match-1516566,https://www.espncricinfo.com/series/bangladesh-premier-league-2025-26-1516530/dhaka-capitals-vs-chattogram-royals-30th-match-1516566/live-cricket-score
12,501,bangladesh-premier-league-2025-26-1516530,rangpur-riders-vs-sylhet-titans-eliminator-1516567,https://www.espncricinfo.com/series/bangladesh-premier-league-2025-26-1516530/rangpur-riders-vs-sylhet-titans-eliminator-1516567/live-cricket-score
12,502,bangladesh-premier-league-2025-26-1516530,chattogram-royals-vs-rajshahi-warriors-qualifier-1-1516568,https://www.espncricinfo.com/series/bangladesh-premier-league-2025-26-1516530/chattogram-royals-vs-rajshahi-warriors-qualifier-1-1516568/live-cricket-score
12,503,bangladesh-premier-league-2025-26-1516530,rajshahi-warriors-vs-sylhet-titans-qualifier-2-1516569,https://www.espncricinfo.com/series/bangladesh-premier-league-2025-26-1516530/rajshahi-warriors-vs-sylhet-titans-qualifier-2-1516569/live-cricket-score
12,504,bangladesh-premier-league-2025-26-1516530,chattogram-royals-vs-rajshahi-warriors-final-1516570,https://www.espncricinfo.com/series/bangladesh-premier-league-2025-26-1516530/chattogram-royals-vs-rajshahi-warriors-final-1516570/live-cricket-score
